rec_id,scope,dept_id,year,step,block,ord,deleted,status,data,files,updated_at,updated_by
USD-S0001,TU2009-0000102,D03,2026,staff,people,1,,보완필요,"{""rank"": ""팀장"", ""date"": ""2026-01-02"", ""name"": ""서다혜"", ""dept"": ""안전총괄과"", ""note"": ""점검팀장(겸임)""}",{},2026-09-24,
USD-S0002,TU2009-0000102,D03,2026,staff,people,2,,이행완료,"{""rank"": ""주무관"", ""date"": ""2026-01-02"", ""name"": ""정민준"", ""dept"": ""도로과(교량·터널)"", ""note"": ""정담당""}","{""ev"": [{""name"": ""기흥터널 안전 및 유지관리 인력현황표.xlsx"", ""url"": """", ""at"": ""2026-01-01T00:00:00""}]}",2026-09-24,
USD-S0003,TU2009-0000102,D03,2026,staff,people,3,,보완필요,"{""rank"": ""주무관"", ""date"": ""2026-01-02"", ""name"": ""강준호"", ""dept"": ""도로과(교량·터널)"", ""note"": ""부담당""}",{},2026-09-24,
USD-S0004,TU2009-0000102,D03,2026,staff,org,4,,이행완료,"{""date"": ""2026-01-02"", ""note"": ""긴급상황 발생 시 조치체계도 포함""}","{""ev"": [{""name"": ""기흥터널 안전 및 유지관리 조직도.PDF"", ""url"": """", ""at"": ""2026-01-01T00:00:00""}]}",2026-09-24,
USD-S0005,TU2009-0000102,D03,2026,budget,budget,5,,이행완료,"{""item"": ""안전점검비"", ""plan"": ""18000"", ""date"": ""2026-04-10"", ""desc"": ""정기안전점검 용역(상반기)"", ""exec"": ""8500"", ""note"": """"}","{""ev"": [{""name"": ""정기안전점검_용역_지출결의서.pdf"", ""url"": """", ""at"": ""2026-01-01T00:00:00""}]}",2026-09-24,
USD-S0006,TU2009-0000102,D03,2026,budget,budget,6,,이행완료,"{""item"": ""보수보강비"", ""plan"": ""42000"", ""date"": ""2026-06-20"", ""desc"": ""터널 라이닝 균열 보수"", ""exec"": ""27300"", ""note"": """"}","{""ev"": [{""name"": ""라이닝_균열보수_준공검사조서.pdf"", ""url"": """", ""at"": ""2026-01-01T00:00:00""}]}",2026-09-24,
USD-S0007,TU2009-0000102,D03,2026,budget,budget,7,,이행완료,"{""item"": ""안전조치비"", ""plan"": ""6000"", ""date"": ""2026-07-05"", ""desc"": ""비상주차대 소화기 교체"", ""exec"": ""300"", ""note"": """"}","{""ev"": [{""name"": ""소화기_교체_지출결의서.pdf"", ""url"": """", ""at"": ""2026-01-01T00:00:00""}]}",2026-09-24,
USD-S0008,TU2009-0000102,D03,2026,budget,budget,8,,보완필요,"{""item"": ""교육·훈련비"", ""plan"": ""2000"", ""date"": ""2026-05-14"", ""desc"": ""터널 화재 대피훈련 물품 구입"", ""exec"": ""900"", ""note"": """"}",{},2026-09-24,
USD-S0009,TU2009-0000102,D03,2026,budget,budget,9,,보완필요,"{""item"": ""기타"", ""plan"": ""1000"", ""date"": """", ""desc"": """", ""exec"": ""0"", ""note"": """"}",{},2026-09-24,
USD-S0010,TU2009-0000102,D03,2026,inspect,fsam,10,,이행완료,"{""kind"": ""정기안전점검"", ""name"": ""2026년 상반기 정기안전점검"", ""date"": ""2026-04-10"", ""found"": ""3"", ""done"": ""2"", ""short"": ""1"", ""long"": ""0"", ""note"": """"}","{""ev"": [{""name"": ""기흥터널_정기안전점검_결과보고서.pdf"", ""url"": """", ""at"": ""2026-01-01T00:00:00""}]}",2026-09-24,
USD-S0011,TU2009-0000102,D03,2026,inspect,fsam,11,,이행완료,"{""kind"": ""정밀안전점검"", ""name"": ""2025년 정밀안전점검"", ""date"": ""2025-10-20"", ""found"": ""5"", ""done"": ""4"", ""short"": ""0"", ""long"": ""1"", ""note"": ""장기 1건은 2026년 보수 예산 반영""}","{""ev"": [{""name"": ""기흥터널_정밀안전점검_결과보고서.pdf"", ""url"": """", ""at"": ""2026-01-01T00:00:00""}]}",2026-09-24,
USD-S0012,TU2009-0000102,D03,2026,inspect,other,12,,이행완료,"{""kind"": ""소방시설 작동점검"", ""ok"": ""Y"", ""name"": ""터널 소방시설 작동점검(소방시설 설치 및 관리에 관한 법률)"", ""date"": ""2026-03-18"", ""found"": ""2"", ""done"": ""2"", ""short"": ""0"", ""long"": ""0"", ""note"": """"}","{""ev"": [{""name"": ""터널_소방시설_작동점검표.pdf"", ""url"": """", ""at"": ""2026-01-01T00:00:00""}]}",2026-09-24,
USD-S0013,TU2009-0000102,D03,2026,inspect,other,13,,보완필요,"{""kind"": ""전기설비 정기검사"", ""ok"": """", ""name"": ""터널 조명·환기 전기설비 정기검사(전기안전관리법)"", ""date"": ""2026-05-22"", ""found"": ""1"", ""done"": ""0"", ""short"": ""1"", ""long"": ""0"", ""note"": ""환기팬 제어반 접지 보완 중""}",{},2026-09-24,
USD-S0014,TU2009-0000102,D03,2026,plan,plan,14,,이행완료,"{""item"": ""정기안전점검 반기 1회 실시"", ""date"": ""2026-04-10"", ""text"": ""상반기 정기안전점검 완료(지적 3건 중 2건 조치)"", ""note"": """"}","{""ev"": [{""name"": ""기흥터널_정기안전점검_결과보고서.pdf"", ""url"": """", ""at"": ""2026-01-01T00:00:00""}]}",2026-09-24,
USD-S0015,TU2009-0000102,D03,2026,plan,plan,15,,보완필요,"{""item"": ""터널 방재설비(소화설비·비상조명) 월간 점검"", ""date"": ""2026-06-30"", ""text"": ""1~6월 월간 점검 완료"", ""note"": """"}",{},2026-09-24,
USD-S0016,TU2009-0000102,D03,2026,proc,hazard,16,,이행완료,"{""hz"": ""비상주차대 소화기 2개 압력 미달"", ""check"": ""기흥터널 비상주차대 — 직원 발견"", ""cdate"": ""2026-07-02"", ""act"": ""소화기 교체"", ""adate"": ""2026-07-05"", ""note"": ""HZR-0016""}","{""ev"": [{""name"": ""비상주차대_소화기_교체_사진.png"", ""url"": """", ""at"": ""2026-01-01T00:00:00""}]}",2026-09-24,
USD-S0017,TU2009-0000102,D03,2026,proc,drill,17,,이행완료,"{""name"": ""터널 화재 대피훈련"", ""date"": ""2026-05-14"", ""text"": ""도로과 자체 훈련 — 차량 운전자 대피 유도·비상방송"", ""note"": """"}","{""ev"": [{""name"": ""터널_화재_대피훈련_결과서.pdf"", ""url"": """", ""at"": ""2026-01-01T00:00:00""}]}",2026-09-24,
USD-S0018,TU2009-0000102,D03,2026,proc,flow1,18,,이행완료,"{""mode"": ""pdf"", ""date"": ""2026-01-15""}","{""pdf"": [{""name"": ""유해위험요인_신고_개선_절차도.pdf"", ""url"": """", ""at"": ""2026-01-01T00:00:00""}]}",2026-09-24,
USD-S0019,TU2009-0000102,D03,2026,proc,flow2,19,,이행완료,"{""mode"": ""pdf"", ""date"": ""2026-01-15""}","{""pdf"": [{""name"": ""중대시민재해_대응조치_절차도.pdf"", ""url"": """", ""at"": ""2026-01-01T00:00:00""}]}",2026-09-24,
USD-S0020,TU2009-0000102,D03,2026,recur,na,20,,해당없음,"{""na"": ""Y""}",{},2026-09-24,
USD-S0021,TU2009-0000102,D03,2026,order,order,21,,이행완료,"{""item"": ""정밀안전점검 지적사항(라이닝 균열) 보수"", ""org"": ""경기도"", ""date"": ""2026-02-10"", ""text"": ""균열 보수 완료 및 결과 보고"", ""from"": ""2026-02-15"", ""to"": ""2026-06-20"", ""note"": """"}","{""ev"": [{""name"": ""개선시정_이행결과_보고.pdf"", ""url"": """", ""at"": ""2026-01-01T00:00:00""}]}",2026-09-24,
USD-S0022,TU2009-0000102,D03,2026,law,lawA,22,,이행완료,"{""duty_key"": ""DTY-00456"", ""date"": ""2026-04-10"", ""note"": ""상반기 정기안전점검""}","{""ev"": [{""name"": ""기흥터널_정기안전점검_결과보고서.pdf"", ""url"": """", ""at"": ""2026-01-01T00:00:00""}]}",2026-09-24,
USD-S0023,TU2009-0000102,D03,2026,law,lawA,23,,보완필요,"{""duty_key"": ""DTY-00459"", ""date"": ""2026-04-30"", ""note"": ""점검 결과 보고""}",{},2026-09-24,
USD-S0024,TU2009-0000102,D03,2026,law,lawB,24,,이행완료,"{""duty_key"": ""DTY-01652"", ""date"": ""2026-06-12"", ""note"": ""도로과 관계법령 교육""}","{""ev"": [{""name"": ""관계법령_교육_이수증.pdf"", ""url"": """", ""at"": ""2026-01-01T00:00:00""}]}",2026-09-24,
USD-S0025,WS2003-0000053,D04,2026,staff,people,25,,보완필요,"{""rank"": ""팀장"", ""date"": ""2026-01-02"", ""name"": ""권성민"", ""dept"": ""안전총괄과"", ""note"": ""점검팀장(겸임)""}",{},2026-09-24,
USD-S0026,WS2003-0000053,D04,2026,staff,people,26,,이행완료,"{""rank"": ""주무관"", ""date"": ""2026-01-02"", ""name"": ""조우진"", ""dept"": ""상수도사업소"", ""note"": ""정담당""}","{""ev"": [{""name"": ""지방상수도 안전 및 유지관리 인력현황표.xlsx"", ""url"": """", ""at"": ""2026-01-01T00:00:00""}]}",2026-09-24,
USD-S0027,WS2003-0000053,D04,2026,staff,people,27,,보완필요,"{""rank"": ""주무관"", ""date"": ""2026-01-02"", ""name"": ""윤재석"", ""dept"": ""상수도사업소"", ""note"": ""부담당""}",{},2026-09-24,
USD-S0028,WS2003-0000053,D04,2026,staff,org,28,,이행완료,"{""date"": ""2026-01-02"", ""note"": """"}","{""ev"": [{""name"": ""용인시 지방상수도 안전 및 유지관리 조직도.PDF"", ""url"": """", ""at"": ""2026-01-01T00:00:00""}]}",2026-09-24,
USD-S0029,WS2003-0000053,D04,2026,budget,budget,29,,보완필요,"{""item"": ""안전점검비"", ""plan"": ""24000"", ""date"": ""2026-05-08"", ""desc"": ""정수장 정기안전점검 용역"", ""exec"": ""11000"", ""note"": """"}",{},2026-09-24,
USD-S0030,WS2003-0000053,D04,2026,budget,budget,30,,보완필요,"{""item"": ""보수보강비"", ""plan"": ""65000"", ""date"": ""2026-08-01"", ""desc"": ""정수지 방수·배관 보수"", ""exec"": ""31000"", ""note"": """"}",{},2026-09-24,
USD-S0031,WS2003-0000053,D04,2026,budget,budget,31,,보완필요,"{""item"": ""안전조치비"", ""plan"": ""8000"", ""date"": """", ""desc"": """", ""exec"": ""0"", ""note"": """"}",{},2026-09-24,
USD-S0032,WS2003-0000053,D04,2026,budget,budget,32,,보완필요,"{""item"": ""교육·훈련비"", ""plan"": ""3000"", ""date"": ""2026-05-20"", ""desc"": ""수도시설 관리 교육"", ""exec"": ""1200"", ""note"": """"}",{},2026-09-24,
USD-S0033,WS2003-0000053,D04,2026,budget,budget,33,,보완필요,"{""item"": ""기타"", ""plan"": ""0"", ""date"": """", ""desc"": """", ""exec"": ""0"", ""note"": """"}",{},2026-09-24,
USD-S0034,WS2003-0000053,D04,2026,inspect,fsam,34,,이행완료,"{""kind"": ""정기안전점검"", ""name"": ""2026년 상반기 정기안전점검"", ""date"": ""2026-05-08"", ""found"": ""2"", ""done"": ""2"", ""short"": ""0"", ""long"": ""0"", ""note"": """"}","{""ev"": [{""name"": ""지방상수도_정기안전점검_결과보고서.pdf"", ""url"": """", ""at"": ""2026-01-01T00:00:00""}]}",2026-09-24,
USD-S0035,WS2003-0000053,D04,2026,inspect,other,35,,보완필요,"{""kind"": ""수질검사"", ""ok"": ""Y"", ""name"": ""정수 수질검사(수도법)"", ""date"": ""2026-06-05"", ""found"": ""0"", ""done"": ""0"", ""short"": ""0"", ""long"": ""0"", ""note"": ""매월""}",{},2026-09-24,
USD-S0036,WS2003-0000053,D04,2026,plan,plan,36,,보완필요,"{""item"": ""정수시설 운영관리 점검"", ""date"": ""2026-06-30"", ""text"": ""상반기 운영관리 점검 완료"", ""note"": """"}",{},2026-09-24,
USD-S0037,WS2003-0000053,D04,2026,proc,flow1,37,,보완필요,"{""mode"": ""date"", ""date"": ""2026-01-20""}",{},2026-09-24,
USD-S0038,WS2003-0000053,D04,2026,proc,flow2,38,,보완필요,"{""mode"": ""date"", ""date"": ""2026-01-20""}",{},2026-09-24,
USD-S0039,WS2003-0000053,D04,2026,recur,na,39,,해당없음,"{""na"": ""Y""}",{},2026-09-24,
USD-S0040,WS2003-0000053,D04,2026,order,na,40,,해당없음,"{""na"": ""Y""}",{},2026-09-24,
USD-S0041,WS2003-0000053,D04,2026,law,lawA,41,,이행완료,"{""duty_key"": ""DTY-00430"", ""date"": ""2026-08-31"", ""note"": ""8월 정수처리기준 준수 확인""}","{""ev"": [{""name"": ""정수처리기준_월간보고_202608.pdf"", ""url"": """", ""at"": ""2026-01-01T00:00:00""}]}",2026-09-24,
USD-S0042,WS2003-0000053,D04,2026,law,lawB,42,,이행완료,"{""duty_key"": ""DTY-01595"", ""date"": ""2026-05-20"", ""note"": ""수도시설 관리 교육 이수""}","{""ev"": [{""name"": ""수도시설_관리교육_수료증.pdf"", ""url"": """", ""at"": ""2026-01-01T00:00:00""}]}",2026-09-24,
USD-S0043,TR-01,D16,2026,staff,people,43,,보완필요,"{""rank"": ""과장"", ""date"": ""2026-01-02"", ""name"": ""오지훈"", ""dept"": ""안전총괄과"", ""note"": ""점검총괄""}",{},2026-09-24,
USD-S0044,TR-01,D16,2026,staff,people,44,,이행완료,"{""rank"": ""주무관"", ""date"": ""2026-01-02"", ""name"": ""최우진"", ""dept"": ""교통정책과(경전철·주차장)"", ""note"": ""정담당""}","{""ev"": [{""name"": ""용인경전철 안전관리 인력현황표.xlsx"", ""url"": """", ""at"": ""2026-01-01T00:00:00""}]}",2026-09-24,
USD-S0045,TR-01,D16,2026,staff,people,45,,보완필요,"{""rank"": ""주무관"", ""date"": ""2026-01-02"", ""name"": ""정수빈"", ""dept"": ""교통정책과(경전철·주차장)"", ""note"": ""부담당""}",{},2026-09-24,
USD-S0046,TR-01,D16,2026,staff,org,46,,이행완료,"{""date"": ""2026-01-02"", ""note"": """"}","{""ev"": [{""name"": ""용인경전철 안전관리 조직도 및 긴급상황 조치체계도.PDF"", ""url"": """", ""at"": ""2026-01-01T00:00:00""}]}",2026-09-24,
USD-S0047,TR-01,D16,2026,proc,drill,47,,이행완료,"{""name"": ""용인경전철(에버라인) 지진 대피훈련"", ""date"": ""2026-05-20"", ""text"": ""실행기반 훈련 · 참가 52명 · 목표 20분 / 실제 19분"", ""note"": ""DRL-0002""}","{""ev"": [{""name"": ""경전철_지진_대피훈련_결과서.pdf"", ""url"": """", ""at"": ""2026-01-01T00:00:00""}]}",2026-09-24,
USD-S0048,TR-01,D16,2026,law,lawA,48,,보완필요,"{""duty_key"": ""DTY-00603"", ""date"": ""2026-06-15"", ""note"": ""철도보호지구 행위 안전점검""}",{},2026-09-24,
