action_id,insp_id,action_type,due_date,done_at,result,note,task_id,action_basis,requested_by,requested_at,batch_id,resubmit_note,resubmitted_by,started_at
ACT-000001,INS-000014,보완,2026-10-19,2026-10-15,완료,예시 데이터(시연용),,,,,,,,
ACT-000002,INS-000018,보완,2026-08-21,2026-08-20,완료,예시 데이터(시연용),,,,,,,,
ACT-000003,INS-000022,보완,2026-09-05,,진행 중,예시 데이터(시연용),,,,,,,,
ACT-000004,INS-000026,보완,2026-07-26,2026-07-22,완료,예시 데이터(시연용),,,,,,,,
ACT-000005,INS-000028,보완,2026-09-30,2026-09-28,완료,예시 데이터(시연용),,,,,,,,
ACT-000006,INS-000037,보완,2026-10-15,,진행 중,예시 데이터(시연용),,,,,,,,
ACT-000007,INS-000045,시정,2026-09-20,2026-09-19,완료,예시 데이터(시연용),,,,,,,,
ACT-000008,INS-000047,보완,2026-09-21,2026-09-18,완료,예시 데이터(시연용),,,,,,,,
ACT-000009,INS-000050,시정,2026-10-15,,진행 중,예시 데이터(시연용),,,,,,,,
ACT-000010,INS-000054,보완,2026-10-08,2026-10-01,완료,예시 데이터(시연용),,,,,,,,
ACT-000011,INS-000055,시정,2026-10-21,2026-10-15,완료,예시 데이터(시연용),,,,,,,,
ACT-000012,INS-000057,보완,2026-09-15,,진행 중,예시 데이터(시연용),,,,,,,,
ACT-000013,INS-000060,시정,2026-09-21,2026-09-17,완료,예시 데이터(시연용),,,,,,,,
ACT-000014,INS-000077,보완,2026-09-19,2026-09-13,완료,예시 데이터(시연용),,,,,,,,
ACT-000015,INS-000084,보완,2026-08-19,,진행 중,예시 데이터(시연용),,,,,,,,
ACT-000016,INS-000087,보완,2026-07-04,2026-06-28,완료,예시 데이터(시연용),,,,,,,,
ACT-000017,INS-000089,보완,2026-09-08,2026-09-06,완료,예시 데이터(시연용),,,,,,,,
ACT-000018,INS-000105,시정,2026-10-04,,진행 중,예시 데이터(시연용),,,,,,,,
ACT-000019,INS-000108,보완,2026-10-08,2026-10-02,완료,예시 데이터(시연용),,,,,,,,
ACT-000020,INS-000110,시정,2026-09-21,2026-09-16,완료,예시 데이터(시연용),,,,,,,,
ACT-000021,INS-000112,보완,2026-09-22,,진행 중,예시 데이터(시연용),,,,,,,,
ACT-000022,INS-000120,시정,2026-09-27,2026-09-25,완료,예시 데이터(시연용),,,,,,,,
ACT-000023,INS-000128,보완,2026-07-07,2026-06-30,완료,예시 데이터(시연용),,,,,,,,
ACT-000024,INS-000130,시정,2026-08-24,,진행 중,예시 데이터(시연용),,,,,,,,
ACT-000025,INS-000134,보완,2026-09-02,2026-08-23,완료,예시 데이터(시연용),,,,,,,,
ACT-000026,INS-000138,보완,2026-07-29,2026-07-25,완료,예시 데이터(시연용),,,,,,,,
ACT-000027,INS-000150,시정,2026-10-16,,진행 중,예시 데이터(시연용),,,,,,,,
ACT-000028,INS-000158,보완,2026-09-20,2026-09-19,완료,예시 데이터(시연용),,,,,,,,
ACT-000029,INS-000164,보완,2026-10-21,2026-10-12,완료,예시 데이터(시연용),,,,,,,,
ACT-000030,INS-000173,보완,2026-10-02,,진행 중,예시 데이터(시연용),,,,,,,,
ACT-000031,INS-000174,보완,2026-07-12,2026-07-03,완료,예시 데이터(시연용),,,,,,,,
ACT-000032,INS-000180,시정,2026-09-13,2026-09-09,완료,예시 데이터(시연용),,,,,,,,
ACT-000033,INS-000182,보완,2026-08-11,,진행 중,예시 데이터(시연용),,,,,,,,
ACT-000034,INS-000186,보완,2026-08-26,2026-08-19,완료,예시 데이터(시연용),,,,,,,,
ACT-000035,INS-000189,보완,2026-09-18,2026-09-13,완료,예시 데이터(시연용),,,,,,,,
ACT-000036,INS-000192,보완,2026-07-21,,진행 중,예시 데이터(시연용),,,,,,,,
ACT-000037,INS-000195,시정,2026-09-30,2026-09-22,완료,예시 데이터(시연용),,,,,,,,
ACT-000038,INS-000198,보완,2026-10-13,2026-10-04,완료,예시 데이터(시연용),,,,,,,,
ACT-000039,INS-000200,시정,2026-10-21,,진행 중,예시 데이터(시연용),,,,,,,,
ACT-000040,INS-000204,보완,2026-09-19,2026-09-09,완료,예시 데이터(시연용),,,,,,,,
ACT-000041,INS-000206,보완,2026-09-20,2026-09-11,완료,예시 데이터(시연용),,,,,,,,
ACT-000042,INS-000210,시정,2026-10-01,,진행 중,예시 데이터(시연용),,,,,,,,
ACT-000043,INS-000212,보완,2026-08-17,2026-08-14,완료,예시 데이터(시연용),,,,,,,,
ACT-000044,INS-000213,보완,2026-07-22,2026-07-19,보완 제출,조치 요구,TSK-001977,,SD01-1,2026-07-08,BAT-003,지적 사항 보완 — 증빙 다시 올림,SD02-1,2026-07-10
ACT-000045,INS-000214,보완,2026-07-29,2026-07-26,보완 제출,조치 요구,TSK-001055,,SD01-1,2026-07-15,BAT-003,지적 사항 보완 — 증빙 다시 올림,SD04-1,2026-07-17
ACT-000046,INS-000215,보완,2026-07-30,2026-07-27,보완 제출,조치 요구,TSK-002051,,SD01-1,2026-07-16,BAT-003,지적 사항 보완 — 증빙 다시 올림,SD05-1,2026-07-18
ACT-000047,INS-000216,보완,2026-08-05,2026-08-02,보완 제출,조치 요구,TSK-002247,,SD01-1,2026-07-22,BAT-003,지적 사항 보완 — 증빙 다시 올림,SD13-1,2026-07-24
ACT-000048,INS-000217,보완,2026-07-18,2026-07-15,보완 제출,조치 요구,TSK-000734,,SD01-1,2026-07-04,BAT-003,지적 사항 보완 — 증빙 다시 올림,SD02-1,2026-07-06
ACT-000049,INS-000218,보완,2026-07-19,2026-07-16,보완 제출,조치 요구,TSK-001138,,SD01-1,2026-07-05,BAT-003,지적 사항 보완 — 증빙 다시 올림,SD09-1,2026-07-07
ACT-000050,INS-000219,보완,2026-07-20,2026-07-17,보완 제출,조치 요구,TSK-001626,,SD01-1,2026-07-06,BAT-003,지적 사항 보완 — 증빙 다시 올림,SD03-1,2026-07-08
