hz_id,received_at,channel,channel_detail,reporter,received_by,asset_id,asset_name,asset_gbn,asset_class,dept_id,location,description,code_group,code,accident_type,possible_accident,photo_wide,photo_close,protect_action,protect_at,protect_by,severity,judged_by,judged_at,judge_memo,minor_action,closed_at,closed_by,notified_reporter,notified_at,ceo_reported_at,ceo_report_mode,ceo_reported_by,ceo_instruction,insp_at,insp_by,insp_result,order_types,order_at,order_memo,fsam_applies,basis_date,fix_items,fix_budget,fix_started_at,fix_done_at,done_at,note
HZR-0001,2026-03-04 09:20,상시점검,,이민준 주무관,SD09-1,AR2005-0002918,용인시문화복지행정타운본청사,건축물,2종,D09,본청사 1층 민원실 출입구,우천 시 출입구 바닥 대리석에 물기가 고여 미끄러움,이용자 안전,1 물리적,넘어짐,출입 시민 미끄러져 넘어짐,,,미끄럼 주의 표지·흡수 매트 설치,2026-03-04 10:20,SD09-1,경미,SD02-2,2026-03-04 12:20,현장 즉시 조치 가능,미끄럼 방지 매트 교체·우산 비닐 비치,2026-03-07,SD09-1,,,,,,,,,,,,,,,,,,,2026-03-07,예시 자료
HZR-0002,2026-04-18 14:05,직원 발견,,이민준 주무관,SD09-1,AR2005-0002918,용인시문화복지행정타운본청사,건축물,2종,D09,본청사 지하 2층 주차장 경사로,"경사로 연석 모서리 파손, 철근 노출",시설물 안전,4 주변시설,부딪힘,보행자 발 걸림·차량 접촉,,,라바콘으로 구간 표시,2026-04-18 15:05,SD09-1,경미,SM02-2,2026-04-18 17:05,현장 즉시 조치 가능,파손 연석 보수(모르타르)·모서리 보호대,2026-04-22,SD09-1,,,,,,,,,,,,,,,,,,,2026-04-22,예시 자료
HZR-0003,2026-03-11 10:40,시민 신고,응답소,시민,SD09-1,AR2005-0003904,용인시문화복지행정타운문화예술원,건축물,2종,D09,문화예술원 대공연장 객석 3열 계단,계단 끝 미끄럼 방지 논슬립 탈락,이용자 안전,1 물리적,넘어짐,관람객 계단에서 넘어짐,,,해당 계단 통행 안내,2026-03-11 11:40,SD09-1,경미,SD02-2,2026-03-11 13:40,현장 즉시 조치 가능,논슬립 재부착,2026-03-16,SD09-1,Y,2026-03-16,,,,,,,,,,,,,,,,,2026-03-16,예시 자료
HZR-0004,2026-05-02 19:30,상시점검,,이민준 주무관,SD09-1,AR2005-0003904,용인시문화복지행정타운문화예술원,건축물,2종,D09,문화예술원 무대 뒤 소품실,"소품 적재 높이 과다(2.5m), 고정 없음",이용자 안전,1 물리적,맞음,적재물 떨어져 작업자·출연자 맞음,,,적재물 하향 정리,2026-05-02 20:30,SD09-1,경미,SM02-2,2026-05-02 22:30,현장 즉시 조치 가능,선반 고정·적재 높이 1.5m 이하로 정리,2026-05-08,SD09-1,,,,,,,,,,,,,,,,,,,2026-05-08,예시 자료
HZR-0005,2026-04-07 08:50,상시점검,,이민준 주무관,SD09-1,AR2009-0002925,용인시민체육센터,건축물,2종,D09,시민체육센터 수영장 탈의실,탈의실 바닥 배수 불량으로 물고임,이용자 안전,1 물리적,넘어짐,이용자 미끄러져 넘어짐,,,미끄럼 주의 표지,2026-04-07 09:50,SD09-1,경미,SD02-2,2026-04-07 11:50,현장 즉시 조치 가능,배수구 이물질 제거·배수 트랩 청소,2026-04-09,SD09-1,,,,,,,,,,,,,,,,,,,2026-04-09,예시 자료
HZR-0006,2026-06-15 16:10,시민 신고,안전신문고,시민,SD09-1,AR2009-0002925,용인시민체육센터,건축물,2종,D09,시민체육센터 2층 헬스장,러닝머신 비상정지 버튼 작동 안 됨,이용자 안전,3 전기적,끼임,운동 중 비상정지 불가로 끼임·넘어짐,,,해당 기구 사용 중지 표지,2026-06-15 17:10,SD09-1,경미,SM02-2,2026-06-15 19:10,현장 즉시 조치 가능,비상정지 스위치 교체,2026-06-18,SD09-1,Y,2026-06-18,,,,,,,,,,,,,,,,,2026-06-18,예시 자료
HZR-0007,2026-05-20 11:00,정기점검,,이민준 주무관,SD09-1,AR2003-0006407,용인시 실내체육관,건축물,2종,D09,실내체육관 관람석 난간,관람석 3층 난간 고정 볼트 2개 풀림,시설물 안전,3 부대시설,떨어짐,관람객 난간에 기대다 떨어짐,,,해당 구간 관람석 사용 금지,2026-05-20 12:00,SD09-1,경미,SD02-2,2026-05-20 14:00,현장 즉시 조치 가능,볼트 재체결·전 구간 조임 확인,2026-05-24,SD09-1,,,,,,,,,,,,,,,,,,,2026-05-24,예시 자료
HZR-0009,2026-07-08 10:15,상시점검,,이민준 주무관,SD09-1,AR2012-0002015,아르피아스포츠센터,건축물,2종,D09,아르피아스포츠센터 기계실,"기계실 출입문 잠금장치 고장, 일반인 출입 가능",이용자 안전,3 전기적,감전,일반인 출입해 배전반 접촉,,,출입문 임시 시건,2026-07-08 11:15,SD09-1,경미,SD02-2,2026-07-08 13:15,현장 즉시 조치 가능,잠금장치 교체,2026-07-14,SD09-1,,,,,,,,,,,,,,,,,,,2026-07-14,예시 자료
HZR-0010,2026-07-21 15:30,직원 발견,,이민준 주무관,SD09-1,AR2018-0002175,남사 스포츠센터,건축물,2종,D09,남사 스포츠센터 주차장 조명,야간 주차장 조명 6개 중 4개 꺼짐,이용자 안전,5 기타,기관 내 교통사고,야간 보행자·차량 접촉,,,임시 조명 설치,2026-07-21 16:30,SD09-1,경미,SM02-2,2026-07-21 18:30,현장 즉시 조치 가능,안정기 교체,2026-07-23,SD09-1,,,,,,,,,,,,,,,,,,,2026-07-23,예시 자료
HZR-0015,2026-05-13 06:30,정기점검,,정민준 주무관,SD03-1,TU2006-0000031,법화터널,터널,1종,D03,법화터널 상행 입구부 조명,입구부 조명 3기 소등,시설물 안전,3 부대시설,기관 외 교통사고,터널 진입 시 명암 차로 추돌,,,,,,경미,SD02-2,2026-05-13 09:30,현장 즉시 조치 가능,조명 등기구 교체,2026-05-15,SD03-1,,,,,,,,,,,,,,,,,,,2026-05-15,예시 자료
HZR-0016,2026-07-02 14:20,직원 발견,,정민준 주무관,SD03-1,TU2009-0000102,기흥터널,터널,1종,D03,기흥터널 비상주차대,비상주차대 소화기 2개 압력 미달,이용자 안전,2 화학적,화재,차량 화재 시 초기 소화 실패,,,,,,경미,SM02-2,2026-07-02 17:20,현장 즉시 조치 가능,소화기 교체,2026-07-05,SD03-1,,,,,,,,,,,,,,,,,,,2026-07-05,예시 자료
HZR-0019,2026-05-27 09:30,정기점검,,조우진 주무관,SD04-1,WS1991-0000016,용인상수도,상하수도,2종,D04,용인상수도 약품동 계단,약품동 계단 안전난간 높이 부족(90cm),이용자 안전,1 물리적,떨어짐,작업자·견학자 계단에서 떨어짐,,,견학 동선 변경,2026-05-27 10:30,SD04-1,경미,SD02-2,2026-05-27 12:30,현장 즉시 조치 가능,난간 증고(120cm) 보강,2026-06-02,SD04-1,,,,,,,,,,,,,,,,,,,2026-06-02,예시 자료
HZR-0020,2026-07-15 13:00,상시점검,,조우진 주무관,SD04-1,WS2013-0000050,청덕상수도,상하수도,2종,D04,청덕상수도 정수지 맨홀,맨홀 뚜껑 잠금 미설치,이용자 안전,5 기타,산소결핍,무단 출입 시 밀폐공간 질식,,,맨홀 임시 결속,2026-07-15 14:00,SD04-1,경미,SM02-2,2026-07-15 16:00,현장 즉시 조치 가능,잠금형 맨홀 뚜껑 교체,2026-07-17,SD04-1,,,,,,,,,,,,,,,,,,,2026-07-17,예시 자료
HZR-0030,2026-02-24 11:40,상시점검,,이민준 주무관,SD09-1,AR2005-0003905,용인시문화복지행정타운복지센타,건축물,2종,D09,복지센터 1층 경사로,경사로 핸드레일 한쪽 없음,이용자 안전,1 물리적,넘어짐,휠체어·보행 보조기 이용자 넘어짐,,,,,,경미,SM02-2,2026-02-24 14:40,현장 즉시 조치 가능,핸드레일 설치,2026-02-26,SD09-1,,,,,,,,,,,,,,,,,,,2026-02-26,예시 자료
HZR-0031,2026-08-22 19:10,시민 신고,120,시민,SD09-1,AR2009-0002925,용인시민체육센터,건축물,2종,D09,시민체육센터 수영장 샤워실,샤워실 바닥 타일 들뜸,시설물 안전,2 건축마감,넘어짐,이용자 미끄러져 넘어짐,,,해당 구역 사용 중지,2026-08-22 20:10,SD09-1,경미,SD02-2,2026-08-22 22:10,현장 즉시 조치 가능,타일 재시공,2026-08-25,SD09-1,Y,2026-08-25,,,,,,,,,,,,,,,,,2026-08-25,예시 자료
HZR-0033,2026-08-26 09:10,상시점검,,정민준 주무관,SD03-1,RW2017-0000261,용인미르스타디움 옹벽,옹벽,2종,D03,용인미르스타디움 옹벽 상단 배수로,"배수로 토사 퇴적, 옹벽 상단 물넘침 흔적",시설물 안전,4 주변시설,무너짐,배수 불량으로 옹벽 배면 수압 증가,,,,,,경미,SD02-2,2026-08-26 12:10,현장 즉시 조치 가능,배수로 준설,2026-08-31,SD03-1,,,,,,,,,,,,,,,,,,,2026-08-31,예시 자료
HZR-0034,2026-02-10 09:30,정기점검,,정민준 주무관,SD03-1,RW2011-0000080,중로2-1옹벽,옹벽,2종,D03,중로2-1옹벽 중앙부(연장 40~65m),"옹벽 전면 배부름 현상과 수평 균열(폭 3~4mm) 확인, 배수공 막힘",시설물 안전,4 주변시설,무너짐,옹벽 붕괴로 하부 보행자·차량 깔림,,,하부 보도 통행 차단·우회 안내,2026-02-10 10:30,SD03-1,심각,SM02-2,2026-02-10 11:30,구조 안전 우려 — 경영책임자 보고 대상,,,,,,2026-02-10 13:30,구두 선보고 후 서면,SM01-1,"긴급안전점검 실시, 결과에 따라 보수·보강 계획 수립",2026-02-20,SD03-1,"배부름 12mm, 균열폭 최대 4mm — 긴급 보수·보강 필요(중대한결함 해당)",보수·보강 · 이용제한(하부 보도),2026-02-21,"긴급안전점검 실시, 결과에 따라 보수·보강 계획 수립",Y,2026-03-05,배수공 준설·추가 천공~42개소~1800~2026-04 | 균열 보수(에폭시 주입)~35m~2600~2026-05 | 앵커 보강~24공~9800~2026-06~07,확보(재해예방 예비비),2026-04-01,2026-08-28,2026-08-28,예시 자료
HZR-0038,2026-09-05 10:20,정기점검,,정민준 주무관,SD03-1,TU2009-0000143,영덕3터널,터널,1종,D03,영덕3터널 하행 180m 지점 천장,"천장 라이닝 표면 박리(0.5㎡), 누수 동반",시설물 안전,1 주요 구조부,맞음,콘크리트 조각 떨어져 주행 차량 맞음,,,하행 1개 차로 부분 통제,2026-09-05 11:20,SD03-1,심각,SM02-2,2026-09-05 12:20,구조 안전 우려 — 경영책임자 보고 대상,,,,,,2026-09-05 13:20,구두 선보고 후 서면,SM01-1,긴급안전점검 즉시 실시,2026-09-12,SD03-1,"박리 부위 추가 확인 3곳 — 보수 필요, 구조 안전성은 양호",보수·보강,2026-09-13,긴급안전점검 즉시 실시,N,2026-09-15,,,,,,예시 자료
HZR-0039,2026-09-16 13:15,시민 신고,안전신문고,시민,SD03-1,BR2013-0000319,상미교,교량,1종,D03,교량 신축이음부(A1 측),"신축이음장치 고무 탈락, 단차 약 3cm",시설물 안전,3 부대시설,기관 외 교통사고,이륜차 단차에 걸려 넘어짐·후속 추돌,,,단차 구간 서행 표지·임시 복공판,2026-09-16 14:15,SD03-1,심각,SM02-3,2026-09-16 15:15,구조 안전 우려 — 경영책임자 보고 대상,,,,,,2026-09-16 18:15,서면,SM01-1,긴급안전점검 실시,,,,,,,,,,,,,,예시 자료
HZR-0040,2026-06-01 20:10,상시점검,,이민준 주무관,SD09-1,AR2018-0000223,용인미르스타디움,건축물,1종,D09,용인미르스타디움 동측 관람석 상단 난간,관람석 최상단 난간 기초 앵커 부식·흔들림,시설물 안전,3 부대시설,떨어짐,관람객 난간과 함께 떨어짐,,,동측 상단 관람석 폐쇄,2026-06-01 21:10,SD09-1,심각,SM02-2,2026-06-01 22:10,구조 안전 우려 — 경영책임자 보고 대상,,,,,,2026-06-01 23:10,구두 선보고 후 서면,SM01-1,"경기 전 긴급 보수, 완료 전 해당 구역 판매 중지",2026-06-04,SD09-1,앵커 12개소 중 5개소 부식 — 교체 필요,이용제한 · 보수·보강,2026-06-05,"경기 전 긴급 보수, 완료 전 해당 구역 판매 중지",N,2026-06-05,난간 앵커 교체~12개소~1450~2026-06,확보(시설 유지보수비),2026-06-10,2026-06-24,2026-06-24,예시 자료
HZR-0041,2026-09-26 08:40,시민 신고,안전신문고,시민,SD03-1,BR1999-0000081,오산천교,교량,2종,D03,오산천교 보도부 북측 난간,"보도 난간 하단 볼트 1개 탈락, 난간 흔들림",시설물 안전,3 부대시설,떨어짐,보행자가 기대다 난간과 함께 떨어짐,,,,,,,,,,,,,,,,,,,,,,,,,,,,,,,,예시 자료
HZR-0042,2026-09-25 17:30,직원 발견,,이민준 주무관,SD09-1,AR2004-0004612,용인시 평생학습관,건축물,2종,D09,평생학습관 2층 복도 천장,천장 텍스 2장 처짐·누수 얼룩,시설물 안전,2 건축마감,물체에 맞음,천장재가 떨어져 이용자 맞음,,,,,,,,,,,,,,,,,,,,,,,,,,,,,,,,예시 자료
HZR-0043,2026-09-24 10:10,정기점검,,장민준 주무관,SD05-1,ST2010-0000022,수지레스피아,상하수도,2종,D05,수지레스피아 유입 펌프장 계단,계단 디딤판 부식·일부 천공,이용자 안전,1 물리적,넘어짐,점검자 계단에서 발 빠짐·넘어짐,,,해당 계단 출입 통제 · 우회 동선 표시,2026-09-24 11:00,SD05-1,,,,,,,,,,,,,,,,,,,,,,,,,,,예시 자료
HZR-0044,2026-09-23 15:20,상시점검,,조우진 주무관,SD04-1,WS1991-0000015,기흥상수도,상하수도,2종,D04,기흥상수도 배수지 점검구,점검구 덮개 경첩 파손으로 덮개가 고정되지 않음,이용자 안전,5 기타,떨어짐,점검구 안으로 떨어짐,,,덮개 임시 결속 · 접근 금지 표지,2026-09-23 16:00,SD04-1,,,,,,,,,,,,,,,,,,,,,,,,,,,예시 자료
HZR-0045,2026-09-19 18:40,시민 신고,120,시민,SD09-1,AR2009-0002925,용인시민체육센터,건축물,2종,D09,시민체육센터 수영장 출입 통로,출입 통로 바닥 물고임·미끄럼 — 같은 시설 넘어짐 신고 세 번째,이용자 안전,1 물리적,넘어짐,이용자 미끄러져 넘어짐,,,미끄럼 주의 표지 · 흡수 매트,2026-09-19 19:20,SD09-1,경미,SM02-2,2026-09-20 10:00,현장 조치 가능 · 반복 신고라 배수 구조 개선 검토,,,,,,,,,,,,,,,,,,,,,,,예시 자료
HZR-0046,2026-09-22 09:30,상시점검,,정민준 주무관,SD03-1,TU2006-0000032,마북터널,터널,2종,D03,마북터널 하행 비상대피 유도등,비상 유도등 2개 소등,이용자 안전,3 전기적,화재,터널 화재 때 대피 방향을 찾지 못함,,,이동식 유도 표지 임시 설치,2026-09-22 10:10,SD03-1,경미,SM02-3,2026-09-22 13:00,현장 즉시 조치 가능,,,,,,,,,,,,,,,,,,,,,,,예시 자료
HZR-0047,2026-09-25 08:30,정기점검,,정민준 주무관,SD03-1,RW2008-0000019,용인보라도로옹벽,옹벽,2종,D03,용인보라도로옹벽 하단 배수구,"옹벽 하단 누수·토사 유출, 전면 균열 확대(폭 5mm)",시설물 안전,4 주변시설,무너짐,옹벽이 무너져 하부 보행자·차량 깔림,,,하부 보도 통제 · 우회 안내,2026-09-25 09:30,SD03-1,심각,SM02-2,2026-09-25 11:00,구조 안전 우려 — 경영책임자 보고 대상,,,,,,,,,,,,,,,,,,,,,,,예시 자료
HZR-0048,2026-09-10 14:00,직원 발견,,정민준 주무관,SD03-1,BR1997-0000183,보라횡단교,교량,1종,D03,보라횡단교 A2 교대 받침부,교량 받침 이탈 흔적·신축이음 단차 5cm,시설물 안전,1 주요 구조부,시설물 파손,단차에 이륜차 넘어짐·상판 처짐,,,하위 1개 차로 통제 · 서행 표지,2026-09-10 15:00,SD03-2,심각,SM02-3,2026-09-10 16:00,구조 안전 우려 — 경영책임자 보고 대상,,,,,,2026-09-11 22:00,서면,SM01-1,긴급안전점검 실시 · 보고 지연 사유 경위서 제출,2026-09-15,SD03-1,"받침 2개소 이탈 — 교체 필요, 상판 처짐은 허용범위",,,,,,,,,,,예시 자료
HZR-0049,2026-01-15 09:00,정기점검,,정민준 주무관,SD03-1,RW2002-0000002,이현중학교 앞 옹벽,옹벽,2종,D03,이현중학교 앞 옹벽 중앙부,옹벽 배부름 진행(20mm) — 2025년 정밀안전진단에서 보수·보강 대상으로 통보받았으나 착수 전,시설물 안전,4 주변시설,무너짐,옹벽이 무너져 통학로 학생 깔림,,,통학로 쪽 안전 펜스 · 우회 안내,2026-01-15 10:00,SD03-1,심각,SM02-2,2026-01-15 11:00,구조 안전 우려 — 경영책임자 보고 대상,,,,,,2026-01-15 12:30,구두 선보고 후 서면,SM01-1,보수·보강 예산 확보 방안 보고,2026-01-20,SD03-1,배부름 20mm·배수공 막힘 — 보강 필요(진단 결과와 같음),보수·보강 · 이용제한(통학로 쪽 보도),2026-01-22,보수·보강 예산 확보 방안 보고,Y,2025-09-10,배수공 준설·추가 천공~30개소~1200~착수 후 1개월 | 앵커 보강~40공~14500~착수 후 3개월,미확보 — 2027년 본예산 요청,,,,예시 자료
HZR-0050,2026-02-03 10:00,정기점검,,정민준 주무관,SD03-1,TU2007-0000147,역북터널,터널,2종,D03,역북터널 상행 120m 라이닝,라이닝 균열 누수·백태 — 2025년 정밀안전점검 결과 보수·보강 통보 대상,시설물 안전,1 주요 구조부,물체에 맞음,라이닝 조각 떨어져 주행 차량 맞음,,,해당 구간 낙하물 감시 강화,2026-02-03 11:00,SD03-1,심각,SM02-3,2026-02-03 13:00,구조 안전 우려 — 경영책임자 보고 대상,,,,,,2026-02-03 15:00,서면,SM01-1,우기 전 보수 착수 가능 여부 검토,2026-02-10,SD03-1,"균열 12m·누수 3개소 — 보수 필요, 긴급 통제는 불요",보수·보강,2026-02-12,우기 전 보수 착수 가능 여부 검토,Y,2025-11-20,균열 주입 보수~12m~2400~2026-10~11 | 누수 차단(도수 처리)~3개소~900~2026-11,확보(2026년 2회 추경),,,,예시 자료
HZR-0051,2026-03-18 10:30,정기점검,,장민준 주무관,SD05-1,ST2005-0000049,구갈레스피아,상하수도,2종,D05,구갈레스피아 처리동 옥상 난간,옥상 난간 기초 부식·흔들림,시설물 안전,3 부대시설,떨어짐,점검자 난간과 함께 떨어짐,,,옥상 출입 통제,2026-03-18 11:00,SD05-1,심각,SM02-2,2026-03-18 12:00,추락 위험 — 경영책임자 보고 대상,,,,,,2026-03-18 14:00,서면,SM01-1,같은 형식 난간 전 처리장 점검,2026-03-24,SD05-1,난간 기초 8개소 부식 — 교체 필요,이용제한 · 보수·보강,2026-03-25,같은 형식 난간 전 처리장 점검,N,2026-03-25,옥상 난간 교체~42m~3100~2026-04~05,확보(하수도 특별회계 시설유지비),2026-04-13,2026-05-20,2026-05-20,예시 자료
HZR-0052,2026-07-26 19:40,시민 신고,응답소,시민,SD09-1,AR2018-0000223,용인미르스타디움,건축물,1종,D09,미르스타디움 서측 관람석 계단 손잡이,계단 손잡이 고정부 흔들림,시설물 안전,3 부대시설,떨어짐,관람객 계단에서 떨어짐,,,해당 계단 통행 제한,2026-07-26 20:20,SD09-1,경미,SM02-2,2026-07-27 09:30,현장 즉시 조치 가능,손잡이 고정 볼트 재체결,2026-07-29,SD09-1,Y,2026-07-29,,,,,,,,,,,,,,,,,2026-07-29,예시 자료
HZR-0053,2026-09-12 15:10,상시점검,,이민준 주무관,SD09-1,AR2018-0000223,용인미르스타디움,건축물,1종,D09,미르스타디움 동측 관람석 통로 난간,통로 난간 1경간 용접부 균열 — 같은 시설 떨어짐 위험 세 번째,시설물 안전,3 부대시설,떨어짐,관람객 난간과 함께 떨어짐,,,해당 구간 통제,2026-09-12 15:40,SD09-1,경미,SM02-3,2026-09-12 17:00,현장 조치 가능 · 반복 3회 — 난간 전수 점검 요청,용접부 보수 · 동측 난간 전수 육안 점검,2026-09-16,SD09-1,,,,,,,,,,,,,,,,,,,2026-09-16,예시 자료
HZR-0054,2026-08-11 11:20,시민 신고,안전신문고,시민,SD09-1,AR2005-0003905,용인시문화복지행정타운복지센타,건축물,2종,D09,복지센터 1층 승강기 앞,바닥 타일 들뜸,시설물 안전,2 건축마감,넘어짐,휠체어·보행 보조기 이용자 걸려 넘어짐,,,들뜬 부위 표시·안내,2026-08-11 12:00,SD09-1,경미,SM02-2,2026-08-11 14:00,현장 즉시 조치 가능,타일 재부착,2026-08-13,SD09-1,Y,2026-08-13,,,,,,,,,,,,,,,,,2026-08-13,예시 자료
