insp_id,task_id,inspector_staff_id,insp_date,result,finding,note
INS-000001,TSK-000001,SM02-2,2026-08-04,적합,,예시 데이터(시연용)
INS-000002,TSK-000005,SM02-3,2026-09-02,적합,,예시 데이터(시연용)
INS-000003,TSK-000013,SM02-1,2026-09-06,적합,,예시 데이터(시연용)
INS-000004,TSK-000029,SM02-2,2026-08-13,적합,,예시 데이터(시연용)
INS-000005,TSK-000033,SM02-3,2026-09-11,적합,,예시 데이터(시연용)
INS-000006,TSK-000053,SM02-1,2026-08-11,적합,,예시 데이터(시연용)
INS-000007,TSK-000057,SM02-2,2026-09-09,적합,,예시 데이터(시연용)
INS-000008,TSK-000081,SM02-3,2026-08-15,적합,,예시 데이터(시연용)
INS-000009,TSK-000085,SM02-1,2026-09-21,적합,,예시 데이터(시연용)
INS-000010,TSK-000105,SM02-2,2026-08-13,적합,,예시 데이터(시연용)
INS-000011,TSK-000109,SM02-3,2026-09-05,적합,,예시 데이터(시연용)
INS-000012,TSK-000161,SM02-1,2026-09-10,적합,,예시 데이터(시연용)
INS-000013,TSK-000169,SM02-2,2026-08-30,적합,,예시 데이터(시연용)
INS-000014,TSK-000171,SM02-3,2026-09-19,보완필요,서식 미사용 — 법정 서식으로 다시 제출,예시 데이터(시연용)
INS-000015,TSK-000173,SM02-1,2026-09-15,적합,,예시 데이터(시연용)
INS-000016,TSK-000209,SM02-2,2026-05-30,적합,,예시 데이터(시연용)
INS-000017,TSK-000213,SM02-3,2026-06-28,적합,,예시 데이터(시연용)
INS-000018,TSK-000217,SM02-1,2026-07-22,보완필요,사진 자료 없음 — 현장 사진 첨부,예시 데이터(시연용)
INS-000019,TSK-000221,SM02-2,2026-08-19,적합,,예시 데이터(시연용)
INS-000020,TSK-000261,SM02-3,2026-05-27,적합,,예시 데이터(시연용)
INS-000021,TSK-000269,SM02-1,2026-07-31,적합,,예시 데이터(시연용)
INS-000022,TSK-000271,SM02-2,2026-08-06,보완필요,서식 미사용 — 법정 서식으로 다시 제출,예시 데이터(시연용)
INS-000023,TSK-000273,SM02-3,2026-08-16,적합,,예시 데이터(시연용)
INS-000024,TSK-000277,SM02-1,2026-09-21,적합,,예시 데이터(시연용)
INS-000025,TSK-000313,SM02-2,2026-06-10,적합,,예시 데이터(시연용)
INS-000026,TSK-000317,SM02-3,2026-06-26,보완필요,사진 자료 없음 — 현장 사진 첨부,예시 데이터(시연용)
INS-000027,TSK-000321,SM02-1,2026-07-20,적합,,예시 데이터(시연용)
INS-000028,TSK-000325,SM02-2,2026-08-31,보완필요,사진 자료 없음 — 현장 사진 첨부,예시 데이터(시연용)
INS-000029,TSK-000329,SM02-3,2026-09-10,적합,,예시 데이터(시연용)
INS-000030,TSK-000365,SM02-1,2026-05-25,적합,,예시 데이터(시연용)
INS-000031,TSK-000369,SM02-2,2026-06-23,적합,,예시 데이터(시연용)
INS-000032,TSK-000373,SM02-3,2026-08-03,적합,,예시 데이터(시연용)
INS-000033,TSK-000377,SM02-1,2026-08-14,적합,,예시 데이터(시연용)
INS-000034,TSK-000381,SM02-2,2026-09-12,적합,,예시 데이터(시연용)
INS-000035,TSK-000421,SM02-3,2026-07-02,적합,,예시 데이터(시연용)
INS-000036,TSK-000429,SM02-1,2026-08-06,적합,,예시 데이터(시연용)
INS-000037,TSK-000444,SM02-2,2026-09-15,보완필요,서식 미사용 — 법정 서식으로 다시 제출,예시 데이터(시연용)
INS-000038,TSK-000445,SM02-3,2026-09-21,적합,,예시 데이터(시연용)
INS-000039,TSK-000465,SM02-1,2026-08-14,적합,,예시 데이터(시연용)
INS-000040,TSK-000469,SM02-2,2026-09-06,적합,,예시 데이터(시연용)
INS-000041,TSK-000481,SM02-3,2026-08-20,적합,,예시 데이터(시연용)
INS-000042,TSK-000489,SM02-1,2026-07-30,적합,,예시 데이터(시연용)
INS-000043,TSK-000493,SM02-2,2026-09-09,적합,,예시 데이터(시연용)
INS-000044,TSK-000497,SM02-3,2026-09-20,적합,,예시 데이터(시연용)
INS-000045,TSK-000517,SM02-1,2026-08-21,부적합,기한이 지나 미이행 — 즉시 조치 후 재제출,예시 데이터(시연용)
INS-000046,TSK-000521,SM02-2,2026-09-18,적합,,예시 데이터(시연용)
INS-000047,TSK-000544,SM02-3,2026-08-22,보완필요,점검 주기 미준수 — 다음 회차에 반영,예시 데이터(시연용)
INS-000048,TSK-000545,SM02-1,2026-08-29,적합,,예시 데이터(시연용)
INS-000049,TSK-000569,SM02-2,2026-08-22,적합,,예시 데이터(시연용)
INS-000050,TSK-000571,SM02-3,2026-09-15,부적합,기한이 지나 미이행 — 즉시 조치 후 재제출,예시 데이터(시연용)
INS-000051,TSK-000573,SM02-1,2026-09-07,적합,,예시 데이터(시연용)
INS-000052,TSK-000593,SM02-2,2026-08-07,적합,,예시 데이터(시연용)
INS-000053,TSK-000597,SM02-3,2026-09-05,적합,,예시 데이터(시연용)
INS-000054,TSK-000598,SM02-1,2026-09-08,보완필요,서식 미사용 — 법정 서식으로 다시 제출,예시 데이터(시연용)
INS-000055,TSK-000625,SM02-2,2026-09-21,부적합,점검 자체를 실시하지 않음 — 이행계획 제출 요망,예시 데이터(시연용)
INS-000056,TSK-000629,SM02-3,2026-06-21,적합,,예시 데이터(시연용)
INS-000057,TSK-000644,SM02-1,2026-08-16,보완필요,지적사항 조치 결과 미첨부,예시 데이터(시연용)
INS-000058,TSK-000645,SM02-2,2026-08-01,적합,,예시 데이터(시연용)
INS-000059,TSK-000669,SM02-3,2026-07-25,적합,,예시 데이터(시연용)
INS-000060,TSK-000671,SM02-1,2026-08-22,부적합,법정 주기를 넘김 — 조치 계획과 함께 보고,예시 데이터(시연용)
INS-000061,TSK-000677,SM02-2,2026-09-21,적합,,예시 데이터(시연용)
INS-000062,TSK-000697,SM02-3,2026-08-15,적합,,예시 데이터(시연용)
INS-000063,TSK-000701,SM02-1,2026-09-13,적합,,예시 데이터(시연용)
INS-000064,TSK-000749,SM02-2,2026-08-25,적합,,예시 데이터(시연용)
INS-000065,TSK-000753,SM02-3,2026-09-05,적합,,예시 데이터(시연용)
INS-000066,TSK-000773,SM02-1,2026-08-05,적합,,예시 데이터(시연용)
INS-000067,TSK-000777,SM02-2,2026-09-03,적합,,예시 데이터(시연용)
INS-000068,TSK-000793,SM02-3,2026-08-23,적합,,예시 데이터(시연용)
INS-000069,TSK-000801,SM02-1,2026-08-14,적합,,예시 데이터(시연용)
INS-000070,TSK-000829,SM02-2,2026-09-12,적합,,예시 데이터(시연용)
INS-000071,TSK-000849,SM02-3,2026-07-31,적합,,예시 데이터(시연용)
INS-000072,TSK-000853,SM02-1,2026-08-23,적합,,예시 데이터(시연용)
INS-000073,TSK-000857,SM02-2,2026-09-21,적합,,예시 데이터(시연용)
INS-000074,TSK-000889,SM02-3,2026-06-20,적합,,예시 데이터(시연용)
INS-000075,TSK-000893,SM02-1,2026-07-19,적합,,예시 데이터(시연용)
INS-000076,TSK-000897,SM02-2,2026-07-30,적합,,예시 데이터(시연용)
INS-000077,TSK-000898,SM02-3,2026-08-20,보완필요,사진 자료 없음 — 현장 사진 첨부,예시 데이터(시연용)
INS-000078,TSK-000901,SM02-1,2026-09-14,적합,,예시 데이터(시연용)
INS-000079,TSK-000945,SM02-2,2026-07-16,적합,,예시 데이터(시연용)
INS-000080,TSK-000949,SM02-3,2026-08-08,적합,,예시 데이터(시연용)
INS-000081,TSK-000953,SM02-1,2026-09-06,적합,,예시 데이터(시연용)
INS-000082,TSK-000993,SM02-2,2026-06-14,적합,,예시 데이터(시연용)
INS-000083,TSK-000997,SM02-3,2026-07-07,적합,,예시 데이터(시연용)
INS-000084,TSK-000998,SM02-1,2026-07-20,보완필요,서식 미사용 — 법정 서식으로 다시 제출,예시 데이터(시연용)
INS-000085,TSK-001001,SM02-2,2026-08-10,적합,,예시 데이터(시연용)
INS-000086,TSK-001005,SM02-3,2026-09-08,적합,,예시 데이터(시연용)
INS-000087,TSK-001044,SM02-1,2026-06-04,보완필요,지적사항 조치 결과 미첨부,예시 데이터(시연용)
INS-000088,TSK-001045,SM02-2,2026-06-15,적합,,예시 데이터(시연용)
INS-000089,TSK-001052,SM02-3,2026-08-09,보완필요,서식 미사용 — 법정 서식으로 다시 제출,예시 데이터(시연용)
INS-000090,TSK-001053,SM02-1,2026-07-25,적합,,예시 데이터(시연용)
INS-000091,TSK-001109,SM02-2,2026-08-16,적합,,예시 데이터(시연용)
INS-000092,TSK-001113,SM02-3,2026-09-14,적합,,예시 데이터(시연용)
INS-000093,TSK-001133,SM02-1,2026-08-14,적합,,예시 데이터(시연용)
INS-000094,TSK-001137,SM02-2,2026-08-25,적합,,예시 데이터(시연용)
INS-000095,TSK-001153,SM02-3,2026-07-10,적합,,예시 데이터(시연용)
INS-000096,TSK-001161,SM02-1,2026-08-23,적합,,예시 데이터(시연용)
INS-000097,TSK-001209,SM02-2,2026-08-08,적합,,예시 데이터(시연용)
INS-000098,TSK-001213,SM02-3,2026-08-31,적합,,예시 데이터(시연용)
INS-000099,TSK-001237,SM02-1,2026-08-20,적합,,예시 데이터(시연용)
INS-000100,TSK-001261,SM02-2,2026-08-12,적합,,예시 데이터(시연용)
INS-000101,TSK-001265,SM02-3,2026-08-23,적합,,예시 데이터(시연용)
INS-000102,TSK-001289,SM02-1,2026-08-17,적합,,예시 데이터(시연용)
INS-000103,TSK-001293,SM02-2,2026-09-15,적합,,예시 데이터(시연용)
INS-000104,TSK-001313,SM02-3,2026-08-15,적합,,예시 데이터(시연용)
INS-000105,TSK-001317,SM02-1,2026-09-04,부적합,점검 자체를 실시하지 않음 — 이행계획 제출 요망,예시 데이터(시연용)
INS-000106,TSK-001365,SM02-2,2026-08-07,적합,,예시 데이터(시연용)
INS-000107,TSK-001369,SM02-3,2026-09-17,적합,,예시 데이터(시연용)
INS-000108,TSK-001371,SM02-1,2026-09-08,보완필요,증빙 일부 누락 — 결과표 첨부 필요,예시 데이터(시연용)
INS-000109,TSK-001373,SM02-2,2026-09-21,적합,,예시 데이터(시연용)
INS-000110,TSK-001417,SM02-3,2026-08-22,부적합,기한이 지나 미이행 — 즉시 조치 후 재제출,예시 데이터(시연용)
INS-000111,TSK-001421,SM02-1,2026-09-19,적합,,예시 데이터(시연용)
INS-000112,TSK-001444,SM02-2,2026-08-23,보완필요,점검자 서명 누락 — 보완 후 재제출,예시 데이터(시연용)
INS-000113,TSK-001445,SM02-3,2026-08-30,적합,,예시 데이터(시연용)
INS-000114,TSK-001461,SM02-1,2026-06-03,적합,,예시 데이터(시연용)
INS-000115,TSK-001469,SM02-2,2026-08-28,적합,,예시 데이터(시연용)
INS-000116,TSK-001473,SM02-3,2026-09-08,적합,,예시 데이터(시연용)
INS-000117,TSK-001493,SM02-1,2026-08-08,적합,,예시 데이터(시연용)
INS-000118,TSK-001497,SM02-2,2026-09-06,적합,,예시 데이터(시연용)
INS-000119,TSK-001521,SM02-3,2026-07-17,적합,,예시 데이터(시연용)
INS-000120,TSK-001525,SM02-1,2026-08-28,부적합,기한이 지나 미이행 — 즉시 조치 후 재제출,예시 데이터(시연용)
INS-000121,TSK-001529,SM02-2,2026-09-21,적합,,예시 데이터(시연용)
INS-000122,TSK-001545,SM02-3,2026-08-15,적합,,예시 데이터(시연용)
INS-000123,TSK-001565,SM02-1,2026-05-27,적합,,예시 데이터(시연용)
INS-000124,TSK-001569,SM02-2,2026-06-25,적합,,예시 데이터(시연용)
INS-000125,TSK-001573,SM02-3,2026-08-05,적합,,예시 데이터(시연용)
INS-000126,TSK-001577,SM02-1,2026-08-16,적합,,예시 데이터(시연용)
INS-000127,TSK-001597,SM02-2,2026-08-16,적합,,예시 데이터(시연용)
INS-000128,TSK-001617,SM02-3,2026-06-07,보완필요,점검자 서명 누락 — 보완 후 재제출,예시 데이터(시연용)
INS-000129,TSK-001621,SM02-1,2026-07-09,적합,,예시 데이터(시연용)
INS-000130,TSK-001625,SM02-2,2026-07-25,부적합,법정 주기를 넘김 — 조치 계획과 함께 보고,예시 데이터(시연용)
INS-000131,TSK-001629,SM02-3,2026-08-18,적합,,예시 데이터(시연용)
INS-000132,TSK-001673,SM02-1,2026-07-01,적합,,예시 데이터(시연용)
INS-000133,TSK-001677,SM02-2,2026-09-09,적합,,예시 데이터(시연용)
INS-000134,TSK-001698,SM02-3,2026-08-03,보완필요,점검 주기 미준수 — 다음 회차에 반영,예시 데이터(시연용)
INS-000135,TSK-001701,SM02-1,2026-08-20,적합,,예시 데이터(시연용)
INS-000136,TSK-001705,SM02-2,2026-09-21,적합,,예시 데이터(시연용)
INS-000137,TSK-001721,SM02-3,2026-05-22,적합,,예시 데이터(시연용)
INS-000138,TSK-001725,SM02-1,2026-06-29,보완필요,서식 미사용 — 법정 서식으로 다시 제출,예시 데이터(시연용)
INS-000139,TSK-001729,SM02-2,2026-07-31,적합,,예시 데이터(시연용)
INS-000140,TSK-001737,SM02-3,2026-09-21,적합,,예시 데이터(시연용)
INS-000141,TSK-001753,SM02-1,2026-08-26,적합,,예시 데이터(시연용)
INS-000142,TSK-001777,SM02-2,2026-08-19,적합,,예시 데이터(시연용)
INS-000143,TSK-001781,SM02-3,2026-09-17,적합,,예시 데이터(시연용)
INS-000144,TSK-001789,SM02-1,2026-09-13,적합,,예시 데이터(시연용)
INS-000145,TSK-001829,SM02-2,2026-08-16,적합,,예시 데이터(시연용)
INS-000146,TSK-001853,SM02-3,2026-08-09,적합,,예시 데이터(시연용)
INS-000147,TSK-001881,SM02-1,2026-06-26,적합,,예시 데이터(시연용)
INS-000148,TSK-001885,SM02-2,2026-07-19,적합,,예시 데이터(시연용)
INS-000149,TSK-001937,SM02-3,2026-07-19,적합,,예시 데이터(시연용)
INS-000150,TSK-001944,SM02-1,2026-09-16,부적합,점검 자체를 실시하지 않음 — 이행계획 제출 요망,예시 데이터(시연용)
INS-000151,TSK-001945,SM02-2,2026-09-21,적합,,예시 데이터(시연용)
INS-000152,TSK-001981,SM02-3,2026-08-03,적합,,예시 데이터(시연용)
INS-000153,TSK-001985,SM02-1,2026-06-22,적합,,예시 데이터(시연용)
INS-000154,TSK-001989,SM02-2,2026-07-21,적합,,예시 데이터(시연용)
INS-000155,TSK-001993,SM02-3,2026-08-13,적합,,예시 데이터(시연용)
INS-000156,TSK-002033,SM02-1,2026-08-05,적합,,예시 데이터(시연용)
INS-000157,TSK-002037,SM02-2,2026-06-19,적합,,예시 데이터(시연용)
INS-000158,TSK-002044,SM02-3,2026-08-21,보완필요,점검자 서명 누락 — 보완 후 재제출,예시 데이터(시연용)
INS-000159,TSK-002045,SM02-1,2026-08-10,적합,,예시 데이터(시연용)
INS-000160,TSK-002089,SM02-2,2026-06-23,적합,,예시 데이터(시연용)
INS-000161,TSK-002093,SM02-3,2026-07-22,적합,,예시 데이터(시연용)
INS-000162,TSK-002097,SM02-1,2026-08-02,적합,,예시 데이터(시연용)
INS-000163,TSK-002101,SM02-2,2026-09-12,적합,,예시 데이터(시연용)
INS-000164,TSK-002117,SM02-3,2026-09-21,보완필요,증빙 일부 누락 — 결과표 첨부 필요,예시 데이터(시연용)
INS-000165,TSK-002137,SM02-1,2026-08-26,적합,,예시 데이터(시연용)
INS-000166,TSK-002141,SM02-2,2026-09-06,적합,,예시 데이터(시연용)
INS-000167,TSK-002161,SM02-3,2026-08-06,적합,,예시 데이터(시연용)
INS-000168,TSK-002165,SM02-1,2026-09-04,적합,,예시 데이터(시연용)
INS-000169,TSK-002193,SM02-2,2026-06-22,적합,,예시 데이터(시연용)
INS-000170,TSK-002197,SM02-3,2026-07-15,적합,,예시 데이터(시연용)
INS-000171,TSK-002205,SM02-1,2026-09-06,적합,,예시 데이터(시연용)
INS-000172,TSK-002213,SM02-2,2026-08-13,적합,,예시 데이터(시연용)
INS-000173,TSK-002217,SM02-3,2026-09-02,보완필요,서식 미사용 — 법정 서식으로 다시 제출,예시 데이터(시연용)
INS-000174,TSK-002244,SM02-1,2026-06-12,보완필요,증빙 일부 누락 — 결과표 첨부 필요,예시 데이터(시연용)
INS-000175,TSK-002245,SM02-2,2026-06-23,적합,,예시 데이터(시연용)
INS-000176,TSK-002249,SM02-3,2026-07-22,적합,,예시 데이터(시연용)
INS-000177,TSK-002297,SM02-1,2026-09-19,적합,,예시 데이터(시연용)
INS-000178,TSK-002301,SM02-2,2026-07-09,적합,,예시 데이터(시연용)
INS-000179,TSK-002305,SM02-3,2026-08-19,적합,,예시 데이터(시연용)
INS-000180,TSK-002306,SM02-1,2026-08-14,부적합,점검 자체를 실시하지 않음 — 이행계획 제출 요망,예시 데이터(시연용)
INS-000181,TSK-002309,SM02-2,2026-09-04,적합,,예시 데이터(시연용)
INS-000182,TSK-002352,SM02-3,2026-07-12,보완필요,사진 자료 없음 — 현장 사진 첨부,예시 데이터(시연용)
INS-000183,TSK-002353,SM02-1,2026-07-23,적합,,예시 데이터(시연용)
INS-000184,TSK-002361,SM02-2,2026-08-27,적합,,예시 데이터(시연용)
INS-000185,TSK-002405,SM02-3,2026-07-10,적합,,예시 데이터(시연용)
INS-000186,TSK-002406,SM02-1,2026-07-27,보완필요,증빙 일부 누락 — 결과표 첨부 필요,예시 데이터(시연용)
INS-000187,TSK-002421,SM02-2,2026-08-28,적합,,예시 데이터(시연용)
INS-000188,TSK-002461,SM02-3,2026-08-07,적합,,예시 데이터(시연용)
INS-000189,TSK-002471,SM02-1,2026-08-19,보완필요,점검 주기 미준수 — 다음 회차에 반영,예시 데이터(시연용)
INS-000190,TSK-002477,SM02-2,2026-09-21,적합,,예시 데이터(시연용)
INS-000191,TSK-002505,SM02-3,2026-05-31,적합,,예시 데이터(시연용)
INS-000192,TSK-002506,SM02-1,2026-06-21,보완필요,서식 미사용 — 법정 서식으로 다시 제출,예시 데이터(시연용)
INS-000193,TSK-002509,SM02-2,2026-07-16,적합,,예시 데이터(시연용)
INS-000194,TSK-002521,SM02-3,2026-08-15,적합,,예시 데이터(시연용)
INS-000195,TSK-002525,SM02-1,2026-08-31,부적합,기한이 지나 미이행 — 즉시 조치 후 재제출,예시 데이터(시연용)
INS-000196,TSK-002561,SM02-2,2026-07-08,적합,,예시 데이터(시연용)
INS-000197,TSK-002569,SM02-3,2026-09-11,적합,,예시 데이터(시연용)
INS-000198,TSK-002571,SM02-1,2026-09-13,보완필요,사진 자료 없음 — 현장 사진 첨부,예시 데이터(시연용)
INS-000199,TSK-002577,SM02-2,2026-08-28,적합,,예시 데이터(시연용)
INS-000200,TSK-002579,SM02-3,2026-09-21,부적합,법정 주기를 넘김 — 조치 계획과 함께 보고,예시 데이터(시연용)
INS-000201,TSK-002609,SM02-1,2026-06-16,적합,,예시 데이터(시연용)
INS-000202,TSK-002613,SM02-2,2026-06-27,적합,,예시 데이터(시연용)
INS-000203,TSK-002621,SM02-3,2026-08-31,적합,,예시 데이터(시연용)
INS-000204,TSK-002625,SM02-1,2026-08-20,보완필요,지적사항 조치 결과 미첨부,예시 데이터(시연용)
INS-000205,TSK-002629,SM02-2,2026-09-21,적합,,예시 데이터(시연용)
INS-000206,TSK-002652,SM02-3,2026-08-21,보완필요,사진 자료 없음 — 현장 사진 첨부,예시 데이터(시연용)
INS-000207,TSK-002653,SM02-1,2026-09-01,적합,,예시 데이터(시연용)
INS-000208,TSK-002661,SM02-2,2026-06-10,적합,,예시 데이터(시연용)
INS-000209,TSK-002677,SM02-3,2026-08-12,적합,,예시 데이터(시연용)
INS-000210,TSK-002679,SM02-1,2026-09-01,부적합,기한이 지나 미이행 — 즉시 조치 후 재제출,예시 데이터(시연용)
INS-000211,TSK-002713,SM02-2,2026-06-14,적합,,예시 데이터(시연용)
INS-000212,TSK-002717,SM02-3,2026-07-18,보완필요,점검자 서명 누락 — 보완 후 재제출,예시 데이터(시연용)
