notice_id,title,body,pinned,written_by,created_at,evidence_name,evidence_url
NTC-S005,2026년 하반기 중대재해처벌법 이행점검 일정 안내,"하반기 이행점검을 다음과 같이 진행합니다.

1. 취합 기간: 2026. 9. 15.(화) ~ 9. 30.(수)
2. 점검 대상: 사업장(용인시청 본청 소속 부서), 공중이용시설·공중교통수단, 원료·제조물 소관 부서
3. 준비 사항: 의무이행(실적증빙) 화면에 항목별 의무이행 일자와 증빙자료 등록
4. 결과 통보: 보완필요·미이행 항목은 점검 뒤 조치 요구 알림으로 전달합니다.

문의: 중대재해예방팀",Y,SD01-1,2026-09-10T09:00:00+09:00,,
NTC-S004,추석 연휴 전 시설물 안전점검 강화 안내,"추석 연휴 동안 다중이용 시설 이용객이 늘어납니다.
연휴 전(9. 23.까지) 소관 공중이용시설의 안전점검을 마치고, 결과를 의무이행(실적증빙) › 공중이용시설·공중교통수단 › 안전점검 계획 수립·수행에 등록해 주시기 바랍니다.",N,SD01-2,2026-09-08T14:00:00+09:00,,
NTC-S003,2026년 상반기 이행점검 결과 및 보완 요청,"상반기 이행점검 결과를 알려 드립니다.
보완필요·미이행 판정을 받은 부서는 조치 요구 알림의 기한 안에 증빙을 보완해 주시기 바랍니다.
보완한 항목은 하반기 점검에서 다시 확인합니다.",N,SD01-1,2026-07-10T10:00:00+09:00,,
NTC-S002,폭염 대비 옥외작업 종사자 보호 조치 안내,"폭염특보가 발령되면 옥외 작업 종사자에게 물·그늘·휴식을 보장하고, 무더운 시간대(14~17시) 작업을 줄여 주십시오.
도급·용역·위탁 현장에도 같은 내용을 전달해 주시기 바랍니다.",N,SD02-1,2026-07-01T09:30:00+09:00,,
NTC-S001,의무이행 관리시스템 이용 안내,"의무이행 관리시스템 이용 방법을 안내합니다.

1. 관리대상 현황: 소관 시설·설비와 도급·용역·위탁 현황을 등록합니다.
2. 법 의무사항: 대상별 관계 법령 의무를 확인합니다.
3. 의무이행(실적증빙): 단계별 이행 결과와 증빙을 등록합니다.
4. 이행점검 및 조치: 점검 결과를 확인하고 보완 지시에 따라 조치합니다.

사용 설명 자료는 자료실에 있습니다.",N,SD01-1,2026-03-02T09:00:00+09:00,,
