sched_id,kind,title,month_from,day_from,month_to,day_to,basis,source,href,note
SCH-01,서울시 운영 예시,안전계획 수립 · 전년 점검 결과 제출(소관 부서 → 총괄),1,1,1,31,시행령 제10조제4호 안전계획 연 1회 이상 수립(날짜는 법에 없음),서울시 시민재해 안전보건업무 안내서(2023.8. 잠정) 표 4-2 · 그림 4-2,/system,예시 자료(시연용) · 기관이 날짜를 바꿀 수 있음
SCH-02,서울시 운영 예시,전년도 연간 이행실적 제출,1,20,1,20,시행령 제10조제5호 · 제11조제2항 점검 결과 보고,서울시 시민재해 안전보건업무 안내서(2023.8. 잠정) 그림 4-2(다음 해 1.20.까지),/report,전년도 실적
SCH-03,서울시 운영 예시,경영책임자 보고 · 조치 지시 → 안전계획 확정,2,1,2,28,시행령 제10조제4호 · 제5호,서울시 시민재해 안전보건업무 안내서(2023.8. 잠정) 표 4-2 · 그림 4-2,/report,예시 자료(시연용) · 기관이 날짜를 바꿀 수 있음
SCH-04,서울시 운영 예시,해빙기 안전점검,2,1,3,31,시설물안전법 정기점검(D·E등급 연 3회: 해빙기·우기·동절기),서울시 시민재해 안전보건업무 안내서(2023.8. 잠정) p.112 계절별 점검 · 표 4-7,/tasks,예시 자료(시연용) · 기관이 날짜를 바꿀 수 있음
SCH-05,서울시 운영 예시,풍수해 대비 점검,3,1,4,30,,서울시 시민재해 안전보건업무 안내서(2023.8. 잠정) p.112 계절별 점검,/tasks,예시 자료(시연용) · 기관이 날짜를 바꿀 수 있음
SCH-06,서울시 운영 예시,여름철 대비 점검,5,1,5,31,,서울시 시민재해 안전보건업무 안내서(2023.8. 잠정) p.112 계절별 점검,/tasks,예시 자료(시연용) · 기관이 날짜를 바꿀 수 있음
SCH-07,서울시 운영 예시,상반기 이행실적 제출,7,20,7,20,시행령 제10조제5호 반기 1회 점검 결과 보고,서울시 시민재해 안전보건업무 안내서(2023.8. 잠정) 그림 4-2(7.20.까지),/report,예시 자료(시연용) · 기관이 날짜를 바꿀 수 있음
SCH-08,서울시 운영 예시,의무이행 점검보고회(상반기),7,1,7,31,,서울시 시민재해 안전보건업무 안내서(2023.8. 잠정) p.103 점검보고회 연 2회(7·12월),/report,예시 자료(시연용) · 기관이 날짜를 바꿀 수 있음
SCH-09,서울시 운영 예시,반기 총괄 보고 · 경영책임자 지시,8,1,8,31,,서울시 시민재해 안전보건업무 안내서(2023.8. 잠정) 표 4-2 · 그림 4-2,/report,예시 자료(시연용) · 기관이 날짜를 바꿀 수 있음
SCH-10,서울시 운영 예시,다음 해 안전 예산 요구 · 편성,10,1,12,31,시행령 제10조제2호 예산 편성·집행,서울시 시민재해 안전보건업무 안내서(2023.8. 잠정) 표 4-2 · 그림 4-2,/budget,예시 자료(시연용) · 기관이 날짜를 바꿀 수 있음
SCH-11,서울시 운영 예시,겨울철 대비 점검,11,1,11,30,시설물안전법 정기점검(D·E등급 연 3회: 해빙기·우기·동절기),서울시 시민재해 안전보건업무 안내서(2023.8. 잠정) p.112 계절별 점검,/tasks,예시 자료(시연용) · 기관이 날짜를 바꿀 수 있음
SCH-12,서울시 운영 예시,의무이행 점검보고회(하반기),12,1,12,31,,서울시 시민재해 안전보건업무 안내서(2023.8. 잠정) p.103 점검보고회 연 2회(7·12월),/report,예시 자료(시연용) · 기관이 날짜를 바꿀 수 있음
