course_id,course_name,law,basis,target,cycle,cycle_months,required_hours,applies_depts,hazardous_work,note
TC01,근로자 정기교육,산업안전보건법,산업안전보건법 제29조제1항 · 시행규칙 제26조제1항 · 별표 4 제1호가목,소속 근로자,반기,6,사무직 매반기 6시간 이상 · 그 밖의 근로자(판매업무 외) 매반기 12시간 이상,D01 D02 D03 D04 D05 D06 D07 D08 D09 D10 D11 D12 D13 D14,N,예시 자료(시연용)
TC02,관리감독자 정기교육,산업안전보건법,산업안전보건법 제29조제1항 · 시행규칙 제26조제1항 · 별표 4 제1호의2 가목,관리감독자,연,12,연간 16시간 이상,D01 D02 D03 D04 D05 D06 D07 D08 D09 D10 D11 D12 D13 D14,N,예시 자료(시연용)
TC03,채용 시 교육,산업안전보건법,산업안전보건법 제29조제2항 · 시행규칙 제26조제1항 · 별표 4 제1호나목,새로 채용한 근로자,채용 시,,그 밖의 근로자 8시간 이상(일용·단기 기간제는 1~4시간 이상),D01 D02 D03 D04 D05 D06 D07 D08 D09 D10 D11 D12 D13 D14,N,예시 자료(시연용) · 채용이 있을 때만 생긴다
TC04,특별교육 — 밀폐공간에서의 작업,산업안전보건법,산업안전보건법 제29조제3항 · 시행규칙 제26조제1항 · 별표 4 제1호라목 · 별표 5 제1호라목 34,밀폐공간 작업에 배치하는 근로자,작업 배치 시,,"16시간 이상(최초 작업 전 4시간 이상, 12시간은 3개월 이내 분할 가능) · 단기간·간헐적 작업은 2시간 이상",D04 D05,Y,예시 자료(시연용)
TC05,특별교육 — 전압 75볼트 이상 정전 및 활선작업,산업안전보건법,산업안전보건법 제29조제3항 · 시행규칙 제26조제1항 · 별표 4 제1호라목 · 별표 5 제1호라목 17,정전·활선 작업에 배치하는 근로자,작업 배치 시,,"16시간 이상(최초 작업 전 4시간 이상, 12시간은 3개월 이내 분할 가능) · 단기간·간헐적 작업은 2시간 이상",D04,Y,예시 자료(시연용)
TC06,안전보건관리책임자 직무교육,산업안전보건법,산업안전보건법 제32조제1항제1호 · 시행규칙 제29조제1항 · 별표 4 제2호가목,안전보건관리책임자,2년(보수),24,신규 6시간 이상(선임 후 3개월 이내) · 보수 6시간 이상,D01,N,예시 자료(시연용) · 기관 단위
TC07,안전관리자 직무교육,산업안전보건법,산업안전보건법 제32조제1항제2호 · 시행규칙 제29조제1항 · 별표 4 제2호나목,안전관리자,2년(보수),24,신규 34시간 이상(선임 후 3개월 이내) · 보수 24시간 이상,D01 D02 D03 D04 D05 D06 D07 D08 D09 D10 D11 D12 D13 D14,N,예시 자료(시연용) · 선임 현황은 체계 수립 화면과 같은 자료
TC08,승강기관리교육,승강기 안전관리법,승강기 안전관리법 제29조제5항 · 시행규칙 제52조,승강기 안전관리자,3년(정기),36,시행규칙 별표 10에 따름,D08 D09 D10,N,예시 자료(시연용)
TC09,어린이놀이시설 안전교육,어린이놀이시설 안전관리법,어린이놀이시설 안전관리법 제20조제1항 · 시행규칙 제20조,어린이놀이시설 안전관리자,2년,24,1회 4시간 이상(2년에 1회 이상),D06 D07,N,예시 자료(시연용)
TC10,정기안전점검 책임기술자 교육,시설물의 안전 및 유지관리에 관한 특별법,시설물의 안전 및 유지관리에 관한 특별법 시행규칙 제10조제1항·제2항,책임기술자 및 그 감독하에 안전점검을 실시하는 사람,5년(보수),60,신규 35시간 이상 · 보수 7시간 이상,D03 D04 D05 D09,N,예시 자료(시연용)
TC11,경영책임자 안전보건교육,중대재해 처벌 등에 관한 법률,중대재해 처벌 등에 관한 법률 제8조제1항 · 시행령 제6조제1항,중대산업재해가 발생한 기관의 경영책임자등,발생 시,,총 20시간의 범위,,N,예시 자료(시연용) · 중대산업재해가 발생한 경우에만 의무
