rec_id,track,target_id,saved_at,by,vals,laws,hidden
T-fc-BR1992-0000156,fc,BR1992-0000156,2026-09-10 14:00,SD03-1,"{""f1"": ""2026-02"", ""f2"": ""2026-02"", ""f3a"": ""2026-03"", ""f3b"": ""2026-09"", ""f3c"": ""2026-07"", ""f3d"": ""2026-07"", ""f3e"": ""2026-07"", ""f3f"": ""하반기"", ""f4a"": ""2026-02"", ""f4b"": ""2026-02"", ""f5a"": ""2026-01"", ""f5b"": ""2026-01"", ""f5c"": ""2026-01"", ""f5d"": ""2026-04"", ""f6"": ""하반기"", ""f7"": ""하반기"", ""f8a"": ""2026-07"", ""f8b"": ""2026-07""}",{},
T-fc-BR1992-0000904,fc,BR1992-0000904,2026-09-11 14:03,SD03-1,"{""f1"": ""2026-02"", ""f2"": ""2026-02"", ""f3a"": ""2026-03"", ""f3b"": ""2026-09"", ""f3c"": ""2026-07"", ""f3d"": ""2026-07"", ""f3e"": ""2026-07"", ""f3f"": ""하반기"", ""f4a"": ""2026-02""}",{},
T-fc-BR1993-0000845,fc,BR1993-0000845,2026-09-12 14:06,SD03-1,"{""f1"": ""2026-02"", ""f2"": ""2026-02"", ""f3a"": ""2026-03"", ""f3b"": ""2026-09"", ""f3c"": ""2026-07""}",{},
T-fc-BR1900-0000033,fc,BR1900-0000033,2026-09-13 14:09,SD03-1,"{""f1"": ""2026-02"", ""f2"": ""2026-02"", ""f3a"": ""2026-03"", ""f3b"": ""2026-09"", ""f3c"": ""2026-07"", ""f3d"": ""2026-07"", ""f3e"": ""2026-07"", ""f3f"": ""하반기"", ""f4a"": ""2026-02"", ""f4b"": ""2026-02"", ""f5a"": ""2026-01"", ""f5b"": ""2026-01"", ""f5c"": ""2026-01"", ""f5d"": ""2026-04"", ""f6"": ""하반기"", ""f7"": ""하반기"", ""f8a"": ""2026-07"", ""f8b"": ""2026-07""}",{},
T-fc-BR1968-0000035,fc,BR1968-0000035,2026-09-14 14:12,SD03-1,"{""f1"": ""2026-02"", ""f2"": ""2026-02"", ""f3a"": ""2026-03"", ""f3b"": ""2026-09"", ""f3c"": ""2026-07"", ""f3d"": ""2026-07"", ""f3e"": ""2026-07"", ""f3f"": ""하반기"", ""f4a"": ""2026-02""}",{},
T-fc-BR1968-0000057,fc,BR1968-0000057,2026-09-15 14:15,SD03-1,"{""f1"": ""2026-02"", ""f2"": ""2026-02"", ""f3a"": ""2026-03"", ""f3b"": ""2026-09"", ""f3c"": ""2026-07""}",{},
T-fc-BR1970-0000129,fc,BR1970-0000129,2026-09-16 14:18,SD03-1,"{""f1"": ""2026-02"", ""f2"": ""2026-02"", ""f3a"": ""2026-03"", ""f3b"": ""2026-09"", ""f3c"": ""2026-07"", ""f3d"": ""2026-07"", ""f3e"": ""2026-07"", ""f3f"": ""하반기"", ""f4a"": ""2026-02"", ""f4b"": ""2026-02"", ""f5a"": ""2026-01"", ""f5b"": ""2026-01"", ""f5c"": ""2026-01"", ""f5d"": ""2026-04"", ""f6"": ""하반기"", ""f7"": ""하반기"", ""f8a"": ""2026-07"", ""f8b"": ""2026-07""}",{},
T-fc-BR1974-0000037,fc,BR1974-0000037,2026-09-17 14:21,SD03-1,"{""f1"": ""2026-02"", ""f2"": ""2026-02"", ""f3a"": ""2026-03"", ""f3b"": ""2026-09"", ""f3c"": ""2026-07"", ""f3d"": ""2026-07"", ""f3e"": ""2026-07"", ""f3f"": ""하반기"", ""f4a"": ""2026-02""}",{},
T-fc-BR1977-0000141,fc,BR1977-0000141,2026-09-18 14:24,SD03-1,"{""f1"": ""2026-02"", ""f2"": ""2026-02"", ""f3a"": ""2026-03"", ""f3b"": ""2026-09"", ""f3c"": ""2026-07""}",{},
T-fc-BR1979-0000106,fc,BR1979-0000106,2026-09-10 14:27,SD03-1,"{""f1"": ""2026-02"", ""f2"": ""2026-02"", ""f3a"": ""2026-03"", ""f3b"": ""2026-09"", ""f3c"": ""2026-07"", ""f3d"": ""2026-07"", ""f3e"": ""2026-07"", ""f3f"": ""하반기"", ""f4a"": ""2026-02"", ""f4b"": ""2026-02"", ""f5a"": ""2026-01"", ""f5b"": ""2026-01"", ""f5c"": ""2026-01"", ""f5d"": ""2026-04"", ""f6"": ""하반기"", ""f7"": ""하반기"", ""f8a"": ""2026-07"", ""f8b"": ""2026-07""}",{},
T-fc-ST2005-0000048,fc,ST2005-0000048,2026-09-11 14:30,SD04-1,"{""f1"": ""2026-02"", ""f2"": ""2026-02"", ""f3a"": ""2026-03"", ""f3b"": ""2026-09"", ""f3c"": ""2026-07"", ""f3d"": ""2026-07"", ""f3e"": ""2026-07"", ""f3f"": ""하반기"", ""f4a"": ""2026-02""}",{},
T-fc-ST2005-0000049,fc,ST2005-0000049,2026-09-12 14:33,SD04-1,"{""f1"": ""2026-02"", ""f2"": ""2026-02"", ""f3a"": ""2026-03"", ""f3b"": ""2026-09"", ""f3c"": ""2026-07""}",{},
T-fc-ST2009-0000031,fc,ST2009-0000031,2026-09-13 14:36,SD04-1,"{""f1"": ""2026-02"", ""f2"": ""2026-02"", ""f3a"": ""2026-03"", ""f3b"": ""2026-09"", ""f3c"": ""2026-07"", ""f3d"": ""2026-07"", ""f3e"": ""2026-07"", ""f3f"": ""하반기"", ""f4a"": ""2026-02"", ""f4b"": ""2026-02"", ""f5a"": ""2026-01"", ""f5b"": ""2026-01"", ""f5c"": ""2026-01"", ""f5d"": ""2026-04"", ""f6"": ""하반기"", ""f7"": ""하반기"", ""f8a"": ""2026-07"", ""f8b"": ""2026-07""}",{},
T-fc-AR1978-0000349,fc,AR1978-0000349,2026-09-14 14:39,SD09-1,"{""f1"": ""2026-02"", ""f2"": ""2026-02"", ""f3a"": ""2026-03"", ""f3b"": ""2026-09"", ""f3c"": ""2026-07"", ""f3d"": ""2026-07"", ""f3e"": ""2026-07"", ""f3f"": ""하반기"", ""f4a"": ""2026-02""}",{},
T-fc-AR1982-0000084,fc,AR1982-0000084,2026-09-15 14:42,SD09-1,"{""f1"": ""2026-02"", ""f2"": ""2026-02"", ""f3a"": ""2026-03"", ""f3b"": ""2026-09"", ""f3c"": ""2026-07""}",{},
T-fc-AR1987-0000089,fc,AR1987-0000089,2026-09-16 14:45,SD09-1,"{""f1"": ""2026-02"", ""f2"": ""2026-02"", ""f3a"": ""2026-03"", ""f3b"": ""2026-09"", ""f3c"": ""2026-07"", ""f3d"": ""2026-07"", ""f3e"": ""2026-07"", ""f3f"": ""하반기"", ""f4a"": ""2026-02"", ""f4b"": ""2026-02"", ""f5a"": ""2026-01"", ""f5b"": ""2026-01"", ""f5c"": ""2026-01"", ""f5d"": ""2026-04"", ""f6"": ""하반기"", ""f7"": ""하반기"", ""f8a"": ""2026-07"", ""f8b"": ""2026-07""}",{},
T-mt-MAT-001,mt,MAT-001,2026-09-16 09:30,SD04-1,"{""m1"": ""2026-02"", ""m2"": ""2026-02"", ""m3a"": ""2026-06"", ""m3b"": ""2026-12"", ""m3c"": ""2026-01""}",{},
T-ws-HQ,ws,HQ,2026-09-15 11:00,SD01-1,"{""w1"": ""2026-01"", ""w2"": ""2026-01"", ""w3"": ""2026-02"", ""w4a"": ""2026-05"", ""w4b"": ""2026-11"", ""w5"": ""2026-02"", ""w6a"": ""2026-06"", ""w6b"": ""2026-12"", ""w7a"": ""2026-06"", ""w7b"": ""2026-12"", ""w8a"": ""2026-03"", ""w8b"": ""2026-04"", ""w9"": ""하반기"", ""w10"": ""하반기""}",{},
