assign_id,duty_key,asset_id,scope,target_code,dept_id,owner_staff_id,deputy_staff_id,applicability,applicability_note,cycle,cycle_days,decided_by,decided_at,badge
ASG-000100,DTY-00060,WG2008-0000097,자산,TG06,D17,SD17-1,SD17-2,확인필요,관리주체 확인 필요(FMS 관리주체 정보 없음·추정) — 용인시 관리면 「해당」으로,수시,180,,,분류 추론 — 검수 전
ASG-000101,DTY-00060,WG2008-0000098,자산,TG06,D17,SD17-1,SD17-2,확인필요,관리주체 확인 필요(FMS 관리주체 정보 없음·추정) — 용인시 관리면 「해당」으로,수시,180,,,분류 추론 — 검수 전
ASG-000102,DTY-00060,WG2008-0000099,자산,TG06,D17,SD17-1,SD17-2,확인필요,관리주체 확인 필요(FMS 관리주체 정보 없음·추정) — 용인시 관리면 「해당」으로,수시,180,,,분류 추론 — 검수 전
ASG-000179,DTY-00136,DA2008-0000007,자산,TG04,D13,SD13-1,SD13-2,비해당,관리주체 한국농어촌공사 평택지사 — 용인시 관리 시설 아님(용인시민신문 2021-11-30 · 국제뉴스 2025-03-25),수시,180,G01,2026-09-24,분류 추론 — 검수 전
ASG-000180,DTY-00136,DA2008-0000154,자산,TG04,D13,SD13-1,SD13-2,비해당,관리주체 한국농어촌공사 평택지사 — 용인시 관리 시설 아님(용인시민신문 2021-11-30 · 국제뉴스 2025-03-25),수시,180,G01,2026-09-24,분류 추론 — 검수 전
ASG-000181,DTY-00136,DA2008-0000165,자산,TG04,D13,SD13-1,SD13-2,비해당,관리주체 한국농어촌공사 안성지사 — 용인시 관리 시설 아님(용인시민신문 2021-11-30 · 국제뉴스 2025-03-25),수시,180,G01,2026-09-24,분류 추론 — 검수 전
ASG-000183,DTY-00137,DA2008-0000007,자산,TG04,D13,SD13-1,SD13-2,비해당,관리주체 한국농어촌공사 평택지사 — 용인시 관리 시설 아님(용인시민신문 2021-11-30 · 국제뉴스 2025-03-25),상시,365,G01,2026-09-24,
ASG-000184,DTY-00137,DA2008-0000154,자산,TG04,D13,SD13-1,SD13-2,비해당,관리주체 한국농어촌공사 평택지사 — 용인시 관리 시설 아님(용인시민신문 2021-11-30 · 국제뉴스 2025-03-25),상시,365,G01,2026-09-24,
ASG-000185,DTY-00137,DA2008-0000165,자산,TG04,D13,SD13-1,SD13-2,비해당,관리주체 한국농어촌공사 안성지사 — 용인시 관리 시설 아님(용인시민신문 2021-11-30 · 국제뉴스 2025-03-25),상시,365,G01,2026-09-24,
ASG-000206,DTY-00157,DA2008-0000007,자산,TG04,D13,SD13-1,SD13-2,비해당,관리주체 한국농어촌공사 평택지사 — 용인시 관리 시설 아님(용인시민신문 2021-11-30 · 국제뉴스 2025-03-25),상시,365,G01,2026-09-24,
ASG-000207,DTY-00157,DA2008-0000154,자산,TG04,D13,SD13-1,SD13-2,비해당,관리주체 한국농어촌공사 평택지사 — 용인시 관리 시설 아님(용인시민신문 2021-11-30 · 국제뉴스 2025-03-25),상시,365,G01,2026-09-24,
ASG-000208,DTY-00157,DA2008-0000165,자산,TG04,D13,SD13-1,SD13-2,비해당,관리주체 한국농어촌공사 안성지사 — 용인시 관리 시설 아님(용인시민신문 2021-11-30 · 국제뉴스 2025-03-25),상시,365,G01,2026-09-24,
ASG-000210,DTY-00158,DA2008-0000007,자산,TG04,D13,SD13-1,SD13-2,비해당,관리주체 한국농어촌공사 평택지사 — 용인시 관리 시설 아님(용인시민신문 2021-11-30 · 국제뉴스 2025-03-25),상시,365,G01,2026-09-24,
ASG-000211,DTY-00158,DA2008-0000154,자산,TG04,D13,SD13-1,SD13-2,비해당,관리주체 한국농어촌공사 평택지사 — 용인시 관리 시설 아님(용인시민신문 2021-11-30 · 국제뉴스 2025-03-25),상시,365,G01,2026-09-24,
ASG-000212,DTY-00158,DA2008-0000165,자산,TG04,D13,SD13-1,SD13-2,비해당,관리주체 한국농어촌공사 안성지사 — 용인시 관리 시설 아님(용인시민신문 2021-11-30 · 국제뉴스 2025-03-25),상시,365,G01,2026-09-24,
ASG-000214,DTY-00159,DA2008-0000007,자산,TG04,D13,SD13-1,SD13-2,비해당,관리주체 한국농어촌공사 평택지사 — 용인시 관리 시설 아님(용인시민신문 2021-11-30 · 국제뉴스 2025-03-25),상시,365,G01,2026-09-24,
ASG-000215,DTY-00159,DA2008-0000154,자산,TG04,D13,SD13-1,SD13-2,비해당,관리주체 한국농어촌공사 평택지사 — 용인시 관리 시설 아님(용인시민신문 2021-11-30 · 국제뉴스 2025-03-25),상시,365,G01,2026-09-24,
ASG-000216,DTY-00159,DA2008-0000165,자산,TG04,D13,SD13-1,SD13-2,비해당,관리주체 한국농어촌공사 안성지사 — 용인시 관리 시설 아님(용인시민신문 2021-11-30 · 국제뉴스 2025-03-25),상시,365,G01,2026-09-24,
ASG-000340,DTY-00210,WG2008-0000097,자산,TG06,D17,SD17-1,SD17-2,확인필요,관리주체 확인 필요(FMS 관리주체 정보 없음·추정) — 용인시 관리면 「해당」으로,연1회,365,,,분류 추론 — 검수 전
ASG-000341,DTY-00210,WG2008-0000098,자산,TG06,D17,SD17-1,SD17-2,확인필요,관리주체 확인 필요(FMS 관리주체 정보 없음·추정) — 용인시 관리면 「해당」으로,연1회,365,,,분류 추론 — 검수 전
ASG-000342,DTY-00210,WG2008-0000099,자산,TG06,D17,SD17-1,SD17-2,확인필요,관리주체 확인 필요(FMS 관리주체 정보 없음·추정) — 용인시 관리면 「해당」으로,연1회,365,,,분류 추론 — 검수 전
ASG-000379,DTY-00222,WG2008-0000097,자산,TG06,D17,SD17-1,SD17-2,확인필요,관리주체 확인 필요(FMS 관리주체 정보 없음·추정) — 용인시 관리면 「해당」으로,상시,365,,,
ASG-000380,DTY-00222,WG2008-0000098,자산,TG06,D17,SD17-1,SD17-2,확인필요,관리주체 확인 필요(FMS 관리주체 정보 없음·추정) — 용인시 관리면 「해당」으로,상시,365,,,
ASG-000381,DTY-00222,WG2008-0000099,자산,TG06,D17,SD17-1,SD17-2,확인필요,관리주체 확인 필요(FMS 관리주체 정보 없음·추정) — 용인시 관리면 「해당」으로,상시,365,,,
ASG-000396,DTY-00227,WG2008-0000097,자산,TG06,D17,SD17-1,SD17-2,확인필요,관리주체 확인 필요(FMS 관리주체 정보 없음·추정) — 용인시 관리면 「해당」으로,상시,365,,,
ASG-000397,DTY-00227,WG2008-0000098,자산,TG06,D17,SD17-1,SD17-2,확인필요,관리주체 확인 필요(FMS 관리주체 정보 없음·추정) — 용인시 관리면 「해당」으로,상시,365,,,
ASG-000398,DTY-00227,WG2008-0000099,자산,TG06,D17,SD17-1,SD17-2,확인필요,관리주체 확인 필요(FMS 관리주체 정보 없음·추정) — 용인시 관리면 「해당」으로,상시,365,,,
ASG-000536,DTY-00301,WG2008-0000097,자산,TG06,D17,SD17-1,SD17-2,확인필요,관리주체 확인 필요(FMS 관리주체 정보 없음·추정) — 용인시 관리면 「해당」으로,상시,365,,,
ASG-000537,DTY-00301,WG2008-0000098,자산,TG06,D17,SD17-1,SD17-2,확인필요,관리주체 확인 필요(FMS 관리주체 정보 없음·추정) — 용인시 관리면 「해당」으로,상시,365,,,
ASG-000538,DTY-00301,WG2008-0000099,자산,TG06,D17,SD17-1,SD17-2,확인필요,관리주체 확인 필요(FMS 관리주체 정보 없음·추정) — 용인시 관리면 「해당」으로,상시,365,,,
ASG-000558,DTY-00320,WG2008-0000097,자산,TG06,D17,SD17-1,SD17-2,확인필요,관리주체 확인 필요(FMS 관리주체 정보 없음·추정) — 용인시 관리면 「해당」으로,연1회,365,,,
ASG-000559,DTY-00320,WG2008-0000098,자산,TG06,D17,SD17-1,SD17-2,확인필요,관리주체 확인 필요(FMS 관리주체 정보 없음·추정) — 용인시 관리면 「해당」으로,연1회,365,,,
ASG-000560,DTY-00320,WG2008-0000099,자산,TG06,D17,SD17-1,SD17-2,확인필요,관리주체 확인 필요(FMS 관리주체 정보 없음·추정) — 용인시 관리면 「해당」으로,연1회,365,,,
ASG-000562,DTY-00321,WG2008-0000097,자산,TG06,D17,SD17-1,SD17-2,확인필요,관리주체 확인 필요(FMS 관리주체 정보 없음·추정) — 용인시 관리면 「해당」으로,반기 1회,180,,,
ASG-000563,DTY-00321,WG2008-0000098,자산,TG06,D17,SD17-1,SD17-2,확인필요,관리주체 확인 필요(FMS 관리주체 정보 없음·추정) — 용인시 관리면 「해당」으로,반기 1회,180,,,
ASG-000564,DTY-00321,WG2008-0000099,자산,TG06,D17,SD17-1,SD17-2,확인필요,관리주체 확인 필요(FMS 관리주체 정보 없음·추정) — 용인시 관리면 「해당」으로,반기 1회,180,,,
ASG-000573,DTY-00326,WG2008-0000097,자산,TG06,D17,SD17-1,SD17-2,확인필요,관리주체 확인 필요(FMS 관리주체 정보 없음·추정) — 용인시 관리면 「해당」으로,상시,365,,,
ASG-000574,DTY-00326,WG2008-0000098,자산,TG06,D17,SD17-1,SD17-2,확인필요,관리주체 확인 필요(FMS 관리주체 정보 없음·추정) — 용인시 관리면 「해당」으로,상시,365,,,
ASG-000575,DTY-00326,WG2008-0000099,자산,TG06,D17,SD17-1,SD17-2,확인필요,관리주체 확인 필요(FMS 관리주체 정보 없음·추정) — 용인시 관리면 「해당」으로,상시,365,,,
ASG-000577,DTY-00327,WG2008-0000097,자산,TG06,D17,SD17-1,SD17-2,확인필요,관리주체 확인 필요(FMS 관리주체 정보 없음·추정) — 용인시 관리면 「해당」으로,상시,365,,,
ASG-000578,DTY-00327,WG2008-0000098,자산,TG06,D17,SD17-1,SD17-2,확인필요,관리주체 확인 필요(FMS 관리주체 정보 없음·추정) — 용인시 관리면 「해당」으로,상시,365,,,
ASG-000579,DTY-00327,WG2008-0000099,자산,TG06,D17,SD17-1,SD17-2,확인필요,관리주체 확인 필요(FMS 관리주체 정보 없음·추정) — 용인시 관리면 「해당」으로,상시,365,,,
ASG-000581,DTY-00328,WG2008-0000097,자산,TG06,D17,SD17-1,SD17-2,확인필요,관리주체 확인 필요(FMS 관리주체 정보 없음·추정) — 용인시 관리면 「해당」으로,상시,365,,,
ASG-000582,DTY-00328,WG2008-0000098,자산,TG06,D17,SD17-1,SD17-2,확인필요,관리주체 확인 필요(FMS 관리주체 정보 없음·추정) — 용인시 관리면 「해당」으로,상시,365,,,
ASG-000583,DTY-00328,WG2008-0000099,자산,TG06,D17,SD17-1,SD17-2,확인필요,관리주체 확인 필요(FMS 관리주체 정보 없음·추정) — 용인시 관리면 「해당」으로,상시,365,,,
ASG-000585,DTY-00329,WG2008-0000097,자산,TG06,D17,SD17-1,SD17-2,확인필요,관리주체 확인 필요(FMS 관리주체 정보 없음·추정) — 용인시 관리면 「해당」으로,수시,180,,,
ASG-000586,DTY-00329,WG2008-0000098,자산,TG06,D17,SD17-1,SD17-2,확인필요,관리주체 확인 필요(FMS 관리주체 정보 없음·추정) — 용인시 관리면 「해당」으로,수시,180,,,
ASG-000587,DTY-00329,WG2008-0000099,자산,TG06,D17,SD17-1,SD17-2,확인필요,관리주체 확인 필요(FMS 관리주체 정보 없음·추정) — 용인시 관리면 「해당」으로,수시,180,,,
ASG-000629,DTY-00370,DA2008-0000007,자산,TG04,D13,SD13-1,SD13-2,비해당,관리주체 한국농어촌공사 평택지사 — 용인시 관리 시설 아님(용인시민신문 2021-11-30 · 국제뉴스 2025-03-25),수시,180,G01,2026-09-24,
ASG-000630,DTY-00370,DA2008-0000154,자산,TG04,D13,SD13-1,SD13-2,비해당,관리주체 한국농어촌공사 평택지사 — 용인시 관리 시설 아님(용인시민신문 2021-11-30 · 국제뉴스 2025-03-25),수시,180,G01,2026-09-24,
ASG-000631,DTY-00370,DA2008-0000165,자산,TG04,D13,SD13-1,SD13-2,비해당,관리주체 한국농어촌공사 안성지사 — 용인시 관리 시설 아님(용인시민신문 2021-11-30 · 국제뉴스 2025-03-25),수시,180,G01,2026-09-24,
ASG-000633,DTY-00371,DA2008-0000007,자산,TG04,D13,SD13-1,SD13-2,비해당,관리주체 한국농어촌공사 평택지사 — 용인시 관리 시설 아님(용인시민신문 2021-11-30 · 국제뉴스 2025-03-25),수시,180,G01,2026-09-24,
ASG-000634,DTY-00371,DA2008-0000154,자산,TG04,D13,SD13-1,SD13-2,비해당,관리주체 한국농어촌공사 평택지사 — 용인시 관리 시설 아님(용인시민신문 2021-11-30 · 국제뉴스 2025-03-25),수시,180,G01,2026-09-24,
ASG-000635,DTY-00371,DA2008-0000165,자산,TG04,D13,SD13-1,SD13-2,비해당,관리주체 한국농어촌공사 안성지사 — 용인시 관리 시설 아님(용인시민신문 2021-11-30 · 국제뉴스 2025-03-25),수시,180,G01,2026-09-24,
ASG-000637,DTY-00372,DA2008-0000007,자산,TG04,D13,SD13-1,SD13-2,비해당,관리주체 한국농어촌공사 평택지사 — 용인시 관리 시설 아님(용인시민신문 2021-11-30 · 국제뉴스 2025-03-25),수시,180,G01,2026-09-24,
ASG-000638,DTY-00372,DA2008-0000154,자산,TG04,D13,SD13-1,SD13-2,비해당,관리주체 한국농어촌공사 평택지사 — 용인시 관리 시설 아님(용인시민신문 2021-11-30 · 국제뉴스 2025-03-25),수시,180,G01,2026-09-24,
ASG-000639,DTY-00372,DA2008-0000165,자산,TG04,D13,SD13-1,SD13-2,비해당,관리주체 한국농어촌공사 안성지사 — 용인시 관리 시설 아님(용인시민신문 2021-11-30 · 국제뉴스 2025-03-25),수시,180,G01,2026-09-24,
ASG-000641,DTY-00373,DA2008-0000007,자산,TG04,D13,SD13-1,SD13-2,비해당,관리주체 한국농어촌공사 평택지사 — 용인시 관리 시설 아님(용인시민신문 2021-11-30 · 국제뉴스 2025-03-25),수시,180,G01,2026-09-24,
ASG-000642,DTY-00373,DA2008-0000154,자산,TG04,D13,SD13-1,SD13-2,비해당,관리주체 한국농어촌공사 평택지사 — 용인시 관리 시설 아님(용인시민신문 2021-11-30 · 국제뉴스 2025-03-25),수시,180,G01,2026-09-24,
ASG-000643,DTY-00373,DA2008-0000165,자산,TG04,D13,SD13-1,SD13-2,비해당,관리주체 한국농어촌공사 안성지사 — 용인시 관리 시설 아님(용인시민신문 2021-11-30 · 국제뉴스 2025-03-25),수시,180,G01,2026-09-24,
ASG-000645,DTY-00374,DA2008-0000007,자산,TG04,D13,SD13-1,SD13-2,비해당,관리주체 한국농어촌공사 평택지사 — 용인시 관리 시설 아님(용인시민신문 2021-11-30 · 국제뉴스 2025-03-25),수시,180,G01,2026-09-24,
ASG-000646,DTY-00374,DA2008-0000154,자산,TG04,D13,SD13-1,SD13-2,비해당,관리주체 한국농어촌공사 평택지사 — 용인시 관리 시설 아님(용인시민신문 2021-11-30 · 국제뉴스 2025-03-25),수시,180,G01,2026-09-24,
ASG-000647,DTY-00374,DA2008-0000165,자산,TG04,D13,SD13-1,SD13-2,비해당,관리주체 한국농어촌공사 안성지사 — 용인시 관리 시설 아님(용인시민신문 2021-11-30 · 국제뉴스 2025-03-25),수시,180,G01,2026-09-24,
ASG-000649,DTY-00375,DA2008-0000007,자산,TG04,D13,SD13-1,SD13-2,비해당,관리주체 한국농어촌공사 평택지사 — 용인시 관리 시설 아님(용인시민신문 2021-11-30 · 국제뉴스 2025-03-25),수시,180,G01,2026-09-24,
ASG-000650,DTY-00375,DA2008-0000154,자산,TG04,D13,SD13-1,SD13-2,비해당,관리주체 한국농어촌공사 평택지사 — 용인시 관리 시설 아님(용인시민신문 2021-11-30 · 국제뉴스 2025-03-25),수시,180,G01,2026-09-24,
ASG-000651,DTY-00375,DA2008-0000165,자산,TG04,D13,SD13-1,SD13-2,비해당,관리주체 한국농어촌공사 안성지사 — 용인시 관리 시설 아님(용인시민신문 2021-11-30 · 국제뉴스 2025-03-25),수시,180,G01,2026-09-24,
ASG-000653,DTY-00376,DA2008-0000007,자산,TG04,D13,SD13-1,SD13-2,비해당,관리주체 한국농어촌공사 평택지사 — 용인시 관리 시설 아님(용인시민신문 2021-11-30 · 국제뉴스 2025-03-25),수시,180,G01,2026-09-24,
ASG-000654,DTY-00376,DA2008-0000154,자산,TG04,D13,SD13-1,SD13-2,비해당,관리주체 한국농어촌공사 평택지사 — 용인시 관리 시설 아님(용인시민신문 2021-11-30 · 국제뉴스 2025-03-25),수시,180,G01,2026-09-24,
ASG-000655,DTY-00376,DA2008-0000165,자산,TG04,D13,SD13-1,SD13-2,비해당,관리주체 한국농어촌공사 안성지사 — 용인시 관리 시설 아님(용인시민신문 2021-11-30 · 국제뉴스 2025-03-25),수시,180,G01,2026-09-24,
ASG-001031,DTY-00526,WG2008-0000097,자산,TG06,D17,SD17-1,SD17-2,확인필요,관리주체 확인 필요(FMS 관리주체 정보 없음·추정) — 용인시 관리면 「해당」으로,반기 1회,180,,,
ASG-001032,DTY-00526,WG2008-0000098,자산,TG06,D17,SD17-1,SD17-2,확인필요,관리주체 확인 필요(FMS 관리주체 정보 없음·추정) — 용인시 관리면 「해당」으로,반기 1회,180,,,
ASG-001033,DTY-00526,WG2008-0000099,자산,TG06,D17,SD17-1,SD17-2,확인필요,관리주체 확인 필요(FMS 관리주체 정보 없음·추정) — 용인시 관리면 「해당」으로,반기 1회,180,,,
ASG-001035,DTY-00527,WG2008-0000097,자산,TG06,D17,SD17-1,SD17-2,확인필요,관리주체 확인 필요(FMS 관리주체 정보 없음·추정) — 용인시 관리면 「해당」으로,상시,365,,,
ASG-001036,DTY-00527,WG2008-0000098,자산,TG06,D17,SD17-1,SD17-2,확인필요,관리주체 확인 필요(FMS 관리주체 정보 없음·추정) — 용인시 관리면 「해당」으로,상시,365,,,
ASG-001037,DTY-00527,WG2008-0000099,자산,TG06,D17,SD17-1,SD17-2,확인필요,관리주체 확인 필요(FMS 관리주체 정보 없음·추정) — 용인시 관리면 「해당」으로,상시,365,,,
ASG-001039,DTY-00528,WG2008-0000097,자산,TG06,D17,SD17-1,SD17-2,확인필요,관리주체 확인 필요(FMS 관리주체 정보 없음·추정) — 용인시 관리면 「해당」으로,반기 1회,180,,,
ASG-001040,DTY-00528,WG2008-0000098,자산,TG06,D17,SD17-1,SD17-2,확인필요,관리주체 확인 필요(FMS 관리주체 정보 없음·추정) — 용인시 관리면 「해당」으로,반기 1회,180,,,
ASG-001041,DTY-00528,WG2008-0000099,자산,TG06,D17,SD17-1,SD17-2,확인필요,관리주체 확인 필요(FMS 관리주체 정보 없음·추정) — 용인시 관리면 「해당」으로,반기 1회,180,,,
ASG-001043,DTY-00529,WG2008-0000097,자산,TG06,D17,SD17-1,SD17-2,확인필요,관리주체 확인 필요(FMS 관리주체 정보 없음·추정) — 용인시 관리면 「해당」으로,수시,180,,,
ASG-001044,DTY-00529,WG2008-0000098,자산,TG06,D17,SD17-1,SD17-2,확인필요,관리주체 확인 필요(FMS 관리주체 정보 없음·추정) — 용인시 관리면 「해당」으로,수시,180,,,
ASG-001045,DTY-00529,WG2008-0000099,자산,TG06,D17,SD17-1,SD17-2,확인필요,관리주체 확인 필요(FMS 관리주체 정보 없음·추정) — 용인시 관리면 「해당」으로,수시,180,,,
ASG-001047,DTY-00530,WG2008-0000097,자산,TG06,D17,SD17-1,SD17-2,확인필요,관리주체 확인 필요(FMS 관리주체 정보 없음·추정) — 용인시 관리면 「해당」으로,상시,365,,,
ASG-001048,DTY-00530,WG2008-0000098,자산,TG06,D17,SD17-1,SD17-2,확인필요,관리주체 확인 필요(FMS 관리주체 정보 없음·추정) — 용인시 관리면 「해당」으로,상시,365,,,
ASG-001049,DTY-00530,WG2008-0000099,자산,TG06,D17,SD17-1,SD17-2,확인필요,관리주체 확인 필요(FMS 관리주체 정보 없음·추정) — 용인시 관리면 「해당」으로,상시,365,,,
ASG-001051,DTY-00531,WG2008-0000097,자산,TG06,D17,SD17-1,SD17-2,확인필요,관리주체 확인 필요(FMS 관리주체 정보 없음·추정) — 용인시 관리면 「해당」으로,반기 1회,180,,,분류 추론 — 검수 전
ASG-001052,DTY-00531,WG2008-0000098,자산,TG06,D17,SD17-1,SD17-2,확인필요,관리주체 확인 필요(FMS 관리주체 정보 없음·추정) — 용인시 관리면 「해당」으로,반기 1회,180,,,분류 추론 — 검수 전
ASG-001053,DTY-00531,WG2008-0000099,자산,TG06,D17,SD17-1,SD17-2,확인필요,관리주체 확인 필요(FMS 관리주체 정보 없음·추정) — 용인시 관리면 「해당」으로,반기 1회,180,,,분류 추론 — 검수 전
ASG-001055,DTY-00532,WG2008-0000097,자산,TG06,D17,SD17-1,SD17-2,확인필요,관리주체 확인 필요(FMS 관리주체 정보 없음·추정) — 용인시 관리면 「해당」으로,반기 1회,180,,,
ASG-001056,DTY-00532,WG2008-0000098,자산,TG06,D17,SD17-1,SD17-2,확인필요,관리주체 확인 필요(FMS 관리주체 정보 없음·추정) — 용인시 관리면 「해당」으로,반기 1회,180,,,
ASG-001057,DTY-00532,WG2008-0000099,자산,TG06,D17,SD17-1,SD17-2,확인필요,관리주체 확인 필요(FMS 관리주체 정보 없음·추정) — 용인시 관리면 「해당」으로,반기 1회,180,,,
ASG-001059,DTY-00533,WG2008-0000097,자산,TG06,D17,SD17-1,SD17-2,확인필요,관리주체 확인 필요(FMS 관리주체 정보 없음·추정) — 용인시 관리면 「해당」으로,연1회,365,,,
ASG-001060,DTY-00533,WG2008-0000098,자산,TG06,D17,SD17-1,SD17-2,확인필요,관리주체 확인 필요(FMS 관리주체 정보 없음·추정) — 용인시 관리면 「해당」으로,연1회,365,,,
ASG-001061,DTY-00533,WG2008-0000099,자산,TG06,D17,SD17-1,SD17-2,확인필요,관리주체 확인 필요(FMS 관리주체 정보 없음·추정) — 용인시 관리면 「해당」으로,연1회,365,,,
ASG-001075,DTY-00546,WG2008-0000097,자산,TG06,D17,SD17-1,SD17-2,확인필요,관리주체 확인 필요(FMS 관리주체 정보 없음·추정) — 용인시 관리면 「해당」으로,반기 1회,180,,,
ASG-001076,DTY-00546,WG2008-0000098,자산,TG06,D17,SD17-1,SD17-2,확인필요,관리주체 확인 필요(FMS 관리주체 정보 없음·추정) — 용인시 관리면 「해당」으로,반기 1회,180,,,
ASG-001077,DTY-00546,WG2008-0000099,자산,TG06,D17,SD17-1,SD17-2,확인필요,관리주체 확인 필요(FMS 관리주체 정보 없음·추정) — 용인시 관리면 「해당」으로,반기 1회,180,,,
ASG-001079,DTY-00547,WG2008-0000097,자산,TG06,D17,SD17-1,SD17-2,확인필요,관리주체 확인 필요(FMS 관리주체 정보 없음·추정) — 용인시 관리면 「해당」으로,반기 1회,180,,,
ASG-001080,DTY-00547,WG2008-0000098,자산,TG06,D17,SD17-1,SD17-2,확인필요,관리주체 확인 필요(FMS 관리주체 정보 없음·추정) — 용인시 관리면 「해당」으로,반기 1회,180,,,
ASG-001081,DTY-00547,WG2008-0000099,자산,TG06,D17,SD17-1,SD17-2,확인필요,관리주체 확인 필요(FMS 관리주체 정보 없음·추정) — 용인시 관리면 「해당」으로,반기 1회,180,,,
ASG-001083,DTY-00548,DA2008-0000007,자산,TG04,D13,SD13-1,SD13-2,비해당,관리주체 한국농어촌공사 평택지사 — 용인시 관리 시설 아님(용인시민신문 2021-11-30 · 국제뉴스 2025-03-25),반기 1회,180,G01,2026-09-24,
ASG-001084,DTY-00548,DA2008-0000154,자산,TG04,D13,SD13-1,SD13-2,비해당,관리주체 한국농어촌공사 평택지사 — 용인시 관리 시설 아님(용인시민신문 2021-11-30 · 국제뉴스 2025-03-25),반기 1회,180,G01,2026-09-24,
ASG-001085,DTY-00548,DA2008-0000165,자산,TG04,D13,SD13-1,SD13-2,비해당,관리주체 한국농어촌공사 안성지사 — 용인시 관리 시설 아님(용인시민신문 2021-11-30 · 국제뉴스 2025-03-25),반기 1회,180,G01,2026-09-24,
ASG-001087,DTY-00549,DA2008-0000007,자산,TG04,D13,SD13-1,SD13-2,비해당,관리주체 한국농어촌공사 평택지사 — 용인시 관리 시설 아님(용인시민신문 2021-11-30 · 국제뉴스 2025-03-25),반기 1회,180,G01,2026-09-24,
ASG-001088,DTY-00549,DA2008-0000154,자산,TG04,D13,SD13-1,SD13-2,비해당,관리주체 한국농어촌공사 평택지사 — 용인시 관리 시설 아님(용인시민신문 2021-11-30 · 국제뉴스 2025-03-25),반기 1회,180,G01,2026-09-24,
ASG-001089,DTY-00549,DA2008-0000165,자산,TG04,D13,SD13-1,SD13-2,비해당,관리주체 한국농어촌공사 안성지사 — 용인시 관리 시설 아님(용인시민신문 2021-11-30 · 국제뉴스 2025-03-25),반기 1회,180,G01,2026-09-24,
ASG-001091,DTY-00550,DA2008-0000007,자산,TG04,D13,SD13-1,SD13-2,비해당,관리주체 한국농어촌공사 평택지사 — 용인시 관리 시설 아님(용인시민신문 2021-11-30 · 국제뉴스 2025-03-25),반기 1회,180,G01,2026-09-24,
ASG-001092,DTY-00550,DA2008-0000154,자산,TG04,D13,SD13-1,SD13-2,비해당,관리주체 한국농어촌공사 평택지사 — 용인시 관리 시설 아님(용인시민신문 2021-11-30 · 국제뉴스 2025-03-25),반기 1회,180,G01,2026-09-24,
ASG-001093,DTY-00550,DA2008-0000165,자산,TG04,D13,SD13-1,SD13-2,비해당,관리주체 한국농어촌공사 안성지사 — 용인시 관리 시설 아님(용인시민신문 2021-11-30 · 국제뉴스 2025-03-25),반기 1회,180,G01,2026-09-24,
ASG-001095,DTY-00551,DA2008-0000007,자산,TG04,D13,SD13-1,SD13-2,비해당,관리주체 한국농어촌공사 평택지사 — 용인시 관리 시설 아님(용인시민신문 2021-11-30 · 국제뉴스 2025-03-25),반기 1회,180,G01,2026-09-24,분류 추론 — 검수 전
ASG-001096,DTY-00551,DA2008-0000154,자산,TG04,D13,SD13-1,SD13-2,비해당,관리주체 한국농어촌공사 평택지사 — 용인시 관리 시설 아님(용인시민신문 2021-11-30 · 국제뉴스 2025-03-25),반기 1회,180,G01,2026-09-24,분류 추론 — 검수 전
ASG-001097,DTY-00551,DA2008-0000165,자산,TG04,D13,SD13-1,SD13-2,비해당,관리주체 한국농어촌공사 안성지사 — 용인시 관리 시설 아님(용인시민신문 2021-11-30 · 국제뉴스 2025-03-25),반기 1회,180,G01,2026-09-24,분류 추론 — 검수 전
ASG-001099,DTY-00552,DA2008-0000007,자산,TG04,D13,SD13-1,SD13-2,비해당,관리주체 한국농어촌공사 평택지사 — 용인시 관리 시설 아님(용인시민신문 2021-11-30 · 국제뉴스 2025-03-25),반기 1회,180,G01,2026-09-24,분류 추론 — 검수 전
ASG-001100,DTY-00552,DA2008-0000154,자산,TG04,D13,SD13-1,SD13-2,비해당,관리주체 한국농어촌공사 평택지사 — 용인시 관리 시설 아님(용인시민신문 2021-11-30 · 국제뉴스 2025-03-25),반기 1회,180,G01,2026-09-24,분류 추론 — 검수 전
ASG-001101,DTY-00552,DA2008-0000165,자산,TG04,D13,SD13-1,SD13-2,비해당,관리주체 한국농어촌공사 안성지사 — 용인시 관리 시설 아님(용인시민신문 2021-11-30 · 국제뉴스 2025-03-25),반기 1회,180,G01,2026-09-24,분류 추론 — 검수 전
ASG-001306,DTY-00705,WG2008-0000097,자산,TG06,D17,SD17-1,SD17-2,확인필요,관리주체 확인 필요(FMS 관리주체 정보 없음·추정) — 용인시 관리면 「해당」으로,반기 1회,180,,,
ASG-001307,DTY-00705,WG2008-0000098,자산,TG06,D17,SD17-1,SD17-2,확인필요,관리주체 확인 필요(FMS 관리주체 정보 없음·추정) — 용인시 관리면 「해당」으로,반기 1회,180,,,
ASG-001308,DTY-00705,WG2008-0000099,자산,TG06,D17,SD17-1,SD17-2,확인필요,관리주체 확인 필요(FMS 관리주체 정보 없음·추정) — 용인시 관리면 「해당」으로,반기 1회,180,,,
ASG-001310,DTY-00706,WG2008-0000097,자산,TG06,D17,SD17-1,SD17-2,확인필요,관리주체 확인 필요(FMS 관리주체 정보 없음·추정) — 용인시 관리면 「해당」으로,반기 1회,180,,,
ASG-001311,DTY-00706,WG2008-0000098,자산,TG06,D17,SD17-1,SD17-2,확인필요,관리주체 확인 필요(FMS 관리주체 정보 없음·추정) — 용인시 관리면 「해당」으로,반기 1회,180,,,
ASG-001312,DTY-00706,WG2008-0000099,자산,TG06,D17,SD17-1,SD17-2,확인필요,관리주체 확인 필요(FMS 관리주체 정보 없음·추정) — 용인시 관리면 「해당」으로,반기 1회,180,,,
ASG-001314,DTY-00707,WG2008-0000097,자산,TG06,D17,SD17-1,SD17-2,확인필요,관리주체 확인 필요(FMS 관리주체 정보 없음·추정) — 용인시 관리면 「해당」으로,연1회,365,,,
ASG-001315,DTY-00707,WG2008-0000098,자산,TG06,D17,SD17-1,SD17-2,확인필요,관리주체 확인 필요(FMS 관리주체 정보 없음·추정) — 용인시 관리면 「해당」으로,연1회,365,,,
ASG-001316,DTY-00707,WG2008-0000099,자산,TG06,D17,SD17-1,SD17-2,확인필요,관리주체 확인 필요(FMS 관리주체 정보 없음·추정) — 용인시 관리면 「해당」으로,연1회,365,,,
ASG-001318,DTY-00708,WG2008-0000097,자산,TG06,D17,SD17-1,SD17-2,확인필요,관리주체 확인 필요(FMS 관리주체 정보 없음·추정) — 용인시 관리면 「해당」으로,연1회,365,,,
ASG-001319,DTY-00708,WG2008-0000098,자산,TG06,D17,SD17-1,SD17-2,확인필요,관리주체 확인 필요(FMS 관리주체 정보 없음·추정) — 용인시 관리면 「해당」으로,연1회,365,,,
ASG-001320,DTY-00708,WG2008-0000099,자산,TG06,D17,SD17-1,SD17-2,확인필요,관리주체 확인 필요(FMS 관리주체 정보 없음·추정) — 용인시 관리면 「해당」으로,연1회,365,,,
ASG-001545,DTY-00782,WG2008-0000097,자산,TG06,D17,SD17-1,SD17-2,확인필요,관리주체 확인 필요(FMS 관리주체 정보 없음·추정) — 용인시 관리면 「해당」으로,상시,365,,,
ASG-001546,DTY-00782,WG2008-0000098,자산,TG06,D17,SD17-1,SD17-2,확인필요,관리주체 확인 필요(FMS 관리주체 정보 없음·추정) — 용인시 관리면 「해당」으로,상시,365,,,
ASG-001547,DTY-00782,WG2008-0000099,자산,TG06,D17,SD17-1,SD17-2,확인필요,관리주체 확인 필요(FMS 관리주체 정보 없음·추정) — 용인시 관리면 「해당」으로,상시,365,,,
ASG-001549,DTY-00783,WG2008-0000097,자산,TG06,D17,SD17-1,SD17-2,확인필요,관리주체 확인 필요(FMS 관리주체 정보 없음·추정) — 용인시 관리면 「해당」으로,수시,180,,,
ASG-001550,DTY-00783,WG2008-0000098,자산,TG06,D17,SD17-1,SD17-2,확인필요,관리주체 확인 필요(FMS 관리주체 정보 없음·추정) — 용인시 관리면 「해당」으로,수시,180,,,
ASG-001551,DTY-00783,WG2008-0000099,자산,TG06,D17,SD17-1,SD17-2,확인필요,관리주체 확인 필요(FMS 관리주체 정보 없음·추정) — 용인시 관리면 「해당」으로,수시,180,,,
ASG-001565,DTY-00796,WG2008-0000097,자산,TG06,D17,SD17-1,SD17-2,확인필요,관리주체 확인 필요(FMS 관리주체 정보 없음·추정) — 용인시 관리면 「해당」으로,연1회,365,,,
ASG-001566,DTY-00796,WG2008-0000098,자산,TG06,D17,SD17-1,SD17-2,확인필요,관리주체 확인 필요(FMS 관리주체 정보 없음·추정) — 용인시 관리면 「해당」으로,연1회,365,,,
ASG-001567,DTY-00796,WG2008-0000099,자산,TG06,D17,SD17-1,SD17-2,확인필요,관리주체 확인 필요(FMS 관리주체 정보 없음·추정) — 용인시 관리면 「해당」으로,연1회,365,,,
ASG-001569,DTY-00797,WG2008-0000097,자산,TG06,D17,SD17-1,SD17-2,확인필요,관리주체 확인 필요(FMS 관리주체 정보 없음·추정) — 용인시 관리면 「해당」으로,연1회,365,,,
ASG-001570,DTY-00797,WG2008-0000098,자산,TG06,D17,SD17-1,SD17-2,확인필요,관리주체 확인 필요(FMS 관리주체 정보 없음·추정) — 용인시 관리면 「해당」으로,연1회,365,,,
ASG-001571,DTY-00797,WG2008-0000099,자산,TG06,D17,SD17-1,SD17-2,확인필요,관리주체 확인 필요(FMS 관리주체 정보 없음·추정) — 용인시 관리면 「해당」으로,연1회,365,,,
ASG-001573,DTY-00798,WG2008-0000097,자산,TG06,D17,SD17-1,SD17-2,확인필요,관리주체 확인 필요(FMS 관리주체 정보 없음·추정) — 용인시 관리면 「해당」으로,연1회,365,,,
ASG-001574,DTY-00798,WG2008-0000098,자산,TG06,D17,SD17-1,SD17-2,확인필요,관리주체 확인 필요(FMS 관리주체 정보 없음·추정) — 용인시 관리면 「해당」으로,연1회,365,,,
ASG-001575,DTY-00798,WG2008-0000099,자산,TG06,D17,SD17-1,SD17-2,확인필요,관리주체 확인 필요(FMS 관리주체 정보 없음·추정) — 용인시 관리면 「해당」으로,연1회,365,,,
ASG-001577,DTY-00799,WG2008-0000097,자산,TG06,D17,SD17-1,SD17-2,확인필요,관리주체 확인 필요(FMS 관리주체 정보 없음·추정) — 용인시 관리면 「해당」으로,연1회,365,,,
ASG-001578,DTY-00799,WG2008-0000098,자산,TG06,D17,SD17-1,SD17-2,확인필요,관리주체 확인 필요(FMS 관리주체 정보 없음·추정) — 용인시 관리면 「해당」으로,연1회,365,,,
ASG-001579,DTY-00799,WG2008-0000099,자산,TG06,D17,SD17-1,SD17-2,확인필요,관리주체 확인 필요(FMS 관리주체 정보 없음·추정) — 용인시 관리면 「해당」으로,연1회,365,,,
ASG-001581,DTY-00800,WG2008-0000097,자산,TG06,D17,SD17-1,SD17-2,확인필요,관리주체 확인 필요(FMS 관리주체 정보 없음·추정) — 용인시 관리면 「해당」으로,반기 1회,180,,,
ASG-001582,DTY-00800,WG2008-0000098,자산,TG06,D17,SD17-1,SD17-2,확인필요,관리주체 확인 필요(FMS 관리주체 정보 없음·추정) — 용인시 관리면 「해당」으로,반기 1회,180,,,
ASG-001583,DTY-00800,WG2008-0000099,자산,TG06,D17,SD17-1,SD17-2,확인필요,관리주체 확인 필요(FMS 관리주체 정보 없음·추정) — 용인시 관리면 「해당」으로,반기 1회,180,,,
ASG-001585,DTY-00801,WG2008-0000097,자산,TG06,D17,SD17-1,SD17-2,확인필요,관리주체 확인 필요(FMS 관리주체 정보 없음·추정) — 용인시 관리면 「해당」으로,연1회,365,,,
ASG-001586,DTY-00801,WG2008-0000098,자산,TG06,D17,SD17-1,SD17-2,확인필요,관리주체 확인 필요(FMS 관리주체 정보 없음·추정) — 용인시 관리면 「해당」으로,연1회,365,,,
ASG-001587,DTY-00801,WG2008-0000099,자산,TG06,D17,SD17-1,SD17-2,확인필요,관리주체 확인 필요(FMS 관리주체 정보 없음·추정) — 용인시 관리면 「해당」으로,연1회,365,,,
ASG-001589,DTY-00802,WG2008-0000097,자산,TG06,D17,SD17-1,SD17-2,확인필요,관리주체 확인 필요(FMS 관리주체 정보 없음·추정) — 용인시 관리면 「해당」으로,연1회,365,,,
ASG-001590,DTY-00802,WG2008-0000098,자산,TG06,D17,SD17-1,SD17-2,확인필요,관리주체 확인 필요(FMS 관리주체 정보 없음·추정) — 용인시 관리면 「해당」으로,연1회,365,,,
ASG-001591,DTY-00802,WG2008-0000099,자산,TG06,D17,SD17-1,SD17-2,확인필요,관리주체 확인 필요(FMS 관리주체 정보 없음·추정) — 용인시 관리면 「해당」으로,연1회,365,,,
ASG-001593,DTY-00803,WG2008-0000097,자산,TG06,D17,SD17-1,SD17-2,확인필요,관리주체 확인 필요(FMS 관리주체 정보 없음·추정) — 용인시 관리면 「해당」으로,연1회,365,,,
ASG-001594,DTY-00803,WG2008-0000098,자산,TG06,D17,SD17-1,SD17-2,확인필요,관리주체 확인 필요(FMS 관리주체 정보 없음·추정) — 용인시 관리면 「해당」으로,연1회,365,,,
ASG-001595,DTY-00803,WG2008-0000099,자산,TG06,D17,SD17-1,SD17-2,확인필요,관리주체 확인 필요(FMS 관리주체 정보 없음·추정) — 용인시 관리면 「해당」으로,연1회,365,,,
ASG-001597,DTY-00804,DA2008-0000007,자산,TG04,D13,SD13-1,SD13-2,비해당,관리주체 한국농어촌공사 평택지사 — 용인시 관리 시설 아님(용인시민신문 2021-11-30 · 국제뉴스 2025-03-25),수시,180,G01,2026-09-24,
ASG-001598,DTY-00804,DA2008-0000154,자산,TG04,D13,SD13-1,SD13-2,비해당,관리주체 한국농어촌공사 평택지사 — 용인시 관리 시설 아님(용인시민신문 2021-11-30 · 국제뉴스 2025-03-25),수시,180,G01,2026-09-24,
ASG-001599,DTY-00804,DA2008-0000165,자산,TG04,D13,SD13-1,SD13-2,비해당,관리주체 한국농어촌공사 안성지사 — 용인시 관리 시설 아님(용인시민신문 2021-11-30 · 국제뉴스 2025-03-25),수시,180,G01,2026-09-24,
ASG-001601,DTY-00805,DA2008-0000007,자산,TG04,D13,SD13-1,SD13-2,비해당,관리주체 한국농어촌공사 평택지사 — 용인시 관리 시설 아님(용인시민신문 2021-11-30 · 국제뉴스 2025-03-25),수시,180,G01,2026-09-24,
ASG-001602,DTY-00805,DA2008-0000154,자산,TG04,D13,SD13-1,SD13-2,비해당,관리주체 한국농어촌공사 평택지사 — 용인시 관리 시설 아님(용인시민신문 2021-11-30 · 국제뉴스 2025-03-25),수시,180,G01,2026-09-24,
ASG-001603,DTY-00805,DA2008-0000165,자산,TG04,D13,SD13-1,SD13-2,비해당,관리주체 한국농어촌공사 안성지사 — 용인시 관리 시설 아님(용인시민신문 2021-11-30 · 국제뉴스 2025-03-25),수시,180,G01,2026-09-24,
ASG-001605,DTY-00806,DA2008-0000007,자산,TG04,D13,SD13-1,SD13-2,비해당,관리주체 한국농어촌공사 평택지사 — 용인시 관리 시설 아님(용인시민신문 2021-11-30 · 국제뉴스 2025-03-25),수시,180,G01,2026-09-24,
ASG-001606,DTY-00806,DA2008-0000154,자산,TG04,D13,SD13-1,SD13-2,비해당,관리주체 한국농어촌공사 평택지사 — 용인시 관리 시설 아님(용인시민신문 2021-11-30 · 국제뉴스 2025-03-25),수시,180,G01,2026-09-24,
ASG-001607,DTY-00806,DA2008-0000165,자산,TG04,D13,SD13-1,SD13-2,비해당,관리주체 한국농어촌공사 안성지사 — 용인시 관리 시설 아님(용인시민신문 2021-11-30 · 국제뉴스 2025-03-25),수시,180,G01,2026-09-24,
ASG-001662,DTY-00860,DA2008-0000007,자산,TG04,D13,SD13-1,SD13-2,비해당,관리주체 한국농어촌공사 평택지사 — 용인시 관리 시설 아님(용인시민신문 2021-11-30 · 국제뉴스 2025-03-25),수시,180,G01,2026-09-24,
ASG-001663,DTY-00860,DA2008-0000154,자산,TG04,D13,SD13-1,SD13-2,비해당,관리주체 한국농어촌공사 평택지사 — 용인시 관리 시설 아님(용인시민신문 2021-11-30 · 국제뉴스 2025-03-25),수시,180,G01,2026-09-24,
ASG-001664,DTY-00860,DA2008-0000165,자산,TG04,D13,SD13-1,SD13-2,비해당,관리주체 한국농어촌공사 안성지사 — 용인시 관리 시설 아님(용인시민신문 2021-11-30 · 국제뉴스 2025-03-25),수시,180,G01,2026-09-24,
ASG-001670,DTY-00865,WG2008-0000097,자산,TG06,D17,SD17-1,SD17-2,확인필요,관리주체 확인 필요(FMS 관리주체 정보 없음·추정) — 용인시 관리면 「해당」으로,반기 1회,180,,,분류 추론 — 검수 전
ASG-001671,DTY-00865,WG2008-0000098,자산,TG06,D17,SD17-1,SD17-2,확인필요,관리주체 확인 필요(FMS 관리주체 정보 없음·추정) — 용인시 관리면 「해당」으로,반기 1회,180,,,분류 추론 — 검수 전
ASG-001672,DTY-00865,WG2008-0000099,자산,TG06,D17,SD17-1,SD17-2,확인필요,관리주체 확인 필요(FMS 관리주체 정보 없음·추정) — 용인시 관리면 「해당」으로,반기 1회,180,,,분류 추론 — 검수 전
ASG-002006,DTY-01024,WG2008-0000097,자산,TG06,D17,SD17-1,SD17-2,확인필요,관리주체 확인 필요(FMS 관리주체 정보 없음·추정) — 용인시 관리면 「해당」으로,반기 1회,180,,,
ASG-002007,DTY-01024,WG2008-0000098,자산,TG06,D17,SD17-1,SD17-2,확인필요,관리주체 확인 필요(FMS 관리주체 정보 없음·추정) — 용인시 관리면 「해당」으로,반기 1회,180,,,
ASG-002008,DTY-01024,WG2008-0000099,자산,TG06,D17,SD17-1,SD17-2,확인필요,관리주체 확인 필요(FMS 관리주체 정보 없음·추정) — 용인시 관리면 「해당」으로,반기 1회,180,,,
ASG-002010,DTY-01025,WG2008-0000097,자산,TG06,D17,SD17-1,SD17-2,확인필요,관리주체 확인 필요(FMS 관리주체 정보 없음·추정) — 용인시 관리면 「해당」으로,수시,180,,,분류 추론 — 검수 전
ASG-002011,DTY-01025,WG2008-0000098,자산,TG06,D17,SD17-1,SD17-2,확인필요,관리주체 확인 필요(FMS 관리주체 정보 없음·추정) — 용인시 관리면 「해당」으로,수시,180,,,분류 추론 — 검수 전
ASG-002012,DTY-01025,WG2008-0000099,자산,TG06,D17,SD17-1,SD17-2,확인필요,관리주체 확인 필요(FMS 관리주체 정보 없음·추정) — 용인시 관리면 「해당」으로,수시,180,,,분류 추론 — 검수 전
ASG-002014,DTY-01026,WG2008-0000097,자산,TG06,D17,SD17-1,SD17-2,확인필요,관리주체 확인 필요(FMS 관리주체 정보 없음·추정) — 용인시 관리면 「해당」으로,수시,180,,,분류 추론 — 검수 전
ASG-002015,DTY-01026,WG2008-0000098,자산,TG06,D17,SD17-1,SD17-2,확인필요,관리주체 확인 필요(FMS 관리주체 정보 없음·추정) — 용인시 관리면 「해당」으로,수시,180,,,분류 추론 — 검수 전
ASG-002016,DTY-01026,WG2008-0000099,자산,TG06,D17,SD17-1,SD17-2,확인필요,관리주체 확인 필요(FMS 관리주체 정보 없음·추정) — 용인시 관리면 「해당」으로,수시,180,,,분류 추론 — 검수 전
ASG-002173,DTY-01182,DA2008-0000007,자산,TG04,D13,SD13-1,SD13-2,비해당,관리주체 한국농어촌공사 평택지사 — 용인시 관리 시설 아님(용인시민신문 2021-11-30 · 국제뉴스 2025-03-25),연1회,365,G01,2026-09-24,
ASG-002174,DTY-01182,DA2008-0000154,자산,TG04,D13,SD13-1,SD13-2,비해당,관리주체 한국농어촌공사 평택지사 — 용인시 관리 시설 아님(용인시민신문 2021-11-30 · 국제뉴스 2025-03-25),연1회,365,G01,2026-09-24,
ASG-002175,DTY-01182,DA2008-0000165,자산,TG04,D13,SD13-1,SD13-2,비해당,관리주체 한국농어촌공사 안성지사 — 용인시 관리 시설 아님(용인시민신문 2021-11-30 · 국제뉴스 2025-03-25),연1회,365,G01,2026-09-24,
ASG-002194,DTY-01197,WG2008-0000097,자산,TG06,D17,SD17-1,SD17-2,확인필요,관리주체 확인 필요(FMS 관리주체 정보 없음·추정) — 용인시 관리면 「해당」으로,상시,365,,,
ASG-002195,DTY-01197,WG2008-0000098,자산,TG06,D17,SD17-1,SD17-2,확인필요,관리주체 확인 필요(FMS 관리주체 정보 없음·추정) — 용인시 관리면 「해당」으로,상시,365,,,
ASG-002196,DTY-01197,WG2008-0000099,자산,TG06,D17,SD17-1,SD17-2,확인필요,관리주체 확인 필요(FMS 관리주체 정보 없음·추정) — 용인시 관리면 「해당」으로,상시,365,,,
ASG-002201,DTY-01201,WG2008-0000097,자산,TG06,D17,SD17-1,SD17-2,확인필요,관리주체 확인 필요(FMS 관리주체 정보 없음·추정) — 용인시 관리면 「해당」으로,연1회,365,,,분류 추론 — 검수 전
ASG-002202,DTY-01201,WG2008-0000098,자산,TG06,D17,SD17-1,SD17-2,확인필요,관리주체 확인 필요(FMS 관리주체 정보 없음·추정) — 용인시 관리면 「해당」으로,연1회,365,,,분류 추론 — 검수 전
ASG-002203,DTY-01201,WG2008-0000099,자산,TG06,D17,SD17-1,SD17-2,확인필요,관리주체 확인 필요(FMS 관리주체 정보 없음·추정) — 용인시 관리면 「해당」으로,연1회,365,,,분류 추론 — 검수 전
ASG-002205,DTY-01202,WG2008-0000097,자산,TG06,D17,SD17-1,SD17-2,확인필요,관리주체 확인 필요(FMS 관리주체 정보 없음·추정) — 용인시 관리면 「해당」으로,연1회,365,,,분류 추론 — 검수 전
ASG-002206,DTY-01202,WG2008-0000098,자산,TG06,D17,SD17-1,SD17-2,확인필요,관리주체 확인 필요(FMS 관리주체 정보 없음·추정) — 용인시 관리면 「해당」으로,연1회,365,,,분류 추론 — 검수 전
ASG-002207,DTY-01202,WG2008-0000099,자산,TG06,D17,SD17-1,SD17-2,확인필요,관리주체 확인 필요(FMS 관리주체 정보 없음·추정) — 용인시 관리면 「해당」으로,연1회,365,,,분류 추론 — 검수 전
ASG-002213,DTY-01207,WG2008-0000097,자산,TG06,D17,SD17-1,SD17-2,확인필요,관리주체 확인 필요(FMS 관리주체 정보 없음·추정) — 용인시 관리면 「해당」으로,반기 1회,180,,,분류 추론 — 검수 전
ASG-002214,DTY-01207,WG2008-0000098,자산,TG06,D17,SD17-1,SD17-2,확인필요,관리주체 확인 필요(FMS 관리주체 정보 없음·추정) — 용인시 관리면 「해당」으로,반기 1회,180,,,분류 추론 — 검수 전
ASG-002215,DTY-01207,WG2008-0000099,자산,TG06,D17,SD17-1,SD17-2,확인필요,관리주체 확인 필요(FMS 관리주체 정보 없음·추정) — 용인시 관리면 「해당」으로,반기 1회,180,,,분류 추론 — 검수 전
ASG-002217,DTY-01208,WG2008-0000097,자산,TG06,D17,SD17-1,SD17-2,확인필요,관리주체 확인 필요(FMS 관리주체 정보 없음·추정) — 용인시 관리면 「해당」으로,반기 1회,180,,,분류 추론 — 검수 전
ASG-002218,DTY-01208,WG2008-0000098,자산,TG06,D17,SD17-1,SD17-2,확인필요,관리주체 확인 필요(FMS 관리주체 정보 없음·추정) — 용인시 관리면 「해당」으로,반기 1회,180,,,분류 추론 — 검수 전
ASG-002219,DTY-01208,WG2008-0000099,자산,TG06,D17,SD17-1,SD17-2,확인필요,관리주체 확인 필요(FMS 관리주체 정보 없음·추정) — 용인시 관리면 「해당」으로,반기 1회,180,,,분류 추론 — 검수 전
ASG-002221,DTY-01209,WG2008-0000097,자산,TG06,D17,SD17-1,SD17-2,확인필요,관리주체 확인 필요(FMS 관리주체 정보 없음·추정) — 용인시 관리면 「해당」으로,상시,365,,,
ASG-002222,DTY-01209,WG2008-0000098,자산,TG06,D17,SD17-1,SD17-2,확인필요,관리주체 확인 필요(FMS 관리주체 정보 없음·추정) — 용인시 관리면 「해당」으로,상시,365,,,
ASG-002223,DTY-01209,WG2008-0000099,자산,TG06,D17,SD17-1,SD17-2,확인필요,관리주체 확인 필요(FMS 관리주체 정보 없음·추정) — 용인시 관리면 「해당」으로,상시,365,,,
ASG-002225,DTY-01210,WG2008-0000097,자산,TG06,D17,SD17-1,SD17-2,확인필요,관리주체 확인 필요(FMS 관리주체 정보 없음·추정) — 용인시 관리면 「해당」으로,반기 1회,180,,,
ASG-002226,DTY-01210,WG2008-0000098,자산,TG06,D17,SD17-1,SD17-2,확인필요,관리주체 확인 필요(FMS 관리주체 정보 없음·추정) — 용인시 관리면 「해당」으로,반기 1회,180,,,
ASG-002227,DTY-01210,WG2008-0000099,자산,TG06,D17,SD17-1,SD17-2,확인필요,관리주체 확인 필요(FMS 관리주체 정보 없음·추정) — 용인시 관리면 「해당」으로,반기 1회,180,,,
ASG-002528,DTY-01324,WG2008-0000097,자산,TG06,D17,SD17-1,SD17-2,확인필요,관리주체 확인 필요(FMS 관리주체 정보 없음·추정) — 용인시 관리면 「해당」으로,반기 1회,180,,,분류 추론 — 검수 전
ASG-002529,DTY-01324,WG2008-0000098,자산,TG06,D17,SD17-1,SD17-2,확인필요,관리주체 확인 필요(FMS 관리주체 정보 없음·추정) — 용인시 관리면 「해당」으로,반기 1회,180,,,분류 추론 — 검수 전
ASG-002530,DTY-01324,WG2008-0000099,자산,TG06,D17,SD17-1,SD17-2,확인필요,관리주체 확인 필요(FMS 관리주체 정보 없음·추정) — 용인시 관리면 「해당」으로,반기 1회,180,,,분류 추론 — 검수 전
ASG-002768,DTY-01432,WG2008-0000097,자산,TG06,D17,SD17-1,SD17-2,확인필요,관리주체 확인 필요(FMS 관리주체 정보 없음·추정) — 용인시 관리면 「해당」으로,상시,365,,,분류 추론 — 검수 전
ASG-002769,DTY-01432,WG2008-0000098,자산,TG06,D17,SD17-1,SD17-2,확인필요,관리주체 확인 필요(FMS 관리주체 정보 없음·추정) — 용인시 관리면 「해당」으로,상시,365,,,분류 추론 — 검수 전
ASG-002770,DTY-01432,WG2008-0000099,자산,TG06,D17,SD17-1,SD17-2,확인필요,관리주체 확인 필요(FMS 관리주체 정보 없음·추정) — 용인시 관리면 「해당」으로,상시,365,,,분류 추론 — 검수 전
ASG-002772,DTY-01433,WG2008-0000097,자산,TG06,D17,SD17-1,SD17-2,확인필요,관리주체 확인 필요(FMS 관리주체 정보 없음·추정) — 용인시 관리면 「해당」으로,상시,365,,,분류 추론 — 검수 전
ASG-002773,DTY-01433,WG2008-0000098,자산,TG06,D17,SD17-1,SD17-2,확인필요,관리주체 확인 필요(FMS 관리주체 정보 없음·추정) — 용인시 관리면 「해당」으로,상시,365,,,분류 추론 — 검수 전
ASG-002774,DTY-01433,WG2008-0000099,자산,TG06,D17,SD17-1,SD17-2,확인필요,관리주체 확인 필요(FMS 관리주체 정보 없음·추정) — 용인시 관리면 「해당」으로,상시,365,,,분류 추론 — 검수 전
ASG-002776,DTY-01434,WG2008-0000097,자산,TG06,D17,SD17-1,SD17-2,확인필요,관리주체 확인 필요(FMS 관리주체 정보 없음·추정) — 용인시 관리면 「해당」으로,수시,180,,,
ASG-002777,DTY-01434,WG2008-0000098,자산,TG06,D17,SD17-1,SD17-2,확인필요,관리주체 확인 필요(FMS 관리주체 정보 없음·추정) — 용인시 관리면 「해당」으로,수시,180,,,
ASG-002778,DTY-01434,WG2008-0000099,자산,TG06,D17,SD17-1,SD17-2,확인필요,관리주체 확인 필요(FMS 관리주체 정보 없음·추정) — 용인시 관리면 「해당」으로,수시,180,,,
ASG-002810,DTY-01462,WG2008-0000097,자산,TG06,D17,SD17-1,SD17-2,확인필요,관리주체 확인 필요(FMS 관리주체 정보 없음·추정) — 용인시 관리면 「해당」으로,연1회,365,,,
ASG-002811,DTY-01462,WG2008-0000098,자산,TG06,D17,SD17-1,SD17-2,확인필요,관리주체 확인 필요(FMS 관리주체 정보 없음·추정) — 용인시 관리면 「해당」으로,연1회,365,,,
ASG-002812,DTY-01462,WG2008-0000099,자산,TG06,D17,SD17-1,SD17-2,확인필요,관리주체 확인 필요(FMS 관리주체 정보 없음·추정) — 용인시 관리면 「해당」으로,연1회,365,,,
ASG-002814,DTY-01463,WG2008-0000097,자산,TG06,D17,SD17-1,SD17-2,확인필요,관리주체 확인 필요(FMS 관리주체 정보 없음·추정) — 용인시 관리면 「해당」으로,상시,365,,,분류 추론 — 검수 전
ASG-002815,DTY-01463,WG2008-0000098,자산,TG06,D17,SD17-1,SD17-2,확인필요,관리주체 확인 필요(FMS 관리주체 정보 없음·추정) — 용인시 관리면 「해당」으로,상시,365,,,분류 추론 — 검수 전
ASG-002816,DTY-01463,WG2008-0000099,자산,TG06,D17,SD17-1,SD17-2,확인필요,관리주체 확인 필요(FMS 관리주체 정보 없음·추정) — 용인시 관리면 「해당」으로,상시,365,,,분류 추론 — 검수 전
ASG-002818,DTY-01464,WG2008-0000097,자산,TG06,D17,SD17-1,SD17-2,확인필요,관리주체 확인 필요(FMS 관리주체 정보 없음·추정) — 용인시 관리면 「해당」으로,상시,365,,,분류 추론 — 검수 전
ASG-002819,DTY-01464,WG2008-0000098,자산,TG06,D17,SD17-1,SD17-2,확인필요,관리주체 확인 필요(FMS 관리주체 정보 없음·추정) — 용인시 관리면 「해당」으로,상시,365,,,분류 추론 — 검수 전
ASG-002820,DTY-01464,WG2008-0000099,자산,TG06,D17,SD17-1,SD17-2,확인필요,관리주체 확인 필요(FMS 관리주체 정보 없음·추정) — 용인시 관리면 「해당」으로,상시,365,,,분류 추론 — 검수 전
ASG-002822,DTY-01465,WG2008-0000097,자산,TG06,D17,SD17-1,SD17-2,확인필요,관리주체 확인 필요(FMS 관리주체 정보 없음·추정) — 용인시 관리면 「해당」으로,반기 1회,180,,,분류 추론 — 검수 전
ASG-002823,DTY-01465,WG2008-0000098,자산,TG06,D17,SD17-1,SD17-2,확인필요,관리주체 확인 필요(FMS 관리주체 정보 없음·추정) — 용인시 관리면 「해당」으로,반기 1회,180,,,분류 추론 — 검수 전
ASG-002824,DTY-01465,WG2008-0000099,자산,TG06,D17,SD17-1,SD17-2,확인필요,관리주체 확인 필요(FMS 관리주체 정보 없음·추정) — 용인시 관리면 「해당」으로,반기 1회,180,,,분류 추론 — 검수 전
ASG-002826,DTY-01466,WG2008-0000097,자산,TG06,D17,SD17-1,SD17-2,확인필요,관리주체 확인 필요(FMS 관리주체 정보 없음·추정) — 용인시 관리면 「해당」으로,반기 1회,180,,,분류 추론 — 검수 전
ASG-002827,DTY-01466,WG2008-0000098,자산,TG06,D17,SD17-1,SD17-2,확인필요,관리주체 확인 필요(FMS 관리주체 정보 없음·추정) — 용인시 관리면 「해당」으로,반기 1회,180,,,분류 추론 — 검수 전
ASG-002828,DTY-01466,WG2008-0000099,자산,TG06,D17,SD17-1,SD17-2,확인필요,관리주체 확인 필요(FMS 관리주체 정보 없음·추정) — 용인시 관리면 「해당」으로,반기 1회,180,,,분류 추론 — 검수 전
ASG-002830,DTY-01467,WG2008-0000097,자산,TG06,D17,SD17-1,SD17-2,확인필요,관리주체 확인 필요(FMS 관리주체 정보 없음·추정) — 용인시 관리면 「해당」으로,반기 1회,180,,,분류 추론 — 검수 전
ASG-002831,DTY-01467,WG2008-0000098,자산,TG06,D17,SD17-1,SD17-2,확인필요,관리주체 확인 필요(FMS 관리주체 정보 없음·추정) — 용인시 관리면 「해당」으로,반기 1회,180,,,분류 추론 — 검수 전
ASG-002832,DTY-01467,WG2008-0000099,자산,TG06,D17,SD17-1,SD17-2,확인필요,관리주체 확인 필요(FMS 관리주체 정보 없음·추정) — 용인시 관리면 「해당」으로,반기 1회,180,,,분류 추론 — 검수 전
ASG-002921,DTY-01555,WG2008-0000097,자산,TG06,D17,SD17-1,SD17-2,확인필요,관리주체 확인 필요(FMS 관리주체 정보 없음·추정) — 용인시 관리면 「해당」으로,상시,365,,,
ASG-002922,DTY-01555,WG2008-0000098,자산,TG06,D17,SD17-1,SD17-2,확인필요,관리주체 확인 필요(FMS 관리주체 정보 없음·추정) — 용인시 관리면 「해당」으로,상시,365,,,
ASG-002923,DTY-01555,WG2008-0000099,자산,TG06,D17,SD17-1,SD17-2,확인필요,관리주체 확인 필요(FMS 관리주체 정보 없음·추정) — 용인시 관리면 「해당」으로,상시,365,,,
ASG-002947,DTY-01578,DA2008-0000007,자산,TG04,D13,SD13-1,SD13-2,비해당,관리주체 한국농어촌공사 평택지사 — 용인시 관리 시설 아님(용인시민신문 2021-11-30 · 국제뉴스 2025-03-25),상시,365,G01,2026-09-24,분류 추론 — 검수 전
ASG-002948,DTY-01578,DA2008-0000154,자산,TG04,D13,SD13-1,SD13-2,비해당,관리주체 한국농어촌공사 평택지사 — 용인시 관리 시설 아님(용인시민신문 2021-11-30 · 국제뉴스 2025-03-25),상시,365,G01,2026-09-24,분류 추론 — 검수 전
ASG-002949,DTY-01578,DA2008-0000165,자산,TG04,D13,SD13-1,SD13-2,비해당,관리주체 한국농어촌공사 안성지사 — 용인시 관리 시설 아님(용인시민신문 2021-11-30 · 국제뉴스 2025-03-25),상시,365,G01,2026-09-24,분류 추론 — 검수 전
ASG-003027,DTY-01643,DA2008-0000007,자산,TG04,D13,SD13-1,SD13-2,비해당,관리주체 한국농어촌공사 평택지사 — 용인시 관리 시설 아님(용인시민신문 2021-11-30 · 국제뉴스 2025-03-25),연1회,365,G01,2026-09-24,
ASG-003028,DTY-01643,DA2008-0000154,자산,TG04,D13,SD13-1,SD13-2,비해당,관리주체 한국농어촌공사 평택지사 — 용인시 관리 시설 아님(용인시민신문 2021-11-30 · 국제뉴스 2025-03-25),연1회,365,G01,2026-09-24,
ASG-003029,DTY-01643,DA2008-0000165,자산,TG04,D13,SD13-1,SD13-2,비해당,관리주체 한국농어촌공사 안성지사 — 용인시 관리 시설 아님(용인시민신문 2021-11-30 · 국제뉴스 2025-03-25),연1회,365,G01,2026-09-24,
ASG-003031,DTY-01644,DA2008-0000007,자산,TG04,D13,SD13-1,SD13-2,비해당,관리주체 한국농어촌공사 평택지사 — 용인시 관리 시설 아님(용인시민신문 2021-11-30 · 국제뉴스 2025-03-25),연1회,365,G01,2026-09-24,
ASG-003032,DTY-01644,DA2008-0000154,자산,TG04,D13,SD13-1,SD13-2,비해당,관리주체 한국농어촌공사 평택지사 — 용인시 관리 시설 아님(용인시민신문 2021-11-30 · 국제뉴스 2025-03-25),연1회,365,G01,2026-09-24,
ASG-003033,DTY-01644,DA2008-0000165,자산,TG04,D13,SD13-1,SD13-2,비해당,관리주체 한국농어촌공사 안성지사 — 용인시 관리 시설 아님(용인시민신문 2021-11-30 · 국제뉴스 2025-03-25),연1회,365,G01,2026-09-24,
ASG-003035,DTY-01645,DA2008-0000007,자산,TG04,D13,SD13-1,SD13-2,비해당,관리주체 한국농어촌공사 평택지사 — 용인시 관리 시설 아님(용인시민신문 2021-11-30 · 국제뉴스 2025-03-25),연1회,365,G01,2026-09-24,
ASG-003036,DTY-01645,DA2008-0000154,자산,TG04,D13,SD13-1,SD13-2,비해당,관리주체 한국농어촌공사 평택지사 — 용인시 관리 시설 아님(용인시민신문 2021-11-30 · 국제뉴스 2025-03-25),연1회,365,G01,2026-09-24,
ASG-003037,DTY-01645,DA2008-0000165,자산,TG04,D13,SD13-1,SD13-2,비해당,관리주체 한국농어촌공사 안성지사 — 용인시 관리 시설 아님(용인시민신문 2021-11-30 · 국제뉴스 2025-03-25),연1회,365,G01,2026-09-24,
ASG-003351,DTY-01922,WG2008-0000097,자산,TG06,D17,SD17-1,SD17-2,확인필요,관리주체 확인 필요(FMS 관리주체 정보 없음·추정) — 용인시 관리면 「해당」으로,상시,365,,,
ASG-003352,DTY-01922,WG2008-0000098,자산,TG06,D17,SD17-1,SD17-2,확인필요,관리주체 확인 필요(FMS 관리주체 정보 없음·추정) — 용인시 관리면 「해당」으로,상시,365,,,
ASG-003353,DTY-01922,WG2008-0000099,자산,TG06,D17,SD17-1,SD17-2,확인필요,관리주체 확인 필요(FMS 관리주체 정보 없음·추정) — 용인시 관리면 「해당」으로,상시,365,,,
