task_id,approval_status,created_by,submitted_at,submitted_by,approved_at,approved_by,rejected_at,reject_reason,created_at,period_year,half_year,plan_date,evidence_cnt,check_result,head_ok_at,head_ok_by
TSK-000055,제출,SD13-1,2026-08-08,SD13-1,,,,,2026-07-07,2026,상반기,2026-08-26,1,이행완료,,
TSK-000056,제출,SD13-1,2026-08-14,SD13-1,,,,,2026-07-08,2026,하반기,2026-08-27,1,이행완료,2026-08-15,H17
TSK-000057,승인,SD13-1,,,2026-09-09,SM02-2,,,2026-07-09,2026,상반기,2026-08-28,1,이행완료,2026-09-09,H17
TSK-000121,작성중,SD13-1,,,,,,,2026-06-23,2026,상반기,2026-09-11,0,,,
TSK-000122,작성중,SD13-1,,,,,,,2026-06-24,2026,하반기,2026-09-12,0,,,
TSK-000123,제출,SD13-1,2026-09-18,SD13-1,,,,,2026-06-25,2026,상반기,2026-09-13,1,이행완료,,
TSK-000125,작성중,SD13-1,,,,,,,2026-06-27,2026,상반기,2026-08-21,0,,,
TSK-000126,작성중,SD13-1,2026-09-06,SD13-1,,,,,2026-06-28,2026,하반기,2026-08-22,0,,,
TSK-000127,작성중,SD13-1,,,,,,,2026-06-29,2026,상반기,2026-08-23,0,,,
TSK-000129,작성중,SD13-1,,,,,,,2026-07-01,2026,상반기,2026-08-25,0,,,
TSK-000130,작성중,SD13-1,,,,,,,2026-07-02,2026,하반기,2026-08-26,0,,,
TSK-000131,제출,SD13-1,2026-09-10,SD13-1,,,,,2026-07-03,2026,상반기,2026-08-27,1,이행완료,,
TSK-000133,작성중,SD13-1,,,,,,,2026-07-05,2026,상반기,2026-08-29,0,,,
TSK-000134,작성중,SD13-1,2026-09-04,SD13-1,,,,,2026-07-06,2026,하반기,2026-08-30,0,,,
TSK-000135,작성중,SD13-1,,,,,,,2026-07-07,2026,상반기,2026-08-31,0,,,
TSK-000137,작성중,SD13-1,,,,,,,2026-07-09,2026,상반기,2026-09-02,0,,,
TSK-000138,작성중,SD13-1,,,,,,,2026-07-10,2026,하반기,2026-09-03,0,,,
TSK-000139,제출,SD13-1,2026-09-02,SD13-1,,,,,2026-07-11,2026,상반기,2026-09-04,1,이행완료,,
TSK-000238,작성중,SD13-1,2026-09-08,SD13-1,,,,,2026-07-30,2026,하반기,2026-09-03,0,,,
TSK-000239,제출,SD13-1,2026-09-02,SD13-1,,,,,2026-07-31,2026,상반기,2026-09-04,1,이행완료,,
TSK-000240,작성중,SD13-1,2026-08-31,SD13-1,,,,,2026-06-22,2026,하반기,2026-09-05,0,,,
TSK-000274,제출,SD13-1,2026-08-12,SD13-1,,,,,2026-07-26,2026,하반기,2026-09-14,1,이행완료,2026-08-13,H17
TSK-000275,제출,SD13-1,2026-08-18,SD13-1,,,,,2026-07-27,2026,상반기,2026-08-21,1,이행완료,,
TSK-000276,제출,SD13-1,2026-08-24,SD13-1,,,,증빙 사진에 일자 표기가 없음,2026-07-28,2026,하반기,2026-08-22,1,이행완료,2026-08-25,H17
TSK-000291,작성중,SD13-1,2026-09-01,SD13-1,,,,,2026-07-03,2026,상반기,2026-09-06,0,,,
TSK-000292,작성중,SD13-1,2026-09-02,SD13-1,,,,증빙 사진에 일자 표기가 없음,2026-07-04,2026,하반기,2026-09-07,0,,,
TSK-000293,제출,SD13-1,2026-09-08,SD13-1,,,,,2026-07-05,2026,상반기,2026-09-08,1,이행완료,,
TSK-000379,제출,SD13-1,2026-08-20,SD13-1,,,,,2026-07-11,2026,상반기,2026-08-25,1,이행완료,,
TSK-000380,제출,SD13-1,2026-08-26,SD13-1,,,,증빙 사진에 일자 표기가 없음,2026-07-12,2026,하반기,2026-08-26,1,이행완료,2026-08-27,H17
TSK-000381,승인,SD13-1,,,2026-09-12,SM02-2,,,2026-07-13,2026,상반기,2026-08-27,1,이행완료,2026-09-12,H17
TSK-000401,제출,SD13-1,2026-09-20,SD13-1,,,,,2026-06-23,2026,상반기,2026-08-22,1,이행완료,,
TSK-000402,작성중,SD13-1,,,,,,,2026-06-24,2026,하반기,2026-08-23,0,,,
TSK-000403,작성중,SD13-1,2026-09-03,SD13-1,,,,,2026-06-25,2026,상반기,2026-08-24,0,,,
TSK-000405,작성중,SD13-1,,,,,,,2026-06-27,2026,상반기,2026-08-26,0,,,
TSK-000406,작성중,SD13-1,2026-09-06,SD13-1,,,,,2026-06-28,2026,하반기,2026-08-27,0,,,
TSK-000407,작성중,SD13-1,,,,,,,2026-06-29,2026,상반기,2026-08-28,0,,,
TSK-000413,작성중,SD13-1,,,,,,,2026-07-05,2026,상반기,2026-09-03,0,,,
TSK-000414,작성중,SD13-1,2026-09-04,SD13-1,,,,,2026-07-06,2026,하반기,2026-09-04,0,,,
TSK-000415,작성중,SD13-1,,,,,,,2026-07-07,2026,상반기,2026-09-05,0,,,
TSK-000417,작성중,SD13-1,,,,,,,2026-07-09,2026,상반기,2026-09-07,0,,,
TSK-000418,제출,SD13-1,2026-05-17,SD13-1,,,,,2026-07-10,2026,하반기,2026-09-08,1,이행완료,2026-05-18,H17
TSK-000419,제출,SD13-1,2026-05-23,SD13-1,,,,,2026-07-11,2026,상반기,2026-09-09,1,이행완료,,
TSK-000421,승인,SD13-1,,,2026-07-02,SM02-3,,,2026-07-13,2026,상반기,2026-09-11,1,이행완료,2026-07-02,H17
TSK-000422,제출,SD13-1,2026-06-22,SD13-1,,,,,2026-07-14,2026,하반기,2026-09-12,1,이행완료,2026-06-23,H17
TSK-000423,제출,SD13-1,2026-06-28,SD13-1,,,,,2026-07-15,2026,상반기,2026-09-13,1,이행완료,,
TSK-000425,작성중,SD13-1,,,,,,,2026-07-17,2026,상반기,2026-08-21,0,,,
TSK-000426,작성중,SD13-1,,,,,,,2026-07-18,2026,하반기,2026-08-22,0,,,
TSK-000427,작성중,SD13-1,2026-09-07,SD13-1,,,,,2026-07-19,2026,상반기,2026-08-23,0,,,
TSK-000449,작성중,SD13-1,,,,,,,2026-07-01,2026,상반기,2026-09-14,0,,,
TSK-000450,제출,SD13-1,2026-09-11,SD13-1,,,,,2026-07-02,2026,하반기,2026-08-21,1,이행완료,2026-09-12,H13
TSK-000451,작성중,SD13-1,2026-09-01,SD13-1,,,,,2026-07-03,2026,상반기,2026-08-22,0,,,
TSK-000453,작성중,SD13-1,,,,,,,2026-07-05,2026,상반기,2026-08-24,0,,,
TSK-000454,작성중,SD13-1,2026-09-04,SD13-1,,,,,2026-07-06,2026,하반기,2026-08-25,0,,,
TSK-000455,제출,SD13-1,2026-09-06,SD13-1,,,,,2026-07-07,2026,상반기,2026-08-26,1,이행완료,,
TSK-000457,작성중,SD13-1,,,,,,,2026-07-09,2026,상반기,2026-08-28,0,,,
TSK-000458,제출,SD13-1,2026-09-03,SD13-1,,,,,2026-07-10,2026,하반기,2026-08-29,1,이행완료,2026-09-04,H13
TSK-000459,작성중,SD13-1,2026-09-09,SD13-1,,,,,2026-07-11,2026,상반기,2026-08-30,0,,,
TSK-000461,작성중,SD13-1,,,,,,,2026-07-13,2026,상반기,2026-09-01,0,,,
TSK-000462,작성중,SD13-1,2026-09-02,SD13-1,,,,,2026-07-14,2026,하반기,2026-09-02,0,,,
TSK-000463,제출,SD13-1,2026-07-15,SD13-1,,,,,2026-07-15,2026,상반기,2026-09-03,1,이행완료,,
TSK-000465,승인,SD13-1,,,2026-08-14,SM02-1,,,2026-07-17,2026,상반기,2026-09-05,1,이행완료,2026-08-14,H13
TSK-000466,제출,SD13-1,2026-08-02,SD13-1,,,,,2026-07-18,2026,하반기,2026-09-06,1,이행완료,2026-08-03,H13
TSK-000467,제출,SD13-1,2026-08-08,SD13-1,,,,,2026-07-19,2026,상반기,2026-09-07,1,이행완료,,
TSK-000469,승인,SD13-1,,,2026-09-06,SM02-2,,,2026-07-21,2026,상반기,2026-09-09,1,이행완료,2026-09-06,H13
TSK-000470,제출,SD13-1,2026-09-07,SD13-1,,,,,2026-07-22,2026,하반기,2026-09-10,1,이행완료,2026-09-08,H13
TSK-000471,작성중,SD13-1,,,,,,,2026-07-23,2026,상반기,2026-09-11,0,미이행,,
TSK-000473,작성중,SD13-1,,,,,,,2026-07-25,2026,상반기,2026-09-13,0,,,
TSK-000474,제출,SD13-1,2026-09-07,SD13-1,,,,,2026-07-26,2026,하반기,2026-09-14,1,이행완료,2026-09-08,H13
TSK-000475,작성중,SD13-1,2026-09-05,SD13-1,,,,,2026-07-27,2026,상반기,2026-08-21,0,,,
TSK-000777,승인,SD13-1,,,2026-09-03,SM02-2,,,2026-07-09,2026,상반기,2026-08-23,1,이행완료,2026-09-03,H17
TSK-000778,제출,SD13-1,2026-08-26,SD13-1,,,,,2026-07-10,2026,하반기,2026-08-24,1,이행완료,2026-08-27,H17
TSK-000779,제출,SD13-1,2026-09-01,SD13-1,,,,,2026-07-11,2026,상반기,2026-08-25,1,이행완료,,
TSK-000781,작성중,SD13-1,,,,,,,2026-07-13,2026,상반기,2026-08-27,0,,,
TSK-000782,제출,SD13-1,2026-09-19,SD13-1,,,,,2026-07-14,2026,하반기,2026-08-28,1,이행완료,2026-09-20,H17
TSK-000783,제출,SD13-1,2026-05-24,SD13-1,,,,,2026-07-15,2026,상반기,2026-08-29,1,이행완료,,
TSK-000785,제출,SD13-1,2026-09-16,SD13-1,,,,,2026-07-17,2026,상반기,2026-08-31,1,이행완료,,
TSK-000786,작성중,SD13-1,,,,,,,2026-07-18,2026,하반기,2026-09-01,0,,,
TSK-000787,작성중,SD13-1,2026-09-07,SD13-1,,,,,2026-07-19,2026,상반기,2026-09-02,0,,,
TSK-000789,작성중,SD13-1,,,,,,,2026-07-21,2026,상반기,2026-09-04,0,,,
TSK-000790,제출,SD13-1,2026-09-11,SD13-1,,,,,2026-07-22,2026,하반기,2026-09-05,1,이행완료,2026-09-12,H17
TSK-000791,작성중,SD13-1,,,,,,,2026-07-23,2026,상반기,2026-09-06,0,,,
TSK-000793,승인,SD13-1,,,2026-08-23,SM02-3,,,2026-07-25,2026,상반기,2026-09-08,1,이행완료,2026-08-23,H17
TSK-000794,제출,SD13-1,2026-08-10,SD13-1,,,,,2026-07-26,2026,하반기,2026-09-09,1,이행완료,2026-08-11,H17
TSK-000795,제출,SD13-1,2026-08-16,SD13-1,,,,,2026-07-27,2026,상반기,2026-09-10,1,이행완료,,
TSK-000797,작성중,SD13-1,,,,,,,2026-07-29,2026,상반기,2026-09-12,0,,,
TSK-000798,작성중,SD13-1,2026-09-08,SD13-1,,,,,2026-07-30,2026,하반기,2026-09-13,0,미이행,,
TSK-000799,제출,SD13-1,2026-07-27,SD13-1,,,,,2026-07-31,2026,상반기,2026-09-14,1,이행완료,,
TSK-000801,승인,SD13-1,,,2026-08-14,SM02-1,,,2026-06-23,2026,상반기,2026-08-22,1,이행완료,2026-08-14,H17
TSK-000802,제출,SD13-1,2026-08-14,SD13-1,,,,,2026-06-24,2026,하반기,2026-08-23,1,이행완료,2026-08-15,H17
TSK-000803,제출,SD13-1,2026-08-20,SD13-1,,,,,2026-06-25,2026,상반기,2026-08-24,1,이행완료,,
TSK-000805,작성중,SD13-1,,,,,,,2026-06-27,2026,상반기,2026-08-26,0,,,
TSK-000806,작성중,SD13-1,2026-09-06,SD13-1,,,,,2026-06-28,2026,하반기,2026-08-27,0,,,
TSK-000807,작성중,SD13-1,,,,,,,2026-06-29,2026,상반기,2026-08-28,0,,,
TSK-000815,작성중,SD13-1,,,,,,,2026-07-07,2026,상반기,2026-09-05,0,,,
TSK-000816,작성중,SD13-1,2026-09-06,SD13-1,,,,,2026-07-08,2026,하반기,2026-09-06,0,,,
TSK-000817,작성중,SD13-1,,,,,,,2026-07-09,2026,상반기,2026-09-07,0,,,
TSK-000819,작성중,SD13-1,2026-09-09,SD13-1,,,,,2026-07-11,2026,상반기,2026-09-09,0,,,
TSK-000820,제출,SD13-1,2026-09-01,SD13-1,,,,증빙 사진에 일자 표기가 없음,2026-07-12,2026,하반기,2026-09-10,1,이행완료,2026-09-02,H17
TSK-000821,작성중,SD13-1,,,,,,,2026-07-13,2026,상반기,2026-09-11,0,,,
TSK-000823,제출,SD13-1,2026-07-15,SD13-1,,,,,2026-07-15,2026,상반기,2026-09-13,1,이행완료,,
TSK-000824,제출,SD13-1,2026-07-21,SD13-1,,,,,2026-07-16,2026,하반기,2026-09-14,1,이행완료,2026-07-22,H13
TSK-000825,작성중,SD13-1,,,,,,,2026-07-17,2026,상반기,2026-08-21,0,미이행,,
TSK-000827,제출,SD13-1,2026-08-08,SD13-1,,,,,2026-07-19,2026,상반기,2026-08-23,1,이행완료,,
TSK-000828,제출,SD13-1,2026-08-14,SD13-1,,,,증빙 사진에 일자 표기가 없음,2026-07-20,2026,하반기,2026-08-24,1,이행완료,2026-08-15,H13
TSK-000829,승인,SD13-1,,,2026-09-12,SM02-2,,,2026-07-21,2026,상반기,2026-08-25,1,이행완료,2026-09-12,H13
TSK-000831,제출,SD13-1,2026-09-13,SD13-1,,,,,2026-07-23,2026,상반기,2026-08-27,1,이행완료,,
TSK-000832,작성중,SD13-1,2026-09-02,SD13-1,,,,,2026-07-24,2026,하반기,2026-08-28,0,,,
TSK-000833,작성중,SD13-1,,,,,,,2026-07-25,2026,상반기,2026-08-29,0,,,
TSK-000835,작성중,SD13-1,2026-09-05,SD13-1,,,,,2026-07-27,2026,상반기,2026-08-31,0,,,
TSK-000836,제출,SD13-1,2026-09-05,SD13-1,,,,증빙 사진에 일자 표기가 없음,2026-07-28,2026,하반기,2026-09-01,1,이행완료,2026-09-06,H13
TSK-000837,작성중,SD13-1,,,,,,,2026-07-29,2026,상반기,2026-09-02,0,,,
TSK-000839,제출,SD13-1,2026-09-02,SD13-1,,,,,2026-07-31,2026,상반기,2026-09-04,1,이행완료,,
TSK-000840,작성중,SD13-1,2026-08-31,SD13-1,,,,,2026-06-22,2026,하반기,2026-09-05,0,,,
TSK-000841,작성중,SD13-1,,,,,,,2026-06-23,2026,상반기,2026-09-06,0,,,
TSK-000935,작성중,SD13-1,,,,,,,2026-07-07,2026,상반기,2026-08-31,0,,,
TSK-000936,제출,SD13-1,2026-09-05,SD13-1,,,,,2026-07-08,2026,하반기,2026-09-01,1,이행완료,2026-09-06,H17
TSK-000937,작성중,SD13-1,,,,,,,2026-07-09,2026,상반기,2026-09-02,0,,,
TSK-000939,제출,SD13-1,2026-09-02,SD13-1,,,,,2026-07-11,2026,상반기,2026-09-04,1,이행완료,,
TSK-000940,작성중,SD13-1,2026-08-31,SD13-1,,,,증빙 사진에 일자 표기가 없음,2026-07-12,2026,하반기,2026-09-05,0,,,
TSK-000941,작성중,SD13-1,,,,,,,2026-07-13,2026,상반기,2026-09-06,0,,,
TSK-000943,제출,SD13-1,2026-06-14,SD13-1,,,,,2026-07-15,2026,상반기,2026-09-08,1,이행완료,,
TSK-000944,작성중,SD13-1,2026-09-04,SD13-1,,,,,2026-07-16,2026,하반기,2026-09-09,0,미이행,,
TSK-000945,승인,SD13-1,,,2026-07-16,SM02-2,,,2026-07-17,2026,상반기,2026-09-10,1,이행완료,2026-07-16,H17
TSK-000947,제출,SD13-1,2026-07-08,SD13-1,,,,,2026-07-19,2026,상반기,2026-09-12,1,이행완료,,
TSK-000948,제출,SD13-1,2026-07-14,SD13-1,,,,증빙 사진에 일자 표기가 없음,2026-07-20,2026,하반기,2026-09-13,1,이행완료,2026-07-15,H17
TSK-000949,승인,SD13-1,,,2026-08-08,SM02-3,,,2026-07-21,2026,상반기,2026-09-14,1,이행완료,2026-08-08,H17
TSK-001151,제출,SD13-1,2026-06-06,SD13-1,,,,,2026-07-23,2026,상반기,2026-08-22,1,이행완료,,
TSK-001152,제출,SD13-1,2026-06-12,SD13-1,,,,,2026-07-24,2026,하반기,2026-08-23,1,이행완료,2026-06-13,H17
TSK-001153,승인,SD13-1,,,2026-07-10,SM02-3,,,2026-07-25,2026,상반기,2026-08-24,1,이행완료,2026-07-10,H17
TSK-001155,제출,SD13-1,2026-09-06,SD13-1,,,,,2026-07-27,2026,상반기,2026-08-26,1,이행완료,,
TSK-001156,작성중,SD13-1,2026-09-06,SD13-1,,,,증빙 사진에 일자 표기가 없음,2026-07-28,2026,하반기,2026-08-27,0,,,
TSK-001157,작성중,SD13-1,,,,,,,2026-07-29,2026,상반기,2026-08-28,0,,,
TSK-001166,제출,SD13-1,2026-09-15,SD13-1,,,,,2026-06-28,2026,하반기,2026-09-06,1,이행완료,2026-09-16,H17
TSK-001167,작성중,SD13-1,,,,,,,2026-06-29,2026,상반기,2026-09-07,0,,,
TSK-001168,작성중,SD13-1,2026-09-08,SD13-1,,,,,2026-06-30,2026,하반기,2026-09-08,0,,,
TSK-001170,작성중,SD13-1,,,,,,,2026-07-02,2026,하반기,2026-09-10,0,,,
TSK-001171,작성중,SD13-1,2026-09-01,SD13-1,,,,,2026-07-03,2026,상반기,2026-09-11,0,,,
TSK-001172,작성중,SD13-1,2026-09-02,SD13-1,,,,증빙 사진에 일자 표기가 없음,2026-07-04,2026,하반기,2026-09-12,0,,,
TSK-001174,제출,SD13-1,2026-09-07,SD13-1,,,,,2026-07-06,2026,하반기,2026-09-14,1,이행완료,2026-09-08,H17
TSK-001175,작성중,SD13-1,,,,,,,2026-07-07,2026,상반기,2026-08-21,0,,,
TSK-001176,작성중,SD13-1,2026-09-06,SD13-1,,,,,2026-07-08,2026,하반기,2026-08-22,0,,,
TSK-001178,작성중,SD13-1,,,,,,,2026-07-10,2026,하반기,2026-08-24,0,,,
TSK-001179,작성중,SD13-1,2026-09-09,SD13-1,,,,,2026-07-11,2026,상반기,2026-08-25,0,,,
TSK-001180,작성중,SD13-1,2026-08-31,SD13-1,,,,증빙 사진에 일자 표기가 없음,2026-07-12,2026,하반기,2026-08-26,0,,,
TSK-001182,제출,SD13-1,2026-09-19,SD13-1,,,,,2026-07-14,2026,하반기,2026-08-28,1,이행완료,2026-09-20,H17
TSK-001183,제출,SD13-1,2026-07-15,SD13-1,,,,,2026-07-15,2026,상반기,2026-08-29,1,이행완료,,
TSK-001184,제출,SD13-1,2026-07-21,SD13-1,,,,,2026-07-16,2026,하반기,2026-08-30,1,이행완료,2026-07-22,H17
TSK-001186,작성중,SD13-1,,,,,,,2026-07-18,2026,하반기,2026-09-01,0,,,
TSK-001187,작성중,SD13-1,2026-09-07,SD13-1,,,,,2026-07-19,2026,상반기,2026-09-02,0,,,
TSK-001188,작성중,SD13-1,2026-09-08,SD13-1,,,,증빙 사진에 일자 표기가 없음,2026-07-20,2026,하반기,2026-09-03,0,,,
TSK-001190,제출,SD13-1,2026-09-11,SD13-1,,,,,2026-07-22,2026,하반기,2026-09-05,1,이행완료,2026-09-12,H17
TSK-001191,작성중,SD13-1,,,,,,,2026-07-23,2026,상반기,2026-09-06,0,,,
TSK-001192,작성중,SD13-1,2026-09-02,SD13-1,,,,,2026-07-24,2026,하반기,2026-09-07,0,,,
TSK-001194,작성중,SD13-1,,,,,,,2026-07-26,2026,하반기,2026-09-09,0,,,
TSK-001195,작성중,SD13-1,2026-09-05,SD13-1,,,,,2026-07-27,2026,상반기,2026-09-10,0,,,
TSK-001196,제출,SD13-1,2026-09-05,SD13-1,,,,증빙 사진에 일자 표기가 없음,2026-07-28,2026,하반기,2026-09-11,1,이행완료,2026-09-06,H17
TSK-001198,작성중,SD13-1,2026-09-08,SD13-1,,,,,2026-07-30,2026,하반기,2026-09-13,0,,,
TSK-001199,작성중,SD13-1,,,,,,,2026-07-31,2026,상반기,2026-09-14,0,,,
TSK-001200,작성중,SD13-1,2026-08-31,SD13-1,,,,,2026-06-22,2026,하반기,2026-08-21,0,,,
TSK-001202,작성중,SD13-1,,,,,,,2026-06-24,2026,하반기,2026-08-23,0,,,
TSK-001203,작성중,SD13-1,2026-09-03,SD13-1,,,,,2026-06-25,2026,상반기,2026-08-24,0,,,
TSK-001204,제출,SD13-1,2026-09-17,SD13-1,,,,증빙 사진에 일자 표기가 없음,2026-06-26,2026,하반기,2026-08-25,1,이행완료,2026-09-18,H13
TSK-001206,작성중,SD13-1,2026-09-06,SD13-1,,,,,2026-06-28,2026,하반기,2026-08-27,0,,,
TSK-001207,작성중,SD13-1,,,,,,,2026-06-29,2026,상반기,2026-08-28,0,,,
TSK-001208,작성중,SD13-1,2026-09-08,SD13-1,,,,,2026-06-30,2026,하반기,2026-08-29,0,,,
TSK-001223,제출,SD13-1,2026-09-18,SD13-1,,,,,2026-07-15,2026,상반기,2026-09-13,1,이행완료,,
TSK-001224,작성중,SD13-1,2026-09-04,SD13-1,,,,,2026-07-16,2026,하반기,2026-09-14,0,,,
TSK-001225,작성중,SD13-1,,,,,,,2026-07-17,2026,상반기,2026-08-21,0,,,
TSK-001227,작성중,SD13-1,2026-09-07,SD13-1,,,,,2026-07-19,2026,상반기,2026-08-23,0,,,
TSK-001228,제출,SD13-1,2026-09-13,SD13-1,,,,증빙 사진에 일자 표기가 없음,2026-07-20,2026,하반기,2026-08-24,1,이행완료,2026-09-14,H17
TSK-001229,작성중,SD13-1,,,,,,,2026-07-21,2026,상반기,2026-08-25,0,,,
TSK-001468,제출,SD13-1,2026-08-02,SD13-1,,,,증빙 사진에 일자 표기가 없음,2026-07-20,2026,하반기,2026-09-08,1,이행완료,2026-08-03,H17
TSK-001469,승인,SD13-1,,,2026-08-28,SM02-2,,,2026-07-21,2026,상반기,2026-09-09,1,이행완료,2026-08-28,H17
TSK-001470,제출,SD13-1,2026-08-14,SD13-1,,,,,2026-07-22,2026,하반기,2026-09-10,1,이행완료,2026-08-15,H17
TSK-001472,제출,SD13-1,2026-08-26,SD13-1,,,,,2026-07-24,2026,하반기,2026-09-12,1,이행완료,2026-08-27,H17
TSK-001473,승인,SD13-1,,,2026-09-08,SM02-3,,,2026-07-25,2026,상반기,2026-09-13,1,이행완료,2026-09-08,H17
TSK-001474,제출,SD13-1,2026-09-07,SD13-1,,,,,2026-07-26,2026,하반기,2026-09-14,1,이행완료,2026-09-08,H17
TSK-001476,작성중,SD13-1,2026-09-06,SD13-1,,,,증빙 사진에 일자 표기가 없음,2026-07-28,2026,하반기,2026-08-22,0,,,
TSK-001477,제출,SD13-1,2026-09-04,SD13-1,,,,,2026-07-29,2026,상반기,2026-08-23,1,이행완료,,
TSK-001478,작성중,SD13-1,2026-09-08,SD13-1,,,,,2026-07-30,2026,하반기,2026-08-24,0,,,
TSK-001521,승인,SD13-1,,,2026-07-17,SM02-3,,,2026-06-23,2026,상반기,2026-09-11,1,이행완료,2026-07-17,H13
TSK-001522,제출,SD13-1,2026-07-19,SD13-1,,,,,2026-06-24,2026,하반기,2026-09-12,1,이행완료,2026-07-20,H13
TSK-001523,제출,SD13-1,2026-07-25,SD13-1,,,,,2026-06-25,2026,상반기,2026-09-13,1,이행완료,,
TSK-001529,승인,SD13-1,,,2026-09-21,SM02-2,,,2026-07-01,2026,상반기,2026-08-25,1,이행완료,2026-09-21,H17
TSK-001530,작성중,SD13-1,,,,,,,2026-07-02,2026,하반기,2026-08-26,0,,,
TSK-001531,제출,SD13-1,2026-09-10,SD13-1,,,,,2026-07-03,2026,상반기,2026-08-27,1,이행완료,,
TSK-001533,작성중,SD13-1,,,,,,,2026-07-05,2026,상반기,2026-08-29,0,,,
TSK-001534,작성중,SD13-1,2026-09-04,SD13-1,,,,,2026-07-06,2026,하반기,2026-08-30,0,,,
TSK-001535,작성중,SD13-1,,,,,,,2026-07-07,2026,상반기,2026-08-31,0,,,
TSK-001537,작성중,SD13-1,,,,,,,2026-07-09,2026,상반기,2026-09-02,0,,,
TSK-001538,작성중,SD13-1,,,,,,,2026-07-10,2026,하반기,2026-09-03,0,,,
TSK-001539,제출,SD13-1,2026-09-02,SD13-1,,,,,2026-07-11,2026,상반기,2026-09-04,1,이행완료,,
TSK-001541,작성중,SD13-1,,,,,,,2026-07-13,2026,상반기,2026-09-06,0,,,
TSK-001542,제출,SD13-1,2026-09-19,SD13-1,,,,,2026-07-14,2026,하반기,2026-09-07,1,이행완료,2026-09-20,H17
TSK-001543,제출,SD13-1,2026-07-15,SD13-1,,,,,2026-07-15,2026,상반기,2026-09-08,1,이행완료,,
TSK-001545,승인,SD13-1,,,2026-08-15,SM02-3,,,2026-07-17,2026,상반기,2026-09-10,1,이행완료,2026-08-15,H17
TSK-001546,제출,SD13-1,2026-08-02,SD13-1,,,,,2026-07-18,2026,하반기,2026-09-11,1,이행완료,2026-08-03,H17
TSK-001547,제출,SD13-1,2026-08-08,SD13-1,,,,,2026-07-19,2026,상반기,2026-09-12,1,이행완료,,
TSK-001549,작성중,SD13-1,,,,,,,2026-07-21,2026,상반기,2026-09-14,0,,,
TSK-001550,제출,SD13-1,2026-09-11,SD13-1,,,,,2026-07-22,2026,하반기,2026-08-21,1,이행완료,2026-09-12,H17
TSK-001551,작성중,SD13-1,,,,,,,2026-07-23,2026,상반기,2026-08-22,0,,,
TSK-001553,작성중,SD13-1,,,,,,,2026-07-25,2026,상반기,2026-08-24,0,,,
TSK-001554,작성중,SD13-1,,,,,,,2026-07-26,2026,하반기,2026-08-25,0,,,
TSK-001555,제출,SD13-1,2026-09-06,SD13-1,,,,,2026-07-27,2026,상반기,2026-08-26,1,이행완료,,
TSK-001814,작성중,SD13-1,2026-09-04,SD13-1,,,,,2026-07-06,2026,하반기,2026-09-04,0,,,
TSK-001815,작성중,SD13-1,,,,,,,2026-07-07,2026,상반기,2026-09-05,0,,,
TSK-001816,작성중,SD13-1,2026-09-06,SD13-1,,,,,2026-07-08,2026,하반기,2026-09-06,0,,,
TSK-001990,제출,SD13-1,2026-07-10,SD13-1,,,,,2026-07-22,2026,하반기,2026-09-05,1,이행완료,2026-07-11,H17
TSK-001991,제출,SD13-1,2026-07-16,SD13-1,,,,,2026-07-23,2026,상반기,2026-09-06,1,이행완료,,
TSK-001992,제출,SD13-1,2026-07-22,SD13-1,,,,,2026-07-24,2026,하반기,2026-09-07,1,이행완료,2026-07-23,H17
TSK-001994,제출,SD13-1,2026-08-15,SD13-1,,,,,2026-07-26,2026,하반기,2026-09-09,1,이행완료,2026-08-16,H17
TSK-001995,제출,SD13-1,2026-08-21,SD13-1,,,,,2026-07-27,2026,상반기,2026-09-10,1,이행완료,,
TSK-001996,제출,SD13-1,2026-08-27,SD13-1,,,,증빙 사진에 일자 표기가 없음,2026-07-28,2026,하반기,2026-09-11,1,이행완료,2026-08-28,H17
TSK-001998,작성중,SD13-1,2026-09-08,SD13-1,,,,,2026-07-30,2026,하반기,2026-09-13,0,,,
TSK-001999,작성중,SD13-1,,,,,,,2026-07-31,2026,상반기,2026-09-14,0,,,
TSK-002000,작성중,SD13-1,2026-08-31,SD13-1,,,,,2026-06-22,2026,하반기,2026-08-21,0,,,
TSK-002014,작성중,SD13-1,2026-09-04,SD13-1,,,,,2026-07-06,2026,하반기,2026-09-04,0,,,
TSK-002015,작성중,SD13-1,,,,,,,2026-07-07,2026,상반기,2026-09-05,0,,,
TSK-002016,작성중,SD13-1,2026-09-06,SD13-1,,,,,2026-07-08,2026,하반기,2026-09-06,0,,,
TSK-002018,작성중,SD13-1,,,,,,,2026-07-10,2026,하반기,2026-09-08,0,,,
TSK-002019,작성중,SD13-1,2026-09-09,SD13-1,,,,,2026-07-11,2026,상반기,2026-09-09,0,,,
TSK-002020,제출,SD13-1,2026-09-01,SD13-1,,,,증빙 사진에 일자 표기가 없음,2026-07-12,2026,하반기,2026-09-10,1,이행완료,2026-09-02,H17
TSK-002022,작성중,SD13-1,2026-09-02,SD13-1,,,,,2026-07-14,2026,하반기,2026-09-12,0,,,
TSK-002023,제출,SD13-1,2026-09-18,SD13-1,,,,,2026-07-15,2026,상반기,2026-09-13,1,이행완료,,
TSK-002024,작성중,SD13-1,2026-09-04,SD13-1,,,,,2026-07-16,2026,하반기,2026-09-14,0,,,
TSK-002026,작성중,SD13-1,,,,,,,2026-07-18,2026,하반기,2026-08-22,0,,,
TSK-002027,작성중,SD13-1,2026-09-07,SD13-1,,,,,2026-07-19,2026,상반기,2026-08-23,0,,,
TSK-002028,제출,SD13-1,2026-09-13,SD13-1,,,,증빙 사진에 일자 표기가 없음,2026-07-20,2026,하반기,2026-08-24,1,이행완료,2026-09-14,H17
TSK-002030,작성중,SD13-1,2026-08-31,SD13-1,,,,,2026-07-22,2026,하반기,2026-08-26,0,,,
TSK-002031,제출,SD13-1,2026-09-10,SD13-1,,,,,2026-07-23,2026,상반기,2026-08-27,1,이행완료,,
TSK-002032,제출,SD13-1,2026-07-21,SD13-1,,,,,2026-07-24,2026,하반기,2026-08-28,1,이행완료,2026-07-22,H17
TSK-002034,제출,SD13-1,2026-08-02,SD13-1,,,,,2026-07-26,2026,하반기,2026-08-30,1,이행완료,2026-08-03,H17
TSK-002035,제출,SD13-1,2026-08-08,SD13-1,,,,,2026-07-27,2026,상반기,2026-08-31,1,이행완료,,
TSK-002036,제출,SD13-1,2026-08-14,SD13-1,,,,증빙 사진에 일자 표기가 없음,2026-07-28,2026,하반기,2026-09-01,1,이행완료,2026-08-15,H17
TSK-002038,제출,SD13-1,2026-06-11,SD13-1,,,,,2026-07-30,2026,하반기,2026-09-03,1,이행완료,2026-06-12,H17
TSK-002039,제출,SD13-1,2026-06-17,SD13-1,,,,,2026-07-31,2026,상반기,2026-09-04,1,이행완료,,
TSK-002040,제출,SD13-1,2026-06-23,SD13-1,,,,,2026-06-22,2026,하반기,2026-09-05,1,이행완료,2026-06-24,H17
TSK-002058,제출,SD13-1,2026-09-03,SD13-1,,,,,2026-07-10,2026,하반기,2026-08-29,1,이행완료,2026-09-04,H13
TSK-002059,작성중,SD13-1,2026-09-09,SD13-1,,,,,2026-07-11,2026,상반기,2026-08-30,0,,,
TSK-002060,작성중,SD13-1,2026-08-31,SD13-1,,,,증빙 사진에 일자 표기가 없음,2026-07-12,2026,하반기,2026-08-31,0,,,
TSK-002097,승인,SD13-1,,,2026-08-02,SM02-1,,,2026-07-09,2026,상반기,2026-09-12,1,이행완료,2026-08-02,H13
TSK-002098,작성중,SD13-1,,,,,,,2026-07-10,2026,하반기,2026-09-13,0,미이행,,
TSK-002099,제출,SD13-1,2026-08-11,SD13-1,,,,,2026-07-11,2026,상반기,2026-09-14,1,이행완료,,
TSK-002101,승인,SD13-1,,,2026-09-12,SM02-2,,,2026-07-13,2026,상반기,2026-08-22,1,이행완료,2026-09-12,H13
TSK-002102,제출,SD13-1,2026-09-10,SD13-1,,,,,2026-07-14,2026,하반기,2026-08-23,1,이행완료,2026-09-11,H13
TSK-002103,제출,SD13-1,2026-09-16,SD13-1,,,,,2026-07-15,2026,상반기,2026-08-24,1,이행완료,,
TSK-002105,작성중,SD13-1,,,,,,,2026-07-17,2026,상반기,2026-08-26,0,,,
TSK-002106,작성중,SD13-1,,,,,,,2026-07-18,2026,하반기,2026-08-27,0,,,
TSK-002107,작성중,SD13-1,2026-09-07,SD13-1,,,,,2026-07-19,2026,상반기,2026-08-28,0,,,
TSK-002248,제출,SD13-1,2026-06-27,SD13-1,,,,,2026-06-30,2026,하반기,2026-09-13,1,이행완료,2026-06-28,H17
TSK-002249,승인,SD13-1,,,2026-07-22,SM02-3,,,2026-07-01,2026,상반기,2026-09-14,1,이행완료,2026-07-22,H17
TSK-002250,제출,SD13-1,2026-07-09,SD13-1,,,,,2026-07-02,2026,하반기,2026-08-21,1,이행완료,2026-07-10,H17
