notif_id,task_id,notif_type,to_staff_id,sent_at,message,read_at,note
NTF-000048,TSK-000425,기한임박,SD13-1,2026-09-17,[기한임박] 내진설계 일반(KDS 17 10 00) — 구조 — 기한 2026-10-24 (보낼 때 37일 남음),,예시 데이터(시연용)
NTF-000055,TSK-000449,기한임박,SD13-1,2026-09-15,[기한임박] 재해발생의 방지 및 경감에 필요한 시설의 설치 — 기한 2026-10-12 (보낼 때 27일 남음),,예시 데이터(시연용)
NTF-000056,TSK-000450,기한임박,SD13-1,2026-09-11,[기한임박] 재해발생의 방지 및 경감에 필요한 시설의 설치 — 기한 2026-10-19 (보낼 때 38일 남음),,예시 데이터(시연용)
NTF-000057,TSK-000471,기한초과,SD13-1,2026-09-18,[기한초과] 재해발생의 방지 및 경감에 필요한 시설의 설치 — 기한 2026-09-16 (5일 경과),,예시 데이터(시연용)
NTF-000059,TSK-000473,기한임박,SD13-1,2026-09-02,[기한임박] 재해발생의 방지 및 경감에 필요한 시설의 설치 — 기한 2026-09-30 (보낼 때 28일 남음),,예시 데이터(시연용)
NTF-000060,TSK-000474,기한임박,SD13-1,2026-08-29,[기한임박] 재해발생의 방지 및 경감에 필요한 시설의 설치 — 기한 2026-10-07 (보낼 때 39일 남음),,예시 데이터(시연용)
NTF-000110,TSK-000798,기한초과,SD13-1,2026-08-02,[기한초과] 관계법령 안전점검계획·수행 — 기한 2026-07-27 (56일 경과),,예시 데이터(시연용)
NTF-000112,TSK-000805,기한임박,SD13-1,2026-09-17,[기한임박] 관계법령 안전점검계획·수행 — 기한 2026-10-28 (보낼 때 41일 남음),,예시 데이터(시연용)
NTF-000113,TSK-000825,기한초과,SD13-1,2026-08-10,[기한초과] 안전점검 — 기한 2026-08-05 (47일 경과),,예시 데이터(시연용)
NTF-000114,TSK-000832,기한임박,SD13-1,2026-09-11,[기한임박] 합동안전점검 — 기한 2026-09-23 (보낼 때 12일 남음),,예시 데이터(시연용)
NTF-000115,TSK-000833,기한임박,SD13-1,2026-09-07,[기한임박] 합동안전점검 — 기한 2026-09-30 (보낼 때 23일 남음),,예시 데이터(시연용)
NTF-000126,TSK-000935,기한임박,SD13-1,2026-09-05,[기한임박] 안전계획 수립·이행 — 기한 2026-09-24 (보낼 때 19일 남음),,예시 데이터(시연용)
NTF-000127,TSK-000936,기한임박,SD13-1,2026-09-01,[기한임박] 안전계획 수립·이행 — 기한 2026-10-01 (보낼 때 30일 남음),,예시 데이터(시연용)
NTF-000128,TSK-000937,기한임박,SD13-1,2026-08-28,[기한임박] 안전계획 수립·이행 — 기한 2026-10-08 (보낼 때 41일 남음),,예시 데이터(시연용)
NTF-000129,TSK-000944,기한초과,SD13-1,2026-07-03,[기한초과] 안전계획 수립·이행 — 기한 2026-06-28 (85일 경과),,예시 데이터(시연용)
NTF-000161,TSK-001166,기한임박,SD13-1,2026-09-13,[기한임박] 안전계획 수립·이행 — 기한 2026-09-30 (보낼 때 17일 남음),,예시 데이터(시연용)
NTF-000162,TSK-001167,기한임박,SD13-1,2026-09-09,[기한임박] 안전계획 수립·이행 — 기한 2026-10-07 (보낼 때 28일 남음),,예시 데이터(시연용)
NTF-000163,TSK-001168,기한임박,SD13-1,2026-09-05,[기한임박] 안전계획 수립·이행 — 기한 2026-10-14 (보낼 때 39일 남음),,예시 데이터(시연용)
NTF-000190,TSK-001476,기한임박,SD13-1,2026-08-20,[기한임박] 재해예방 업무처리절차 마련·이행 — 기한 2026-10-01 (보낼 때 42일 남음),,예시 데이터(시연용)
NTF-000197,TSK-001530,기한임박,SD13-1,2026-08-21,[기한임박] 도급·용역·위탁 기준·절차 마련 — 기한 2026-09-23 (보낼 때 33일 남음),,예시 데이터(시연용)
NTF-000198,TSK-001531,기한임박,SD13-1,2026-08-17,[기한임박] 도급·용역·위탁 기준·절차 마련 — 기한 2026-09-30 (보낼 때 44일 남음),,예시 데이터(시연용)
NTF-000201,TSK-001553,기한임박,SD13-1,2026-09-08,[기한임박] 개선·시정 — 기한 2026-09-30 (보낼 때 22일 남음),,예시 데이터(시연용)
NTF-000202,TSK-001554,기한임박,SD13-1,2026-09-04,[기한임박] 개선·시정 — 기한 2026-10-07 (보낼 때 33일 남음),,예시 데이터(시연용)
NTF-000203,TSK-001555,기한임박,SD13-1,2026-08-31,[기한임박] 개선·시정 — 기한 2026-10-14 (보낼 때 44일 남음),,예시 데이터(시연용)
NTF-000254,TSK-002098,기한초과,SD13-1,2026-08-17,[기한초과] 저수지·댐 안전관리 교육 이수 — 기한 2026-08-15 (37일 경과),,예시 데이터(시연용)
NTF-000256,TSK-002105,기한임박,SD13-1,2026-09-08,[기한임박] 교육·훈련 — 기한 2026-10-03 (보낼 때 25일 남음),,예시 데이터(시연용)
NTF-000257,TSK-002106,기한임박,SD13-1,2026-09-04,[기한임박] 교육·훈련 — 기한 2026-10-10 (보낼 때 36일 남음),,예시 데이터(시연용)
