order_id,received_at,issuer,law,content,due_date,dept_id,asset_id,done_at,result,evidence_file,issuer_kind,law_article,order_no,place,owner_staff_id,assigned_at,action_plan,started_at,done_note,done_by,reported_at,report_evidence,closed_at,closed_note,extended_due,extend_reason,related_incident_id,check_note,doc_nature,note
ORD-001,2026-04-23,고용노동부,산업안전보건법,안전난간 보수 명령,2026-05-23,D01,AR1967-0000142,,조치 중,,중앙행정기관,,,,SD01-1,2026-04-24,난간 보수 업체 선정 · 임시 출입통제,2026-04-28,,,,,,,,,INC-001,근거 조문 미기재 · 시설 번호와 내용 확인 필요 — 원 공문 대조 필요,서면 행정처분,옮겨 온 행 · 예시 자료(시연용)
ORD-002,2026-05-13,국토교통부,시설물의 안전 및 유지관리에 관한 특별법,정밀안전진단 실시 명령,2026-06-12,D02,AR1969-0000298,2026-06-22,조치 완료,,중앙행정기관,,,,SD02-1,2026-05-14,정밀안전진단 용역 발주,2026-05-20,정밀안전진단 완료 · 결과보고서 접수,SD02-1,2026-06-25,정밀안전진단_결과보고_공문.pdf,2026-07-10,발령기관 이행 확인 공문 접수,,,,근거 조문 미기재 — 원 공문 대조 필요,서면 행정처분,옮겨 온 행 · 예시 자료(시연용)
ORD-003,2026-06-02,경기도,화재의 예방 및 안전관리에 관한 법률,소방시설 정비 명령,2026-07-02,D03,AR1969-0000299,2026-07-12,조치 완료,,지방자치단체,,,,SD03-1,2026-06-03,소화설비 정비 업체 긴급 발주,2026-06-08,소화설비 정비 완료,SD03-1,2026-07-15,소방시설_정비결과_보고.pdf,,,,,,화재예방법 조치명령 발령권자는 소방관서장(제14조) — 발령기관과 근거 법이 맞지 않는 조합 — 원 공문 대조 필요,서면 행정처분,옮겨 온 행 · 예시 자료(시연용)
ORD-004,2026-06-22,소방서,산업안전보건법,방화문 보수 명령,2026-07-22,D04,AR1969-0000302,,조치 중,,지방자치단체,,,,SD04-1,2026-06-23,방화문 도어클로저 교체 견적,2026-06-30,,,,,,,,,,발령기관과 근거 법이 맞지 않는 조합 — 원 공문 대조 필요,서면 행정처분,옮겨 온 행 · 예시 자료(시연용)
ORD-005,2026-07-12,고용노동부,시설물의 안전 및 유지관리에 관한 특별법,안전난간 보수 명령,2026-08-11,D05,AR1970-0000535,2026-08-21,조치 완료,,중앙행정기관,,,,SD05-1,2026-07-13,안전난간 보수,2026-07-15,안전난간 보수 완료,SD05-1,2026-08-25,난간보수_결과보고.pdf,2026-09-05,발령기관 현장 확인,,,,발령기관과 근거 법이 맞지 않는 조합 — 원 공문 대조 필요,서면 행정처분,옮겨 온 행 · 예시 자료(시연용)
ORD-006,2026-08-01,국토교통부,화재의 예방 및 안전관리에 관한 법률,정밀안전진단 실시 명령,2026-08-31,D06,AR1970-0000539,2026-09-10,조치 완료,,중앙행정기관,,,,SD06-1,2026-08-03,정밀안전진단 용역 발주,2026-08-07,정밀안전진단 완료,SD06-1,,,,,,,,발령기관과 근거 법이 맞지 않는 조합 — 원 공문 대조 필요,서면 행정처분,옮겨 온 행 · 예시 자료(시연용)
ORD-007,2026-07-15,고용노동부(근로감독),산업안전보건법,슬러지 탈수기 회전부 방호덮개 설치 등 시정조치 명령,2026-08-14,D04,ST2005-0000048,2026-08-12,조치 완료,방호덮개_설치사진.pdf,중앙행정기관,산업안전보건법 제53조제1항,근로감독-2026-0715(가상),,SD04-1,2026-07-16,회전부 덮개 연동장치 설치 · 시정조치 명령 사항 게시(제53조제2항),2026-07-20,연동장치 2대 설치 · 명령 사항 게시,SD04-1,2026-08-13,시정조치_완료보고_공문.pdf,2026-08-28,근로감독관 현장 확인,,,INC-003,,서면 행정처분,예시 자료(시연용)
ORD-008,2026-09-08,고용노동부(근로감독),산업안전보건법,재활용 선별장 컨베이어 비상정지장치 설치 시정조치 명령,2026-09-25,D12,,,조치 중,,중앙행정기관,산업안전보건법 제53조제1항,근로감독-2026-0908(가상),재활용 선별장,SD12-1,2026-09-08,비상정지 스위치 4개소 설치 발주,2026-09-10,,,,,,,,,,,서면 행정처분,예시 자료(시연용)
ORD-009,2026-08-20,용인소방서,화재의 예방 및 안전관리에 관한 법률,화재안전조사 결과 피난통로 적치물 제거 · 유도등 보수 조치명령,2026-09-19,D09,AR2003-0006407,,조치 중,,지방자치단체,화재의 예방 및 안전관리에 관한 법률 제14조제1항,용인소방-2026-0820(가상),,SD09-1,2026-08-21,적치물 즉시 제거 · 유도등 12개 교체 발주,2026-08-25,,,,,,,2026-10-10,"유도등 부품 조달 지연 — 기간연장 신청·승인(같은 법 제45조, 가상)",INC-008,,서면 행정처분,예시 자료(시연용)
ORD-010,2026-06-10,용인서부소방서,소방시설 설치 및 관리에 관한 법률,자체점검 이행계획(스프링클러 헤드 교체) 미완료 — 이행 명령,2026-07-31,D09,AR2003-0009584,2026-07-28,조치 완료,스프링클러_교체_사진대지.pdf,지방자치단체,소방시설 설치 및 관리에 관한 법률 제23조제6항,서부소방-2026-0610(가상),,SD09-2,2026-06-11,스프링클러 헤드 36개 교체,2026-06-20,헤드 36개 교체 · 작동 시험,SD09-2,2026-07-30,이행계획_완료결과_보고서.pdf,2026-08-12,소방서 완료 확인,,,,,서면 행정처분,예시 자료(시연용)
ORD-011,2026-09-01,경기도,재난 및 안전관리 기본법,긴급안전점검 결과 터널 배수로 막힘·누수 보수 안전조치 명령,2026-10-15,D03,TU2009-0000144,,조치 중,,지방자치단체,재난 및 안전관리 기본법 제31조제1항,경기도-안전-2026-0901(가상),,SD03-1,2026-09-02,이행계획서 제출(제31조제2항) · 배수로 준설 · 누수 보수,2026-09-07,,,,,,,,,,,서면 행정처분,예시 자료(시연용)
ORD-012,2026-08-28,기후에너지환경부(한강유역환경청),수도법,정수시설 운영·관리 개선 명령(여과지 역세척 설비),2026-09-27,D04,WS2003-0000053,,조치 중,,중앙행정기관,수도법 제64조제4항,한강청-2026-0828(가상),,SD04-2,2026-08-28,역세척 펌프 교체 · 운영 매뉴얼 개정 (1개월 이내 이행 — 같은 조 제5항),2026-09-01,,,,,,,,,,,서면 행정처분,예시 자료(시연용)
ORD-013,2026-07-02,수지구청,실내공기질 관리법,국공립어린이집 실내공기질(이산화탄소) 유지기준 초과 — 환기설비 개선명령,2026-08-31,D07,,2026-09-04,조치 완료,실내공기질_재측정성적서.pdf,지방자치단체,실내공기질 관리법 제10조,수지구-환경-2026-0702(가상),수지구 소재 국공립어린이집(가상),SD07-1,2026-07-03,환기설비 용량 증설,2026-07-10,환기설비 2대 증설 · 재측정 기준 이내,SD07-1,2026-09-05,개선명령_이행보고.pdf,,,,,,,서면 행정처분,예시 자료(시연용)
ORD-014,2026-09-17,경기도,재난 및 안전관리 기본법,보도육교 계단 미끄럼방지 시설 보수 안전조치 명령,2026-10-15,D03,BR2006-0002077,,접수,,지방자치단체,재난 및 안전관리 기본법 제31조제1항,경기도-안전-2026-0917(가상),,,,,,,,,,,,,,INC-006,,서면 행정처분,예시 자료(시연용)
ORD-015,2026-05-20,고용노동부(근로감독),산업안전보건법,밀폐공간 작업 전 산소·유해가스 측정기 비치 시정조치 명령,2026-06-19,D04,ST2010-0000022,2026-06-15,조치 완료,가스측정기_구입·비치대장.pdf,중앙행정기관,산업안전보건법 제53조제1항,근로감독-2026-0520(가상),,SD04-2,2026-05-21,복합가스 측정기 6대 구입 · 측정 기록 양식 도입,2026-05-25,측정기 6대 비치 · 작업 전 측정 기록 시작,SD04-2,2026-06-17,시정조치_완료보고.pdf,2026-07-01,근로감독관 서면 확인,,,,,서면 행정처분,예시 자료(시연용)
ORD-016,2026-09-18,용인소방서,화재의 예방 및 안전관리에 관한 법률,화재안전조사 결과 방화셔터 작동 불량 개수 명령,2026-10-18,D09,AR2005-0002918,,접수,,지방자치단체,화재의 예방 및 안전관리에 관한 법률 제14조제1항,용인소방-2026-0918(가상),,SD09-2,2026-09-19,,,,,,,,,,,,,서면 행정처분,예시 자료(시연용)
ORD-017,2026-07-20,고용노동부(근로감독),산업안전보건법,예초기 날 보호덮개 미부착 — 해당 기계 사용중지 및 개선 명령,2026-08-19,D06,,,조치 중,,중앙행정기관,산업안전보건법 제53조제1항,근로감독-2026-0720(가상),공원 예초 작업장,SD06-1,2026-07-21,보호덮개 부착 · 미부착 예초기 사용 금지,2026-07-25,,,,,,,,,INC-007,,서면 행정처분,예시 자료(시연용)
ORD-018,2026-08-27,고용노동부(경기지청),산업안전보건법,여름철 폭염 대비 옥외작업 휴식시간 부여 권고(자율점검 안내문),,D06,,,참고,,중앙행정기관,,경기지청-2026-0827(가상),관내 도시공원·녹지,,,,,,,,,,,,,,,지도·권고·조언,예시 데이터(시연용)
ORD-019,2026-09-08,경기도,재난 및 안전관리 기본법,추석 연휴 대비 다중이용시설 안전관리 강화 협조 요청,,D09,,,참고,,지방자치단체,,경기도-2026-0908(가상),시청사·공공건축물,,,,,,,,,,,,,,,지도·권고·조언,예시 데이터(시연용)
