drill_id,target_key,target_name,target_kind,asset_class,legal_scope,dept_id,year,half,drill_type,method,planned_at,place,scenario,target_minutes,prep_coop,prep_items,prep_budget,prep_memo,carry_over,r_cmd_main,r_cmd_sub,r_evac_main,r_evac_sub,r_resp_main,r_resp_sub,r_aid_main,r_aid_sub,r_eval_main,r_eval_sub,status,done_at,actual_minutes,participants,absent,photos,good_points,shortfalls,improvements,substitute,substitute_basis,ceo_checked,ceo_checked_at,ceo_check_mode,note
DRL-0001,LRT-EVERLINE,용인경전철(에버라인),공중교통수단,,법정 대상,D16,2025,하반기,화재,실행기반,2025-11-12 14:00,기흥역 승강장·전동차,전동차 객실 화재 → 승객 대피·역사 밖 유도,10,완료,완료,완료,소방서·경찰서 협조 공문 · 방송 원고 · 집결지 표지 · 구급함,,SD10-1,SD10-2,SD10-2,SD02-2,SD13-1,SD13-2,SD11-1,SD11-2,SM02-2,SM02-3,평가 완료,2025-11-12,12,46,4,,운영사·소방서 합동으로 현장감 있게 진행,목표 대피시간 2분 초과 · 안내방송 음량 작음,승강장 안내방송 음량 개선 · 대피유도 인원 2명 추가,Y,철도안전법 제7조 비상대응계획(철도안전관리체계),Y,2025-11-20,보고받음,예시 자료
DRL-0002,LRT-EVERLINE,용인경전철(에버라인),공중교통수단,,법정 대상,D16,2026,상반기,지진,실행기반,2026-05-20 10:00,시청·용인대역 구간 본선·역사,"규모 5.5 지진, 전동차 본선 정차 → 선로 보행 대피",20,완료,완료,완료,소방서·경찰서 협조 공문 · 방송 원고 · 집결지 표지 · 구급함,승강장 안내방송 음량 개선 · 대피유도 인원 2명 추가,SD10-1,SD10-2,SD10-2,SD02-2,SD13-1,SD13-2,SD11-1,SD11-2,SM02-2,SM02-3,평가 완료,2026-05-20,19,52,3,,선로 보행 대피 동선 숙지 양호,고령 승객 대피 지원 인력 부족,구호지원팀 인원 보강 · 휠체어 이송 장비 비치,Y,철도안전법 제7조 비상대응계획(철도안전관리체계),N,,,예시 자료
DRL-0003,LRT-EVERLINE,용인경전철(에버라인),공중교통수단,,법정 대상,D16,2026,하반기,화재,실행기반,2026-11-18 14:00,전대·에버랜드역,역사 매표소 화재 → 승객 대피,10,미완료,미완료,미완료,,구호지원팀 인원 보강 · 휠체어 이송 장비 비치,SD10-1,SD10-2,SD10-2,SD02-2,SD13-1,,SD11-1,,SM02-2,SM02-3,계획,,,,,,,,,Y,철도안전법 제7조 비상대응계획(철도안전관리체계),N,,,예시 자료
DRL-0004,TU2013-0000001,본선터널(기흥~상갈),제1종시설물,1종,법정 대상,D03,2026,상반기,화재,도상+실제,2026-04-15 15:00,본선터널(기흥~상갈) 비상대피로,터널 내 전동차 화재 → 비상대피로로 승객 유도,15,완료,완료,완료,소방서·경찰서 협조 공문 · 방송 원고 · 집결지 표지 · 구급함,,SD03-1,SD03-2,SD03-2,SD02-2,SD13-1,SD13-2,SD11-1,SD11-2,SM02-2,SM02-3,평가 완료,2026-04-15,17,28,2,,비상대피로 개방 신속,비상조명 일부 소등 · 터널 내 무선 교신 끊김,비상조명 점검 주기 단축 · 무선 중계기 보강,,,,,,예시 자료
DRL-0005,TU1994-0000016,마성터널(인천0),제1종시설물,1종,법정 대상(공중이용시설 확인 필요),D03,2026,상반기,화재,실행기반,2026-06-11 10:00,마성터널(인천0) 피난연결통로,터널 내 차량 화재 → 운전자 피난연결통로 대피,8,완료,완료,완료,소방서·경찰서 협조 공문 · 방송 원고 · 집결지 표지 · 구급함,,SD03-1,SD03-2,SD03-2,SD02-2,SD13-1,SD13-2,SD11-1,SD11-2,SM02-2,SM02-3,평가 완료,2026-06-11,7,24,1,,소방서·경찰서 교통통제 협업 우수,피난연결통로 안내 표지 식별 어려움,유도 표지 조도 개선,,,,,,예시 자료
DRL-0006,TU1994-0000016,마성터널(인천0),제1종시설물,1종,법정 대상(공중이용시설 확인 필요),D03,2026,하반기,화재,실행기반,2026-10-22 10:00,마성터널(강릉0),다중 추돌 후 차량 화재,8,완료,미완료,완료,소방서·경찰서 협조 공문 · 방송 원고 · 집결지 표지 · 구급함,유도 표지 조도 개선,SD03-1,SD03-2,SD03-2,SD02-2,SD13-1,SD13-2,SD11-1,SD11-2,SM02-2,SM02-3,준비,,,,,,,,,,,,,,예시 자료
DRL-0007,TU2006-0000031,법화터널,제1종시설물,1종,법정 대상(공중이용시설 확인 필요),D03,2025,하반기,화재,토론기반,2025-12-03 14:00,도로과 회의실(도상),터널 입구부 탱크로리 화재,10,완료,완료,완료,소방서·경찰서 협조 공문 · 방송 원고 · 집결지 표지 · 구급함,,SD03-1,SD03-2,SD03-2,SD02-2,SD13-1,SD13-2,SD11-1,SD11-2,SM02-2,SM02-3,평가 완료,2025-12-03,,12,0,,관계기관 연락 체계 점검,실제 대피 동선 미확인(도상만 실시),다음 훈련은 실행기반으로,,,,,,예시 자료
DRL-0008,WS2003-0000053,용인시 지방상수도,제1종시설물,1종,법정 대상,D04,2026,상반기,위험물 누출,실행기반,2026-04-28 10:00,용인시 지방상수도 약품동,염소 저장실 누출 → 직원·견학자 대피,6,완료,완료,완료,소방서·경찰서 협조 공문 · 방송 원고 · 집결지 표지 · 구급함,,SD04-1,SD04-2,SD04-2,SD02-2,SD13-1,SD13-2,SD11-1,SD11-2,SM02-2,SM02-3,평가 완료,2026-04-28,6,31,0,,누출 감지기 연동 경보 정상,방독면 착용 숙련도 편차,분기 1회 보호구 착용 교육,,,,,,예시 자료
DRL-0009,WS2003-0000053,용인시 지방상수도,제1종시설물,1종,법정 대상,D04,2026,하반기,지진,토론기반,2026-12-09 14:00,상수도사업소 회의실,지진으로 정수지 균열 · 단수 대응,10,미완료,미완료,미완료,,분기 1회 보호구 착용 교육,SD04-1,SD04-2,SD04-2,SD02-2,SD13-1,,SD11-1,,SM02-2,SM02-3,계획,,,,,,,,,,,,,,예시 자료
DRL-0010,DA2008-0000007,기흥저수지,제1종시설물,1종,법정 대상(공중이용시설 확인 필요),D13,2026,상반기,침수,도상+실제,2026-06-24 14:00,기흥저수지 제방·하류 산책로,"집중호우 → 제방 월류 우려, 하류 산책로 이용자 대피",20,완료,완료,완료,소방서·경찰서 협조 공문 · 방송 원고 · 집결지 표지 · 구급함,,SD13-1,SD13-2,SD13-2,SD02-2,SD13-1,SD13-2,SD11-1,SD11-2,SM02-2,SM02-3,평가 완료,2026-06-24,25,18,5,,주민 문자 발송 신속,산책로 이용자 대피 안내 방송 미도달 구간,하류 구간 방송 스피커 증설,,,,,,예시 자료
DRL-0011,AR2018-0000223,용인미르스타디움,제1종시설물,1종,법정 대상(공중이용시설 확인 필요),D09,2026,상반기,지진,실행기반,2026-05-09 11:00,용인미르스타디움 관람석,경기 중 지진 → 관람객 운동장·외부 대피,12,완료,완료,완료,소방서·경찰서 협조 공문 · 방송 원고 · 집결지 표지 · 구급함,,SD09-1,SD09-2,SD09-2,SD02-2,SD13-1,SD13-2,SD11-1,SD11-2,SM02-2,SM02-3,평가 완료,2026-05-09,11,140,10,,관람석 구역별 대피 유도 원활,동측 출입구 병목,동측 출입구 개방 폭 확대 · 유도요원 추가 배치,,,,,,예시 자료
DRL-0012,AR2018-0000223,용인미르스타디움,제1종시설물,1종,법정 대상(공중이용시설 확인 필요),D09,2026,하반기,화재,실행기반,2026-10-14 15:00,용인미르스타디움 매점 구역,매점 주방 화재 → 관람석 대피,12,미완료,미완료,미완료,,동측 출입구 개방 폭 확대 · 유도요원 추가 배치,SD09-1,SD09-2,SD09-2,SD02-2,SD13-1,SD13-2,SD11-1,SD11-2,SM02-2,SM02-3,계획,,,,,,,,,,,,,,예시 자료
DRL-0013,UR2009-0000011,죽전지하차도,제1종시설물,1종,법정 대상(공중이용시설 확인 필요),D03,2026,상반기,침수,도상+실제,2026-06-17 21:00,죽전지하차도,시간당 80mm 호우 → 진입 차단·고립 차량 운전자 대피,10,완료,완료,완료,소방서·경찰서 협조 공문 · 방송 원고 · 집결지 표지 · 구급함,,SD03-1,SD03-2,SD03-2,SD02-2,SD13-1,SD13-2,SD11-1,SD11-2,SM02-2,SM02-3,평가 완료,2026-06-17,13,16,2,,진입 차단기 원격 작동 확인,야간 차단 인력 도착 지연,야간 대기 인력 지정,,,,,,예시 자료
DRL-0014,AR2012-0000800,기흥역사,2종시설물,2종,자체 확대,D09,2026,상반기,화재,실행기반,2026-03-26 10:30,기흥역사 대합실,대합실 상가 화재 → 승객 대피,8,완료,완료,완료,소방서·경찰서 협조 공문 · 방송 원고 · 집결지 표지 · 구급함,,SD09-1,SD09-2,SD09-2,SD02-2,SD13-1,SD13-2,SD11-1,SD11-2,SM02-2,SM02-3,평가 완료,2026-03-26,9,38,2,,운영사 안내방송 신속,비상구 앞 적치물,비상구 적치물 상시 점검,,,,,,예시 자료
DRL-0015,AR2005-0002918,용인시문화복지행정타운본청사,2종시설물,2종,자체 확대,D09,2026,상반기,화재,실행기반,2026-04-09 14:00,용인시청 본청사,지하 주차장 차량 화재 → 청사 전 층 대피,15,완료,완료,완료,소방서·경찰서 협조 공문 · 방송 원고 · 집결지 표지 · 구급함,,SD09-1,SD09-2,SD09-2,SD02-2,SD13-1,SD13-2,SD11-1,SD11-2,SM02-2,SM02-3,평가 완료,2026-04-09,14,820,60,,층별 대피 유도 원활,민원인 대피 안내 부족,민원실 안내 요원 지정,,,,,,예시 자료
