budget_id,fiscal_year,dept_id,target_code,budget_kind,budget_item,budget_use,use_basis,planned_amount,executed_amount,risk_item_id,duty_key,updated_at,note,area
BUD-0101,2026,D01,,인력,안전·보건 인력비,가,시행령 제4조제4호가목,420000000,302400000,,,2026-09-24,예시 자료(시연용) · 안전·보건 전담 인력 인건비,I
BUD-0102,2026,D01,,시설,시설·장비 구입비,가,시행령 제4조제4호가목,80000000,50400000,,,2026-09-24,예시 자료(시연용) · 측정 장비·보호구 공통 구매,I
BUD-0103,2026,D01,,교육,교육·훈련비,밖,시행령 제4조제4호,60000000,32400000,,,2026-09-24,예시 자료(시연용) · 관리감독자·근로자 정기교육,I
BUD-0104,2026,D01,,기타,운영비,밖,시행령 제4조제4호,30000000,13500000,,,2026-09-24,예시 자료(시연용) · 안전보건관리체계 운영,I
BUD-0105,2026,D02,,인력,안전·보건 인력비,가,시행령 제4조제4호가목,210000000,75600000,,,2026-09-24,예시 자료(시연용) · 안전관리자 인건비,I
BUD-0106,2026,D02,,교육,교육·훈련비,밖,시행령 제4조제4호,20000000,14600000,,,2026-09-24,예시 자료(시연용) · 안전관리 실무 교육,I
BUD-0107,2026,D03,,시설,시설·장비 구입비,가,시행령 제4조제4호가목,90000000,57600000,,,2026-09-24,예시 자료(시연용) · 도로 보수 작업 보호구·신호 장비,I
BUD-0108,2026,D03,,교육,교육·훈련비,밖,시행령 제4조제4호,12000000,6600000,,,2026-09-24,예시 자료(시연용) · 현장 작업자 특별교육,I
BUD-0109,2026,D04,,시설,시설·장비 구입비,가,시행령 제4조제4호가목,140000000,64400000,,,2026-09-24,예시 자료(시연용) · 정수장 가스 누출 감지·송기 장비,I
BUD-0110,2026,D04,,교육,교육·훈련비,밖,시행령 제4조제4호,15000000,5600000,,,2026-09-24,예시 자료(시연용) · 밀폐공간 작업 교육,I
BUD-0111,2026,D05,,시설,시설·장비 구입비,가,시행령 제4조제4호가목,110000000,81400000,,,2026-09-24,예시 자료(시연용) · 하수처리장 방호 설비·보호구,I
BUD-0112,2026,D05,,교육,교육·훈련비,밖,시행령 제4조제4호,12000000,7800000,,,2026-09-24,예시 자료(시연용) · 밀폐공간 작업 교육,I
BUD-0113,2026,D06,,시설,시설·장비 구입비,가,시행령 제4조제4호가목,60000000,33600000,,,2026-09-24,예시 자료(시연용) · 예초·전지 작업 보호구,I
BUD-0114,2026,D06,,교육,교육·훈련비,밖,시행령 제4조제4호,8000000,3800000,,,2026-09-24,예시 자료(시연용) · 기간제 근로자 채용 시 교육,I
BUD-0115,2026,D07,,시설,시설·장비 구입비,가,시행령 제4조제4호가목,20000000,7600000,,,2026-09-24,예시 자료(시연용) · 조리실 보호구,I
BUD-0116,2026,D08,,시설,시설·장비 구입비,가,시행령 제4조제4호가목,30000000,22500000,,,2026-09-24,예시 자료(시연용) · 체육시설 관리 작업 보호구,I
BUD-0117,2026,D09,,시설,시설·장비 구입비,가,시행령 제4조제4호가목,40000000,26400000,,,2026-09-24,예시 자료(시연용) · 청사 시설 관리 작업 장비,I
BUD-0118,2026,D10,,시설,시설·장비 구입비,가,시행령 제4조제4호가목,50000000,28500000,,,2026-09-24,예시 자료(시연용) · 주차장 관리 작업 보호구,I
BUD-0119,2026,D11,,시설,시설·장비 구입비,가,시행령 제4조제4호가목,35000000,16800000,,,2026-09-24,예시 자료(시연용) · 감염 보호구,I
BUD-0120,2026,D12,,시설,시설·장비 구입비,가,시행령 제4조제4호가목,120000000,46800000,,,2026-09-24,예시 자료(시연용) · 재활용 선별장 방호 설비,I
BUD-0121,2026,D12,,교육,교육·훈련비,밖,시행령 제4조제4호,10000000,7600000,,,2026-09-24,예시 자료(시연용) · 선별장 작업자 교육,I
BUD-0122,2026,D13,,시설,시설·장비 구입비,가,시행령 제4조제4호가목,45000000,30100000,,,2026-09-24,예시 자료(시연용) · 재난 현장 대응 보호 장비,I
BUD-0123,2026,D14,,시설,시설·장비 구입비,가,시행령 제4조제4호가목,30000000,17400000,,,2026-09-24,예시 자료(시연용) · 농기계 안전 장치,I
BUD-0124,2026,D03,,인력,안전관리 인력비,가,시행령 제10조제2호가목,320000000,156800000,,,2026-09-24,예시 자료(시연용) · 교량·터널 시설물 관리 인력,F
BUD-0125,2026,D03,,점검,안전점검비,가,시행령 제10조제2호가목,950000000,380000000,,,2026-09-24,예시 자료(시연용) · 교량·터널 정기·정밀안전점검,F
BUD-0126,2026,D03,,시설,보수·보강비,나,시행령 제10조제2호나목,4800000000,3696000000,,,2026-09-24,"예시 자료(시연용) · 교량 받침·신축이음, 터널 조명 보수",F
BUD-0127,2026,D03,,기타,안전조치비,다,시행령 제10조제2호다목,240000000,163200000,,,2026-09-24,예시 자료(시연용) · 긴급안전조치·위험표지,F
BUD-0128,2026,D03,,교육,교육·훈련비,밖,시행령 제10조제2호,30000000,17700000,,,2026-09-24,예시 자료(시연용) · 시설물 관리자 교육,F
BUD-0129,2026,D04,,점검,안전점검비,가,시행령 제10조제2호가목,280000000,140000000,,,2026-09-24,예시 자료(시연용) · 정수장·배수지 안전점검,F
BUD-0130,2026,D04,,시설,보수·보강비,나,시행령 제10조제2호나목,2200000000,902000000,,,2026-09-24,예시 자료(시연용) · 노후 상수관로·가압장 보수,F
BUD-0131,2026,D04,,기타,안전조치비,다,시행령 제10조제2호다목,80000000,62400000,,,2026-09-24,예시 자료(시연용) · 누수·단수 긴급조치,F
BUD-0132,2026,D05,,점검,안전점검비,가,시행령 제10조제2호가목,210000000,144900000,,,2026-09-24,예시 자료(시연용) · 하수처리시설 안전점검,F
BUD-0133,2026,D05,,시설,보수·보강비,나,시행령 제10조제2호나목,1600000000,960000000,,,2026-09-24,예시 자료(시연용) · 침수취약지역 우수관로 정비,F
BUD-0134,2026,D06,,점검,안전점검비,가,시행령 제10조제2호가목,110000000,56100000,,,2026-09-24,예시 자료(시연용) · 공원 시설물·어린이놀이시설 점검,F
BUD-0135,2026,D06,,시설,보수·보강비,나,시행령 제10조제2호나목,650000000,273000000,,,2026-09-24,예시 자료(시연용) · 공원 시설 개선,F
BUD-0136,2026,D07,,점검,안전점검비,가,시행령 제10조제2호가목,30000000,23700000,,,2026-09-24,예시 자료(시연용) · 국공립어린이집 시설 점검,F
BUD-0137,2026,D07,,시설,보수·보강비,나,시행령 제10조제2호나목,180000000,126000000,,,2026-09-24,예시 자료(시연용) · 어린이집 시설 보수,F
BUD-0138,2026,D08,,점검,안전점검비,가,시행령 제10조제2호가목,90000000,54900000,,,2026-09-24,예시 자료(시연용) · 체육시설 안전점검,F
BUD-0139,2026,D08,,시설,보수·보강비,나,시행령 제10조제2호나목,520000000,270400000,,,2026-09-24,예시 자료(시연용) · 실내수영장 기계실 개보수,F
BUD-0140,2026,D09,,점검,안전점검비,가,시행령 제10조제2호가목,130000000,55900000,,,2026-09-24,예시 자료(시연용) · 공공건축물 정기안전점검,F
BUD-0141,2026,D09,,시설,보수·보강비,나,시행령 제10조제2호나목,1200000000,960000000,,,2026-09-24,예시 자료(시연용) · 청사 방수·외벽 보수,F
BUD-0142,2026,D09,,기타,안전조치비,다,시행령 제10조제2호다목,60000000,42600000,,,2026-09-24,예시 자료(시연용) · 소방·전기설비 긴급 개선,F
BUD-0143,2026,D16,,인력,안전관리 인력비,가,시행령 제10조제2호가목,1150000000,713000000,,,2026-09-24,예시 자료(시연용) · 경전철 역사 안전요원·관제 인력,F
BUD-0144,2026,D10,,점검,안전점검비,가,시행령 제10조제2호가목,420000000,222600000,,,2026-09-24,"예시 자료(시연용) · 경전철 시설·차량 점검, 기계식주차장 검사",F
BUD-0145,2026,D16,,시설,보수·보강비,나,시행령 제10조제2호나목,1800000000,792000000,,,2026-09-24,예시 자료(시연용) · 역사 승강설비·궤도 보수,F
BUD-0146,2026,D16,,기타,안전조치비,다,시행령 제10조제2호다목,310000000,108500000,,,2026-09-24,예시 자료(시연용) · 승강장 안전설비,F
BUD-0147,2026,D16,,교육,교육·훈련비,밖,시행령 제10조제2호,50000000,36000000,,,2026-09-24,예시 자료(시연용) · 비상대응 훈련,F
BUD-0148,2026,D13,,기타,안전조치비,다,시행령 제10조제2호다목,480000000,302400000,,,2026-09-24,예시 자료(시연용) · 긴급안전조치 예비,F
BUD-0149,2026,D13,,교육,교육·훈련비,밖,시행령 제10조제2호,90000000,48600000,,,2026-09-24,예시 자료(시연용) · 재난 대응 훈련,F
BUD-0150,2026,D04,,인력,안전·보건 인력비,가,시행령 제8조제2호가목,180000000,81000000,,,2026-09-24,예시 자료(시연용) · 수질 관리 인력,M
BUD-0151,2026,D04,,시설,시설·장비 확보·유지비,가,시행령 제8조제2호가목,550000000,198000000,,,2026-09-24,예시 자료(시연용) · 수질 자동측정기·정수 약품 설비,M
BUD-0152,2026,D04,,점검,안전점검비,나,시행령 제8조제2호나목,120000000,87600000,,,2026-09-24,예시 자료(시연용) · 수질검사,M
BUD-0153,2026,D04,,시설,긴급조치·보수비,나,시행령 제8조제2호나목,140000000,89600000,,,2026-09-24,예시 자료(시연용) · 수질 이상 시 긴급 대응,M
BUD-0154,2026,D04,,교육,의무교육비,다,시행령 제8조제2호다목,15000000,8300000,,,2026-09-24,예시 자료(시연용) · 수도시설 관리자 교육,M
BUD-0155,2026,D07,,점검,안전점검비,나,시행령 제8조제2호나목,25000000,11500000,,,2026-09-24,예시 자료(시연용) · 급식 식자재 안전 검사,M
BUD-0071,2026,D03,,개선,유해·위험요인 개선비,나,시행령 제4조제4호나목,48000000,41000000,RSK-004-1,,2026-09-01,예시 자료(시연용) · 도로 보수 현장 신호수·차선 통제 장비,I
BUD-0072,2026,D04,,개선,유해·위험요인 개선비,나,시행령 제4조제4호나목,62000000,58500000,RSK-001-1,,2026-09-01,예시 자료(시연용) · 정수장 염소 누출 감지기 교체,I
BUD-0073,2026,D04,,개선,유해·위험요인 개선비,나,시행령 제4조제4호나목,35000000,12000000,RSK-002-1,,2026-09-01,예시 자료(시연용) · 배수지 밀폐공간 산소농도 측정기·환기설비,I
BUD-0074,2026,D05,,개선,유해·위험요인 개선비,나,시행령 제4조제4호나목,54000000,9800000,RSK-003-1,,2026-09-01,예시 자료(시연용) · 침전지 안전난간·개구부 덮개 설치,I
BUD-0075,2026,D05,,개선,유해·위험요인 개선비,나,시행령 제4조제4호나목,27000000,26100000,RSK-009-1,,2026-09-01,예시 자료(시연용) · 하수관로 준설 가스 측정기·송기마스크,I
BUD-0076,2026,D13,,개선,유해·위험요인 개선비,나,시행령 제4조제4호나목,18000000,7200000,RSK-008-1,,2026-09-01,예시 자료(시연용) · 재난 현장 통제선·구조물 안전 확인 장비,I
BUD-0077,2026,D01,,기타,기타,밖,,15000000,4200000,,,2026-09-01,예시 자료(시연용) · 안전보건 홍보물 · 가·나목 밖 — 용도 확인 필요,I
