rec_id,dept_id,year,step,section,parent_id,ord,locked,deleted,status,data,files,updated_at,updated_by
USC-S0001,D03,2026,goal,main,,1,,,이행완료,"{""date"": ""2026-01-15"", ""note"": """"}","[{""name"": ""용인특례시 안전보건 경영방침.pdf"", ""url"": """", ""at"": ""2026-01-01T00:00:00""}]",2026-09-24,
USC-S0002,D03,2026,org,main,,2,,,이행완료,"{""date"": ""2026-01-02"", ""content"": ""중대재해예방과 안전·보건 전담조직 지정(조직도·인력현황)"", ""note"": """"}","[{""name"": ""용인특례시 안전보건 전담조직도.pdf"", ""url"": """", ""at"": ""2026-01-01T00:00:00""}, {""name"": ""안전보건 전담조직 인력현황표.xlsx"", ""url"": """", ""at"": ""2026-01-01T00:00:00""}]",2026-09-24,
USC-S0003,D03,2026,staff,main,,3,,,이행완료,"{""rank"": ""안전보건관리책임자"", ""trust"": """", ""date"": ""2026-01-02"", ""name"": ""한서연 과장"", ""org"": ""중대재해예방과"", ""note"": """"}","[{""name"": ""안전보건관리책임자 지정 공문.pdf"", ""url"": """", ""at"": ""2026-01-01T00:00:00""}]",2026-09-24,
USC-S0004,D03,2026,staff,main,,4,,,이행완료,"{""rank"": ""안전보건총괄책임자"", ""trust"": """", ""date"": ""2026-01-02"", ""name"": ""오지훈 과장"", ""org"": ""안전총괄과"", ""note"": """"}","[{""name"": ""안전보건총괄책임자 지정 공문.pdf"", ""url"": """", ""at"": ""2026-01-01T00:00:00""}]",2026-09-24,
USC-S0005,D03,2026,staff,main,,5,,,이행완료,"{""rank"": ""안전관리자"", ""trust"": ""Y"", ""date"": ""2026-02-01"", ""name"": ""최은정 주무관"", ""org"": ""안전총괄과"", ""note"": ""안전관리전문기관 위탁""}","[{""name"": ""안전관리 위탁계약서.pdf"", ""url"": """", ""at"": ""2026-01-01T00:00:00""}]",2026-09-24,
USC-S0006,D03,2026,staff,main,,6,,,보완필요,"{""rank"": ""보건관리자"", ""trust"": ""Y"", ""date"": ""2026-02-01"", ""name"": ""강민준 주무관"", ""org"": ""보건소"", ""note"": ""보건관리전문기관 위탁""}",[],2026-09-24,
USC-S0007,D03,2026,staff,main,,7,Y,,보완필요,"{""rank"": ""관리감독자"", ""trust"": """", ""date"": ""2026-01-02"", ""name"": ""정민준 주무관"", ""org"": ""도로과(교량·터널)"", ""note"": """"}",[],2026-09-24,
USC-D03-2026-risk-hdr,D03,2026,risk,hdr,,8,,,-,"{""date"": ""2026-03-10"", ""kind"": ""정기평가""}",[],2026-09-24,
USC-S0009,D03,2026,risk,main,,9,,,이행완료,"{""gbn"": ""위험성평가 교육"", ""fixed"": ""Y"", ""date"": ""2026-03-03"", ""content"": ""관리감독자·근로자 위험성평가 사전교육"", ""note"": """"}","[{""name"": ""위험성평가 교육 결과서.pdf"", ""url"": """", ""at"": ""2026-01-01T00:00:00""}]",2026-09-24,
USC-S0010,D03,2026,risk,main,,10,,,이행완료,"{""gbn"": ""위험성평가 이행결과"", ""fixed"": ""Y"", ""date"": ""2026-03-10"", ""content"": ""도로·교량 유지보수 작업 정기 위험성평가"", ""note"": """"}","[{""name"": ""정기 위험성평가 결과보고서.pdf"", ""url"": """", ""at"": ""2026-01-01T00:00:00""}]",2026-09-24,
USC-D03-2026-budget-2,D03,2026,budget,main,,11,,,이행완료,"{""item"": ""시설·장비 구입비"", ""plan"": ""90000"", ""date"": ""2026-08-31"", ""content"": ""도로 보수 작업 보호구·신호 장비"", ""exec"": ""57600"", ""note"": """"}","[{""name"": ""시설·장비 구입비 집행 내역.pdf"", ""url"": """", ""at"": ""2026-01-01T00:00:00""}]",2026-09-24,
USC-D03-2026-budget-3,D03,2026,budget,main,,12,,,이행완료,"{""item"": ""유해·위험요인 개선비"", ""plan"": ""48000"", ""date"": ""2026-08-31"", ""content"": ""도로 보수 현장 신호수·차선 통제 장비"", ""exec"": ""41000"", ""note"": """"}","[{""name"": ""유해·위험요인 개선비 집행 내역.pdf"", ""url"": """", ""at"": ""2026-01-01T00:00:00""}]",2026-09-24,
USC-D03-2026-budget-4,D03,2026,budget,main,,13,,,이행완료,"{""item"": ""교육·훈련비"", ""plan"": ""12000"", ""date"": ""2026-08-31"", ""content"": ""현장 작업자 특별교육"", ""exec"": ""6600"", ""note"": """"}","[{""name"": ""교육·훈련비 집행 내역.pdf"", ""url"": """", ""at"": ""2026-01-01T00:00:00""}]",2026-09-24,
USC-S0014,D03,2026,work,main,,14,,,이행완료,"{""rel"": ""안전보건관리책임자"", ""trust"": """", ""date"": ""2026-06-30"", ""name"": ""한서연 과장"", ""org"": ""중대재해예방과"", ""note"": """"}","[{""name"": ""상반기 업무수행 평가표(안전보건관리책임자).pdf"", ""url"": """", ""at"": ""2026-01-01T00:00:00""}]",2026-09-24,
USC-S0015,D03,2026,work,main,,15,,,이행완료,"{""rel"": ""안전관리자"", ""trust"": ""Y"", ""date"": ""2026-06-30"", ""name"": ""최은정 주무관"", ""org"": ""안전총괄과"", ""note"": """"}","[{""name"": ""상반기 업무수행 평가표(안전관리자).pdf"", ""url"": """", ""at"": ""2026-01-01T00:00:00""}]",2026-09-24,
USC-S0016,D03,2026,work,main,,16,Y,,이행완료,"{""rel"": ""관리감독자"", ""trust"": """", ""date"": ""2026-06-30"", ""name"": ""정민준 주무관"", ""org"": ""도로과(교량·터널)"", ""note"": """"}","[{""name"": ""상반기 업무수행 평가표(관리감독자).pdf"", ""url"": """", ""at"": ""2026-01-01T00:00:00""}]",2026-09-24,
USC-S0017,D03,2026,work,main,,17,Y,,보완필요,"{""rel"": ""관리감독자"", ""trust"": """", ""date"": ""2026-06-30"", ""name"": ""강준호 주무관"", ""org"": ""도로과(교량·터널)"", ""note"": """"}",[],2026-09-24,
USC-D03-2026-opinion-hdr,D03,2026,opinion,hdr,,18,,,-,"{""date"": ""2026-03-25""}",[],2026-09-24,
USC-S0019,D03,2026,opinion,a,,19,,,이행완료,"{""gbn"": ""산업안전보건위원회 운영"", ""date"": ""2026-03-25"", ""content"": ""1분기 산업안전보건위원회 정기회의"", ""note"": """"}","[{""name"": ""1분기 산업안전보건위원회 회의록.pdf"", ""url"": """", ""at"": ""2026-01-01T00:00:00""}]",2026-09-24,
USC-S0020,D03,2026,opinion,a,,20,,,이행완료,"{""gbn"": ""산업안전보건위원회 운영"", ""date"": ""2026-06-24"", ""content"": ""2분기 산업안전보건위원회 정기회의"", ""note"": """"}","[{""name"": ""2분기 산업안전보건위원회 회의록.pdf"", ""url"": """", ""at"": ""2026-01-01T00:00:00""}]",2026-09-24,
USC-S0021,D03,2026,opinion,b,,21,,,이행완료,"{""gbn"": ""기타 종사자 의견 청취(익명 신고함)"", ""date"": ""2026-07-26"", ""content"": ""야간 작업 조도 부족 → 이동식 조명 지급"", ""note"": """"}","[{""name"": ""개선조치 결과서.pdf"", ""url"": """", ""at"": ""2026-01-01T00:00:00""}]",2026-09-24,
USC-S0022,D03,2026,opinion,b,,22,,,보완필요,"{""gbn"": ""기타 종사자 의견 청취(현장 건의)"", ""date"": """", ""content"": ""터널 점검 통로 조명이 꺼져 있는 구간이 있음"", ""note"": """"}",[],2026-09-24,
USC-S0023,D03,2026,emergency,main,,23,,,이행완료,"{""rank"": ""안전보건관리책임자"", ""date"": ""2026-02-20"", ""content"": ""비상조치계획 수립(재해발생 시나리오·구성원별 역할·비상연락망)"", ""note"": """"}","[{""name"": ""비상조치계획서.pdf"", ""url"": """", ""at"": ""2026-01-01T00:00:00""}]",2026-09-24,
USC-S0024,D03,2026,emergency,main,,24,,,이행완료,"{""rank"": ""비상조치훈련 실시"", ""date"": ""2026-04-15"", ""content"": ""화재 대응 훈련 — 터널 내 전동차 화재 → 비상대피로로 승객 유도"", ""note"": ""평가 완료""}","[{""name"": ""비상조치훈련 결과서.pdf"", ""url"": """", ""at"": ""2026-01-01T00:00:00""}]",2026-09-24,
USC-S0025,D03,2026,emergency,main,,25,,,이행완료,"{""rank"": ""비상조치훈련 실시"", ""date"": ""2026-06-11"", ""content"": ""화재 대응 훈련 — 터널 내 차량 화재 → 운전자 피난연결통로 대피"", ""note"": ""평가 완료""}","[{""name"": ""비상조치훈련 결과서.pdf"", ""url"": """", ""at"": ""2026-01-01T00:00:00""}]",2026-09-24,
USC-S0026,D03,2026,emergency,main,,26,,,보완필요,"{""rank"": ""비상조치훈련 실시"", ""date"": ""2026-10-22"", ""content"": ""화재 대응 훈련 — 다중 추돌 후 차량 화재"", ""note"": ""준비""}",[],2026-09-24,
USC-S0027,D03,2026,emergency,main,,27,,,이행완료,"{""rank"": ""비상조치훈련 실시"", ""date"": ""2026-06-17"", ""content"": ""침수 대응 훈련 — 시간당 80mm 호우 → 진입 차단·고립 차량 운전자 대피"", ""note"": ""평가 완료""}","[{""name"": ""비상조치훈련 결과서.pdf"", ""url"": """", ""at"": ""2026-01-01T00:00:00""}]",2026-09-24,
USC-S0028,D04,2026,goal,main,,28,,,이행완료,"{""date"": ""2026-01-15"", ""note"": """"}","[{""name"": ""용인특례시 안전보건 경영방침.pdf"", ""url"": """", ""at"": ""2026-01-01T00:00:00""}]",2026-09-24,
USC-S0029,D04,2026,org,main,,29,,,이행완료,"{""date"": ""2026-01-02"", ""content"": ""중대재해예방과 안전·보건 전담조직 지정(조직도·인력현황)"", ""note"": """"}","[{""name"": ""용인특례시 안전보건 전담조직도.pdf"", ""url"": """", ""at"": ""2026-01-01T00:00:00""}, {""name"": ""안전보건 전담조직 인력현황표.xlsx"", ""url"": """", ""at"": ""2026-01-01T00:00:00""}]",2026-09-24,
USC-S0030,D04,2026,staff,main,,30,,,이행완료,"{""rank"": ""안전보건관리책임자"", ""trust"": """", ""date"": ""2026-01-02"", ""name"": ""한서연 과장"", ""org"": ""중대재해예방과"", ""note"": """"}","[{""name"": ""안전보건관리책임자 지정 공문.pdf"", ""url"": """", ""at"": ""2026-01-01T00:00:00""}]",2026-09-24,
USC-S0031,D04,2026,staff,main,,31,,,이행완료,"{""rank"": ""안전보건총괄책임자"", ""trust"": """", ""date"": ""2026-01-02"", ""name"": ""오지훈 과장"", ""org"": ""안전총괄과"", ""note"": """"}","[{""name"": ""안전보건총괄책임자 지정 공문.pdf"", ""url"": """", ""at"": ""2026-01-01T00:00:00""}]",2026-09-24,
USC-S0032,D04,2026,staff,main,,32,,,이행완료,"{""rank"": ""안전관리자"", ""trust"": ""Y"", ""date"": ""2026-02-01"", ""name"": ""최은정 주무관"", ""org"": ""안전총괄과"", ""note"": ""안전관리전문기관 위탁""}","[{""name"": ""안전관리 위탁계약서.pdf"", ""url"": """", ""at"": ""2026-01-01T00:00:00""}]",2026-09-24,
USC-S0033,D04,2026,staff,main,,33,,,보완필요,"{""rank"": ""보건관리자"", ""trust"": ""Y"", ""date"": ""2026-02-01"", ""name"": ""강민준 주무관"", ""org"": ""보건소"", ""note"": ""보건관리전문기관 위탁""}",[],2026-09-24,
USC-S0034,D04,2026,staff,main,,34,Y,,보완필요,"{""rank"": ""관리감독자"", ""trust"": """", ""date"": ""2026-01-02"", ""name"": ""조우진 주무관"", ""org"": ""상수도사업소"", ""note"": """"}",[],2026-09-24,
USC-D04-2026-risk-hdr,D04,2026,risk,hdr,,35,,,-,"{""date"": ""2026-03-10"", ""kind"": ""정기평가""}",[],2026-09-24,
USC-S0036,D04,2026,risk,main,,36,,,이행완료,"{""gbn"": ""위험성평가 교육"", ""fixed"": ""Y"", ""date"": ""2026-03-03"", ""content"": ""관리감독자·근로자 위험성평가 사전교육"", ""note"": """"}","[{""name"": ""위험성평가 교육 결과서.pdf"", ""url"": """", ""at"": ""2026-01-01T00:00:00""}]",2026-09-24,
USC-S0037,D04,2026,risk,main,,37,,,이행완료,"{""gbn"": ""위험성평가 이행결과"", ""fixed"": ""Y"", ""date"": ""2026-03-10"", ""content"": ""정수장·배수지 작업 정기 위험성평가"", ""note"": """"}","[{""name"": ""정기 위험성평가 결과보고서.pdf"", ""url"": """", ""at"": ""2026-01-01T00:00:00""}]",2026-09-24,
USC-D04-2026-budget-2,D04,2026,budget,main,,38,,,이행완료,"{""item"": ""시설·장비 구입비"", ""plan"": ""140000"", ""date"": ""2026-08-31"", ""content"": ""정수장 가스 누출 감지·송기 장비"", ""exec"": ""64400"", ""note"": """"}","[{""name"": ""시설·장비 구입비 집행 내역.pdf"", ""url"": """", ""at"": ""2026-01-01T00:00:00""}]",2026-09-24,
USC-D04-2026-budget-3,D04,2026,budget,main,,39,,,이행완료,"{""item"": ""유해·위험요인 개선비"", ""plan"": ""97000"", ""date"": ""2026-08-31"", ""content"": ""정수장 염소 누출 감지기 교체 · 배수지 밀폐공간 산소농도 측정기·환기설비"", ""exec"": ""70500"", ""note"": """"}","[{""name"": ""유해·위험요인 개선비 집행 내역.pdf"", ""url"": """", ""at"": ""2026-01-01T00:00:00""}]",2026-09-24,
USC-D04-2026-budget-4,D04,2026,budget,main,,40,,,이행완료,"{""item"": ""교육·훈련비"", ""plan"": ""15000"", ""date"": ""2026-08-31"", ""content"": ""밀폐공간 작업 교육"", ""exec"": ""5600"", ""note"": """"}","[{""name"": ""교육·훈련비 집행 내역.pdf"", ""url"": """", ""at"": ""2026-01-01T00:00:00""}]",2026-09-24,
USC-S0041,D04,2026,work,main,,41,,,이행완료,"{""rel"": ""안전보건관리책임자"", ""trust"": """", ""date"": ""2026-06-30"", ""name"": ""한서연 과장"", ""org"": ""중대재해예방과"", ""note"": """"}","[{""name"": ""상반기 업무수행 평가표(안전보건관리책임자).pdf"", ""url"": """", ""at"": ""2026-01-01T00:00:00""}]",2026-09-24,
USC-S0042,D04,2026,work,main,,42,,,이행완료,"{""rel"": ""안전관리자"", ""trust"": ""Y"", ""date"": ""2026-06-30"", ""name"": ""최은정 주무관"", ""org"": ""안전총괄과"", ""note"": """"}","[{""name"": ""상반기 업무수행 평가표(안전관리자).pdf"", ""url"": """", ""at"": ""2026-01-01T00:00:00""}]",2026-09-24,
USC-S0043,D04,2026,work,main,,43,Y,,이행완료,"{""rel"": ""관리감독자"", ""trust"": """", ""date"": ""2026-06-30"", ""name"": ""조우진 주무관"", ""org"": ""상수도사업소"", ""note"": """"}","[{""name"": ""상반기 업무수행 평가표(관리감독자).pdf"", ""url"": """", ""at"": ""2026-01-01T00:00:00""}]",2026-09-24,
USC-S0044,D04,2026,work,main,,44,Y,,보완필요,"{""rel"": ""관리감독자"", ""trust"": """", ""date"": ""2026-06-30"", ""name"": ""윤재석 주무관"", ""org"": ""상수도사업소"", ""note"": """"}",[],2026-09-24,
USC-D04-2026-opinion-hdr,D04,2026,opinion,hdr,,45,,,-,"{""date"": ""2026-03-25""}",[],2026-09-24,
USC-S0046,D04,2026,opinion,a,,46,,,이행완료,"{""gbn"": ""산업안전보건위원회 운영"", ""date"": ""2026-03-25"", ""content"": ""1분기 산업안전보건위원회 정기회의"", ""note"": """"}","[{""name"": ""1분기 산업안전보건위원회 회의록.pdf"", ""url"": """", ""at"": ""2026-01-01T00:00:00""}]",2026-09-24,
USC-S0047,D04,2026,opinion,a,,47,,,이행완료,"{""gbn"": ""산업안전보건위원회 운영"", ""date"": ""2026-06-24"", ""content"": ""2분기 산업안전보건위원회 정기회의"", ""note"": """"}","[{""name"": ""2분기 산업안전보건위원회 회의록.pdf"", ""url"": """", ""at"": ""2026-01-01T00:00:00""}]",2026-09-24,
USC-S0048,D04,2026,opinion,b,,48,,,보완필요,"{""gbn"": ""기타 종사자 의견 청취(현장 건의)"", ""date"": """", ""content"": ""보호구 지급 주기 개선 요청"", ""note"": """"}",[],2026-09-24,
USC-S0049,D04,2026,opinion,b,,49,,,보완필요,"{""gbn"": ""기타 종사자 의견 청취(작업 전 안전점검 회의(TBM))"", ""date"": ""2026-08-14"", ""content"": ""정수장 염소 투입 작업 방독마스크 정화통 교체 주기가 정해져 있지 않음 → 정화통 교체 기준(사용 시간) 정하고 교체 대장 비치"", ""note"": """"}",[],2026-09-24,
USC-S0050,D04,2026,emergency,main,,50,,,이행완료,"{""rank"": ""안전보건관리책임자"", ""date"": ""2026-02-20"", ""content"": ""비상조치계획 수립(재해발생 시나리오·구성원별 역할·비상연락망)"", ""note"": """"}","[{""name"": ""비상조치계획서.pdf"", ""url"": """", ""at"": ""2026-01-01T00:00:00""}]",2026-09-24,
USC-S0051,D04,2026,emergency,main,,51,,,이행완료,"{""rank"": ""비상조치훈련 실시"", ""date"": ""2026-04-28"", ""content"": ""위험물 누출 대응 훈련 — 염소 저장실 누출 → 직원·견학자 대피"", ""note"": ""평가 완료""}","[{""name"": ""비상조치훈련 결과서.pdf"", ""url"": """", ""at"": ""2026-01-01T00:00:00""}]",2026-09-24,
USC-S0052,D04,2026,emergency,main,,52,,,보완필요,"{""rank"": ""비상조치훈련 실시"", ""date"": ""2026-12-09"", ""content"": ""지진 대응 훈련 — 지진으로 정수지 균열 · 단수 대응"", ""note"": ""계획""}",[],2026-09-24,
USC-INC-INC-001,D01,2026,recur,inc,,53,,,보완필요,"{""name"": ""하수처리시설 정비 중 추락"", ""date"": ""2026-01-23"", ""src"": ""INC-001""}",[],2026-09-24,
USC-INC-INC-001-r1,D01,2026,recur,incrow,USC-INC-INC-001,54,,,보완필요,"{""item"": ""1"", ""date"": ""2026-01-23"", ""content"": ""발생 보고 — 추락 부상 1명"", ""note"": """"}",[],2026-09-24,
USC-INC-INC-001-r2,D01,2026,recur,incrow,USC-INC-INC-001,55,,,이행완료,"{""item"": ""2"", ""date"": ""2026-01-29"", ""content"": ""원인 조사 — 안전난간 미설치·안전대 미착용"", ""note"": """"}","[{""name"": ""사고조사보고서_INC-001.pdf"", ""url"": """", ""at"": ""2026-01-01T00:00:00""}]",2026-09-24,
USC-INC-INC-001-r3,D01,2026,recur,incrow,USC-INC-INC-001,56,,,이행완료,"{""item"": ""3"", ""date"": ""2026-02-10"", ""content"": ""난간 전수 점검·작업 전 위험성평가 의무화"", ""note"": """"}","[{""name"": ""재발방지대책_결재문서_INC-001.pdf"", ""url"": """", ""at"": ""2026-01-01T00:00:00""}]",2026-09-24,
USC-INC-INC-003,D04,2026,recur,inc,,57,,,보완필요,"{""name"": ""슬러지 탈수기 점검 중 회전부에 손가락 끼임"", ""date"": ""2026-07-08"", ""src"": ""INC-003""}",[],2026-09-24,
USC-INC-INC-003-r1,D04,2026,recur,incrow,USC-INC-INC-003,58,,,보완필요,"{""item"": ""1"", ""date"": ""2026-07-08"", ""content"": ""발생 보고 — 끼임 부상 1명(손가락 골절, 치료 4주)"", ""note"": """"}",[],2026-09-24,
USC-INC-INC-003-r2,D04,2026,recur,incrow,USC-INC-INC-003,59,,,이행완료,"{""item"": ""2"", ""date"": ""2026-07-14"", ""content"": ""원인 조사 — 점검 전 전원 차단·잠금 절차 미이행 · 회전부 덮개를 떼어 둔 채 운전"", ""note"": """"}","[{""name"": ""사고조사보고서_기흥레스피아_0708.pdf"", ""url"": """", ""at"": ""2026-01-01T00:00:00""}]",2026-09-24,
USC-INC-INC-003-r3,D04,2026,recur,incrow,USC-INC-INC-003,60,,,이행완료,"{""item"": ""3"", ""date"": ""2026-07-24"", ""content"": ""탈수기 회전부 덮개 연동장치 설치 · 전원 차단·잠금 절차서 개정 및 전 직원 교육"", ""note"": """"}","[{""name"": ""재발방지대책_기흥레스피아.pdf"", ""url"": """", ""at"": ""2026-01-01T00:00:00""}]",2026-09-24,
USC-INC-INC-007,D06,2026,recur,inc,,61,,,보완필요,"{""name"": ""예초기 작업 중 튄 돌에 눈 부상"", ""date"": ""2026-03-15"", ""src"": ""INC-007""}",[],2026-09-24,
USC-INC-INC-007-r1,D06,2026,recur,incrow,USC-INC-INC-007,62,,,보완필요,"{""item"": ""1"", ""date"": ""2026-03-15"", ""content"": ""발생 보고 — 비래(튀는 물체) 부상 1명(각막 찰과상, 치료 2주)"", ""note"": """"}",[],2026-09-24,
USC-INC-INC-007-r2,D06,2026,recur,incrow,USC-INC-INC-007,63,,,이행완료,"{""item"": ""2"", ""date"": ""2026-03-20"", ""content"": ""원인 조사 — 보안경 미착용 · 비산방지망 미사용"", ""note"": """"}","[{""name"": ""예초작업_사고조사서.pdf"", ""url"": """", ""at"": ""2026-01-01T00:00:00""}]",2026-09-24,
USC-INC-INC-007-r3,D06,2026,recur,incrow,USC-INC-INC-007,64,,,이행완료,"{""item"": ""3"", ""date"": ""2026-03-27"", ""content"": ""예초 작업 보안경 지급·착용 확인 · 이동식 비산방지망 사용 의무화"", ""note"": """"}","[{""name"": ""예초작업_안전수칙_개정.pdf"", ""url"": """", ""at"": ""2026-01-01T00:00:00""}]",2026-09-24,
USC-INC-INC-009,D12,2026,recur,inc,,65,,,보완필요,"{""name"": ""폐기물 포대 반복 운반 중 허리 부상"", ""date"": ""2026-09-03"", ""src"": ""INC-009""}",[],2026-09-24,
USC-INC-INC-009-r1,D12,2026,recur,incrow,USC-INC-INC-009,66,,,보완필요,"{""item"": ""1"", ""date"": ""2026-09-03"", ""content"": ""발생 보고 — 근골격계 부상 1명(요추 염좌, 치료 3주)"", ""note"": """"}",[],2026-09-24,
USC-INC-INC-009-r2,D12,2026,recur,incrow,USC-INC-INC-009,67,,,이행완료,"{""item"": ""2"", ""date"": ""2026-09-10"", ""content"": ""원인 조사 — 중량물 운반 보조기구 없음 · 2인 1조 운반 기준 없음"", ""note"": """"}","[{""name"": ""선별장_근골격계_조사서.pdf"", ""url"": """", ""at"": ""2026-01-01T00:00:00""}]",2026-09-24,
USC-INC-INC-009-r3,D12,2026,recur,incrow,USC-INC-INC-009,68,,,보완필요,"{""item"": ""3"", ""date"": """", ""content"": """", ""note"": """"}",[],2026-09-24,
USC-D03-2026-recur-nil,D03,2026,recur,nil,,69,,,해당없음,"{""nil"": ""Y"", ""memo"": ""확인 시점까지 부서 내 재해 발생 없음"", ""date"": ""2026-07-03""}",[],2026-09-24,
USC-D07-2026-recur-nil,D07,2026,recur,nil,,70,,,해당없음,"{""nil"": ""Y"", ""memo"": ""확인 시점까지 부서 내 재해 발생 없음"", ""date"": ""2026-07-06""}",[],2026-09-24,
USC-D08-2026-recur-nil,D08,2026,recur,nil,,71,,,해당없음,"{""nil"": ""Y"", ""memo"": ""확인 시점까지 부서 내 재해 발생 없음"", ""date"": ""2026-07-06""}",[],2026-09-24,
USC-D09-2026-recur-nil,D09,2026,recur,nil,,72,,,해당없음,"{""nil"": ""Y"", ""memo"": ""확인 시점까지 부서 내 재해 발생 없음"", ""date"": ""2026-07-07""}",[],2026-09-24,
USC-D10-2026-recur-nil,D10,2026,recur,nil,,73,,,해당없음,"{""nil"": ""Y"", ""memo"": ""확인 시점까지 부서 내 재해 발생 없음"", ""date"": ""2026-07-03""}",[],2026-09-24,
USC-D13-2026-recur-nil,D13,2026,recur,nil,,74,,,해당없음,"{""nil"": ""Y"", ""memo"": ""확인 시점까지 부서 내 재해 발생 없음"", ""date"": ""2026-07-02""}",[],2026-09-24,
USC-D14-2026-recur-nil,D14,2026,recur,nil,,75,,,해당없음,"{""nil"": ""Y"", ""memo"": ""확인 시점까지 부서 내 재해 발생 없음"", ""date"": ""2026-07-09""}",[],2026-09-24,
USC-S0076,D01,2026,order,main,,76,,,보완필요,"{""item"": ""안전난간 보수 명령"", ""agency"": ""고용노동부"", ""date"": ""2026-04-23"", ""content"": ""난간 보수 업체 선정 · 임시 출입통제"", ""from"": ""2026-04-28"", ""to"": ""2026-05-23"", ""note"": ""조치 중"", ""src"": ""ORD-001""}",[],2026-09-24,
USC-S0077,D02,2026,order,main,,77,,,이행완료,"{""item"": ""정밀안전진단 실시 명령"", ""agency"": ""국토교통부"", ""date"": ""2026-05-13"", ""content"": ""정밀안전진단 완료 · 결과보고서 접수"", ""from"": ""2026-05-20"", ""to"": ""2026-06-22"", ""note"": ""조치 완료"", ""src"": ""ORD-002""}","[{""name"": ""정밀안전진단_결과보고_공문.pdf"", ""url"": """", ""at"": ""2026-01-01T00:00:00""}]",2026-09-24,
USC-S0078,D03,2026,order,main,,78,,,이행완료,"{""item"": ""소방시설 정비 명령"", ""agency"": ""경기도"", ""date"": ""2026-06-02"", ""content"": ""소화설비 정비 완료"", ""from"": ""2026-06-08"", ""to"": ""2026-07-12"", ""note"": ""조치 완료"", ""src"": ""ORD-003""}","[{""name"": ""소방시설_정비결과_보고.pdf"", ""url"": """", ""at"": ""2026-01-01T00:00:00""}]",2026-09-24,
USC-S0079,D04,2026,order,main,,79,,,보완필요,"{""item"": ""방화문 보수 명령"", ""agency"": ""소방서"", ""date"": ""2026-06-22"", ""content"": ""방화문 도어클로저 교체 견적"", ""from"": ""2026-06-30"", ""to"": ""2026-07-22"", ""note"": ""조치 중"", ""src"": ""ORD-004""}",[],2026-09-24,
USC-S0080,D05,2026,order,main,,80,,,이행완료,"{""item"": ""안전난간 보수 명령"", ""agency"": ""고용노동부"", ""date"": ""2026-07-12"", ""content"": ""안전난간 보수 완료"", ""from"": ""2026-07-15"", ""to"": ""2026-08-21"", ""note"": ""조치 완료"", ""src"": ""ORD-005""}","[{""name"": ""난간보수_결과보고.pdf"", ""url"": """", ""at"": ""2026-01-01T00:00:00""}]",2026-09-24,
USC-S0081,D06,2026,order,main,,81,,,보완필요,"{""item"": ""정밀안전진단 실시 명령"", ""agency"": ""국토교통부"", ""date"": ""2026-08-01"", ""content"": ""정밀안전진단 완료"", ""from"": ""2026-08-07"", ""to"": ""2026-09-10"", ""note"": ""조치 완료"", ""src"": ""ORD-006""}",[],2026-09-24,
USC-S0082,D04,2026,order,main,,82,,,이행완료,"{""item"": ""슬러지 탈수기 회전부 방호덮개 설치 등 시정조치 명령"", ""agency"": ""고용노동부(근로감독)"", ""date"": ""2026-07-15"", ""content"": ""연동장치 2대 설치 · 명령 사항 게시"", ""from"": ""2026-07-20"", ""to"": ""2026-08-12"", ""note"": ""조치 완료"", ""src"": ""ORD-007""}","[{""name"": ""시정조치_완료보고_공문.pdf"", ""url"": """", ""at"": ""2026-01-01T00:00:00""}]",2026-09-24,
USC-S0083,D12,2026,order,main,,83,,,보완필요,"{""item"": ""재활용 선별장 컨베이어 비상정지장치 설치 시정조치 명령"", ""agency"": ""고용노동부(근로감독)"", ""date"": ""2026-09-08"", ""content"": ""비상정지 스위치 4개소 설치 발주"", ""from"": ""2026-09-10"", ""to"": ""2026-09-25"", ""note"": ""조치 중"", ""src"": ""ORD-008""}",[],2026-09-24,
USC-S0084,D09,2026,order,main,,84,,,보완필요,"{""item"": ""화재안전조사 결과 피난통로 적치물 제거 · 유도등 보수 조치명령"", ""agency"": ""용인소방서"", ""date"": ""2026-08-20"", ""content"": ""적치물 즉시 제거 · 유도등 12개 교체 발주"", ""from"": ""2026-08-25"", ""to"": ""2026-10-10"", ""note"": ""조치 중"", ""src"": ""ORD-009""}",[],2026-09-24,
USC-S0085,D09,2026,order,main,,85,,,이행완료,"{""item"": ""자체점검 이행계획(스프링클러 헤드 교체) 미완료 — 이행 명령"", ""agency"": ""용인서부소방서"", ""date"": ""2026-06-10"", ""content"": ""헤드 36개 교체 · 작동 시험"", ""from"": ""2026-06-20"", ""to"": ""2026-07-28"", ""note"": ""조치 완료"", ""src"": ""ORD-010""}","[{""name"": ""이행계획_완료결과_보고서.pdf"", ""url"": """", ""at"": ""2026-01-01T00:00:00""}]",2026-09-24,
USC-S0086,D03,2026,order,main,,86,,,보완필요,"{""item"": ""긴급안전점검 결과 터널 배수로 막힘·누수 보수 안전조치 명령"", ""agency"": ""경기도"", ""date"": ""2026-09-01"", ""content"": ""이행계획서 제출(제31조제2항) · 배수로 준설 · 누수 보수"", ""from"": ""2026-09-07"", ""to"": ""2026-10-15"", ""note"": ""조치 중"", ""src"": ""ORD-011""}",[],2026-09-24,
USC-S0087,D04,2026,order,main,,87,,,보완필요,"{""item"": ""정수시설 운영·관리 개선 명령(여과지 역세척 설비)"", ""agency"": ""기후에너지환경부(한강유역환경청)"", ""date"": ""2026-08-28"", ""content"": ""역세척 펌프 교체 · 운영 매뉴얼 개정 (1개월 이내 이행 — 같은 조 제5항)"", ""from"": ""2026-09-01"", ""to"": ""2026-09-27"", ""note"": ""조치 중"", ""src"": ""ORD-012""}",[],2026-09-24,
USC-S0088,D07,2026,order,main,,88,,,이행완료,"{""item"": ""국공립어린이집 실내공기질(이산화탄소) 유지기준 초과 — 환기설비 개선명령"", ""agency"": ""수지구청"", ""date"": ""2026-07-02"", ""content"": ""환기설비 2대 증설 · 재측정 기준 이내"", ""from"": ""2026-07-10"", ""to"": ""2026-09-04"", ""note"": ""조치 완료"", ""src"": ""ORD-013""}","[{""name"": ""개선명령_이행보고.pdf"", ""url"": """", ""at"": ""2026-01-01T00:00:00""}]",2026-09-24,
USC-S0089,D03,2026,order,main,,89,,,보완필요,"{""item"": ""보도육교 계단 미끄럼방지 시설 보수 안전조치 명령"", ""agency"": ""경기도"", ""date"": ""2026-09-17"", ""content"": """", ""from"": """", ""to"": ""2026-10-15"", ""note"": ""접수"", ""src"": ""ORD-014""}",[],2026-09-24,
USC-S0090,D04,2026,order,main,,90,,,이행완료,"{""item"": ""밀폐공간 작업 전 산소·유해가스 측정기 비치 시정조치 명령"", ""agency"": ""고용노동부(근로감독)"", ""date"": ""2026-05-20"", ""content"": ""측정기 6대 비치 · 작업 전 측정 기록 시작"", ""from"": ""2026-05-25"", ""to"": ""2026-06-15"", ""note"": ""조치 완료"", ""src"": ""ORD-015""}","[{""name"": ""시정조치_완료보고.pdf"", ""url"": """", ""at"": ""2026-01-01T00:00:00""}]",2026-09-24,
USC-S0091,D09,2026,order,main,,91,,,보완필요,"{""item"": ""화재안전조사 결과 방화셔터 작동 불량 개수 명령"", ""agency"": ""용인소방서"", ""date"": ""2026-09-18"", ""content"": """", ""from"": ""2026-09-19"", ""to"": ""2026-10-18"", ""note"": ""접수"", ""src"": ""ORD-016""}",[],2026-09-24,
USC-S0092,D06,2026,order,main,,92,,,보완필요,"{""item"": ""예초기 날 보호덮개 미부착 — 해당 기계 사용중지 및 개선 명령"", ""agency"": ""고용노동부(근로감독)"", ""date"": ""2026-07-20"", ""content"": ""보호덮개 부착 · 미부착 예초기 사용 금지"", ""from"": ""2026-07-25"", ""to"": ""2026-08-19"", ""note"": ""조치 중"", ""src"": ""ORD-017""}",[],2026-09-24,
USC-S0093,D06,2026,order,main,,93,,,보완필요,"{""item"": ""여름철 폭염 대비 옥외작업 휴식시간 부여 권고(자율점검 안내문)"", ""agency"": ""고용노동부(경기지청)"", ""date"": ""2026-08-27"", ""content"": """", ""from"": """", ""to"": """", ""note"": ""참고"", ""src"": ""ORD-018""}",[],2026-09-24,
USC-S0094,D09,2026,order,main,,94,,,보완필요,"{""item"": ""추석 연휴 대비 다중이용시설 안전관리 강화 협조 요청"", ""agency"": ""경기도"", ""date"": ""2026-09-08"", ""content"": """", ""from"": """", ""to"": """", ""note"": ""참고"", ""src"": ""ORD-019""}",[],2026-09-24,
USC-S0095,D03,2026,law,law,,95,,,이행완료,"{""duty_key"": ""DTY-02937"", ""date"": ""2026-03-10"", ""st"": ""이행완료"", ""note"": """"}","[{""name"": ""관계 법령 의무이행 결과서.pdf"", ""url"": """", ""at"": ""2026-01-01T00:00:00""}]",2026-09-24,
USC-S0096,D03,2026,law,law,,96,,,이행완료,"{""duty_key"": ""DTY-02931"", ""date"": ""2026-03-10"", ""st"": ""이행완료"", ""note"": """"}","[{""name"": ""관계 법령 의무이행 결과서.pdf"", ""url"": """", ""at"": ""2026-01-01T00:00:00""}]",2026-09-24,
USC-S0097,D03,2026,law,law,,97,,,미이행,"{""duty_key"": ""DTY-02935"", ""date"": """", ""st"": ""미이행"", ""note"": """"}",[],2026-09-24,
USC-S0098,D03,2026,law,law,,98,,,미이행,"{""duty_key"": ""DTY-02909"", ""date"": """", ""st"": ""미이행"", ""note"": """"}",[],2026-09-24,
USC-S0099,D03,2026,law,edu,,99,,,이행완료,"{""name"": ""관리감독자 정기교육"", ""law"": ""산업안전보건법"", ""article"": ""제29조"", ""target"": ""강준호 주무관"", ""agency"": ""안전보건공단"", ""date"": ""2026-06-16"", ""note"": """", ""src"": ""TRN-0006""}","[{""name"": ""이수증_TRN-0006.pdf"", ""url"": """", ""at"": ""2026-01-01T00:00:00""}]",2026-09-24,
USC-S0100,D03,2026,law,edu,,100,,,이행완료,"{""name"": ""근로자 정기교육"", ""law"": ""산업안전보건법"", ""article"": ""제29조"", ""target"": ""정민준 주무관"", ""agency"": ""안전보건공단"", ""date"": ""2026-06-07"", ""note"": """", ""src"": ""TRN-0033""}","[{""name"": ""이수증_TRN-0033.pdf"", ""url"": """", ""at"": ""2026-01-01T00:00:00""}]",2026-09-24,
USC-S0101,D03,2026,law,edu,,101,,,이행완료,"{""name"": ""근로자 정기교육"", ""law"": ""산업안전보건법"", ""article"": ""제29조"", ""target"": ""정민준 주무관"", ""agency"": ""안전보건공단"", ""date"": ""2026-09-04"", ""note"": """", ""src"": ""TRN-0034""}","[{""name"": ""이수증_TRN-0034.pdf"", ""url"": """", ""at"": ""2026-01-01T00:00:00""}]",2026-09-24,
USC-S0102,D03,2026,law,edu,,102,,,이행완료,"{""name"": ""안전관리자 직무교육"", ""law"": ""산업안전보건법"", ""article"": ""제32조"", ""target"": ""강준호 주무관"", ""agency"": ""안전보건공단"", ""date"": ""2025-05-15"", ""note"": """", ""src"": ""TRN-0071""}","[{""name"": ""이수증_TRN-0071.pdf"", ""url"": """", ""at"": ""2026-01-01T00:00:00""}]",2026-09-24,
USC-S0103,D04,2026,law,law,,103,,,이행완료,"{""duty_key"": ""DTY-02937"", ""date"": ""2026-03-10"", ""st"": ""이행완료"", ""note"": """"}","[{""name"": ""관계 법령 의무이행 결과서.pdf"", ""url"": """", ""at"": ""2026-01-01T00:00:00""}]",2026-09-24,
USC-S0104,D04,2026,law,law,,104,,,이행완료,"{""duty_key"": ""DTY-02931"", ""date"": ""2026-03-10"", ""st"": ""이행완료"", ""note"": """"}","[{""name"": ""관계 법령 의무이행 결과서.pdf"", ""url"": """", ""at"": ""2026-01-01T00:00:00""}]",2026-09-24,
USC-S0105,D04,2026,law,law,,105,,,미이행,"{""duty_key"": ""DTY-02935"", ""date"": """", ""st"": ""미이행"", ""note"": """"}",[],2026-09-24,
USC-S0106,D04,2026,law,law,,106,,,미이행,"{""duty_key"": ""DTY-02909"", ""date"": """", ""st"": ""미이행"", ""note"": """"}",[],2026-09-24,
USC-S0107,D04,2026,law,edu,,107,,,이행완료,"{""name"": ""근로자 정기교육"", ""law"": ""산업안전보건법"", ""article"": ""제29조"", ""target"": ""조우진 주무관"", ""agency"": ""안전보건공단"", ""date"": ""2026-06-08"", ""note"": """", ""src"": ""TRN-0035""}","[{""name"": ""이수증_TRN-0035.pdf"", ""url"": """", ""at"": ""2026-01-01T00:00:00""}]",2026-09-24,
USC-S0108,D04,2026,law,edu,,108,,,이행완료,"{""name"": ""근로자 정기교육"", ""law"": ""산업안전보건법"", ""article"": ""제29조"", ""target"": ""조우진 주무관"", ""agency"": ""안전보건공단"", ""date"": ""2026-09-05"", ""note"": """", ""src"": ""TRN-0036""}","[{""name"": ""이수증_TRN-0036.pdf"", ""url"": """", ""at"": ""2026-01-01T00:00:00""}]",2026-09-24,
USC-S0109,D04,2026,law,edu,,109,,,이행완료,"{""name"": ""관리감독자 정기교육"", ""law"": ""산업안전보건법"", ""article"": ""제29조"", ""target"": ""조우진 주무관"", ""agency"": ""안전보건공단"", ""date"": ""2026-05-12"", ""note"": """", ""src"": ""TRN-0058""}","[{""name"": ""이수증_TRN-0058.pdf"", ""url"": """", ""at"": ""2026-01-01T00:00:00""}]",2026-09-24,
USC-S0110,D04,2026,law,edu,,110,,,이행완료,"{""name"": ""특별교육 — 밀폐공간에서의 작업"", ""law"": ""산업안전보건법"", ""article"": ""제29조"", ""target"": ""윤재석 주무관"", ""agency"": ""안전보건공단"", ""date"": ""2026-03-10"", ""note"": """", ""src"": ""TRN-0065""}","[{""name"": ""이수증_TRN-0065.pdf"", ""url"": """", ""at"": ""2026-01-01T00:00:00""}]",2026-09-24,
USC-S0111,D04,2026,law,edu,,111,,,이행완료,"{""name"": ""특별교육 — 전압 75볼트 이상 정전 및 활선작업"", ""law"": ""산업안전보건법"", ""article"": ""제29조"", ""target"": ""조우진 주무관"", ""agency"": ""안전보건공단"", ""date"": ""2026-06-15"", ""note"": """", ""src"": ""TRN-0067""}","[{""name"": ""이수증_TRN-0067.pdf"", ""url"": """", ""at"": ""2026-01-01T00:00:00""}]",2026-09-24,
USC-S0112,D04,2026,law,edu,,112,,,이행완료,"{""name"": ""안전관리자 직무교육"", ""law"": ""산업안전보건법"", ""article"": ""제32조"", ""target"": ""윤재석 주무관"", ""agency"": ""안전보건공단"", ""date"": ""2025-06-15"", ""note"": """", ""src"": ""TRN-0072""}","[{""name"": ""이수증_TRN-0072.pdf"", ""url"": """", ""at"": ""2026-01-01T00:00:00""}]",2026-09-24,
