log_id,at,activity,detail,by
CLOG-S001,2026-03-24T13:53:00+09:00,이행률 조회(사업장),이행현황 › 중대산업재해 이행률 조회,CEO-1
CLOG-S002,2026-04-14T09:02:00+09:00,메시지 발신(공중이용시설·공중교통수단),도로과(교량·터널)에 교량·터널 해빙기 안전점검 결과 보고 요청,CEO-1
CLOG-S003,2026-04-27T10:14:00+09:00,이행률 조회(원료·제조물),이행현황 › 중대시민재해(원료·제조물) 이행률 조회,CEO-1
CLOG-S004,2026-05-14T16:30:00+09:00,메시지 발신(사업장),안전총괄과에 상반기 위험성평가 결과 보고 요청,CEO-1
CLOG-S005,2026-05-26T13:53:00+09:00,이행률 조회(사업장),이행현황 › 중대산업재해 이행률 조회,CEO-1
CLOG-S006,2026-06-25T10:00:00+09:00,기관장 서한문 발송,「여름철 집중호우·폭염 대비 안전관리 당부」 서한문 발송,CEO-1
CLOG-S007,2026-08-24T16:30:00+09:00,법 의무사항 조회(공중이용시설·공중교통수단),법 의무사항 › 공중이용시설·공중교통수단 관계 법령 의무 조회,CEO-1
CLOG-S008,2026-08-25T16:30:00+09:00,이행률 조회(사업장),이행현황 › 중대산업재해 이행률 조회,CEO-1
CLOG-S009,2026-09-01T09:30:00+09:00,기관장 서한문 발송,「하반기 중대재해 예방 이행점검 협조 요청」 서한문 발송,CEO-1
CLOG-S010,2026-09-17T11:04:00+09:00,이행률 조회(공중이용시설·공중교통수단),이행점검 › 공중이용시설·공중교통수단 점검 총괄표 조회,CEO-1
