file_id,category,title,body,written_by,created_at,evidence_name,evidence_url,gen_content
FIL-S006,지침·매뉴얼,중대재해처벌법 의무이행 점검표(사업장),사업장(용인시청 본청) 부서가 스스로 점검할 때 쓰는 점검표입니다. 이행점검 항목과 같은 순서입니다.,SD01-1,2026-09-10T09:10:00+09:00,의무이행_점검표_사업장.csv,,"번호,점검 항목,근거,이행 여부(O/△/X/-),의무이행 일자,증빙자료,비고
1,안전·보건 목표 및 경영방침 설정,중대재해처벌법 시행령 제4조제1호,,,,
2,안전·보건·총괄·관리 전담 조직 설치,중대재해처벌법 시행령 제4조제2호,,,,
3,안전보건관계자 배치,중대재해처벌법 시행령 제4조제6호,,,,
4,유해·위험요인 확인 및 개선 절차 마련(위험성평가),중대재해처벌법 시행령 제4조제3호,,,,
5,안전예산 편성·집행,중대재해처벌법 시행령 제4조제4호,,,,
6,안전보건관계자 업무수행,중대재해처벌법 시행령 제4조제5호,,,,
7,종사자 의견 청취 및 개선,중대재해처벌법 시행령 제4조제7호,,,,
8,비상조치계획 수립 및 이행,중대재해처벌법 시행령 제4조제8호,,,,
9,재해발생시 재발방지 대책 수립 및 이행,중대재해처벌법 제4조제1항제2호,,,,
10,개선·시정 등을 명한 사항 이행,중대재해처벌법 제4조제1항제3호,,,,
11,관계 법령상 의무이행,중대재해처벌법 시행령 제5조,,,,
12,법정교육 이수,관계 법령에 따른 교육,,,,"
FIL-S005,서식,종사자 의견 청취 기록부,종사자 의견 청취 및 개선(중대재해처벌법 시행령 제4조제7호) 증빙용 기록부 서식입니다.,SD01-2,2026-08-20T10:00:00+09:00,종사자_의견청취_기록부.csv,,"접수일,접수 경로,부서,의견 내용,검토 결과,개선 조치,조치 완료일,확인자
,,,,,,,"
FIL-S004,서식,안전보건관계자 선임 현황표,안전보건관계자 배치(중대재해처벌법 시행령 제4조제6호) 증빙용 현황표 서식입니다.,SD01-2,2026-08-20T10:05:00+09:00,안전보건관계자_선임현황표.csv,,"구분,성명,소속,선임일,자격·경력,관계 법령,비고
안전보건관리책임자,,,,,산업안전보건법 제15조,
관리감독자,,,,,산업안전보건법 제16조,
안전관리자,,,,,산업안전보건법 제17조,
보건관리자,,,,,산업안전보건법 제18조,"
FIL-S003,서식,비상조치계획 훈련 결과 보고서,비상조치계획 수립 및 이행(중대재해처벌법 시행령 제4조제8호) 훈련 결과 보고 서식입니다.,SD02-1,2026-06-10T15:00:00+09:00,비상조치_훈련결과_보고서.csv,,"훈련일,훈련 장소,훈련 유형,참여 인원,시나리오,소요 시간,잘된 점,보완할 점,조치 계획
,,,,,,,,"
FIL-S002,교육자료,관계 법령 교육 이수 확인서,법정교육 이수 확인서 서식입니다. 교육을 마친 뒤 이수자 명부와 함께 등록합니다.,SD02-2,2026-04-02T11:00:00+09:00,교육_이수_확인서.csv,,"교육명,교육 기관,교육일,교육 시간,이수자 성명,소속,근거 법령,확인자
,,,,,,,"
FIL-S001,지침·매뉴얼,의무이행 관리시스템 사용 설명,메뉴별 사용 방법 요약입니다.,SD01-1,2026-03-02T09:10:00+09:00,의무이행_관리시스템_사용설명.txt,,"의무이행 관리시스템 사용 설명

1. 관리대상 현황 — 소관 시설·설비, 도급·용역·위탁 현황 등록
2. 법 의무사항 — 대상별 관계 법령 의무 확인
3. 의무이행(실적증빙) — 단계별 이행 결과와 증빙 등록
4. 이행점검 및 조치 — 취합 대상 설정 → 항목별 점검 → 점검 총괄표·결재
5. 기관장 예방활동 — 기관장 서한문 · 경영책임자 활동기록
6. 게시판 — 공지사항 · 자료실"
