read_id,letter_id,dept_id,staff_id,read_at
LRD-S001,LTR-2026-001,D02,SD02-1,2026-01-02T10:12:00+09:00
LRD-S002,LTR-2026-001,D03,SD03-1,2026-01-02T11:40:00+09:00
LRD-S003,LTR-2026-001,D04,SD04-1,2026-01-03T09:05:00+09:00
LRD-S004,LTR-2026-001,D09,SD09-1,2026-01-05T14:22:00+09:00
LRD-S005,LTR-2026-001,D13,SD13-1,2026-01-02T15:30:00+09:00
LRD-S006,LTR-2026-002,D03,SD03-1,2026-06-25T13:10:00+09:00
LRD-S007,LTR-2026-002,D05,SD05-1,2026-06-26T09:45:00+09:00
LRD-S008,LTR-2026-003,D02,SD02-1,2026-09-01T10:02:00+09:00
LRD-S009,LTR-2026-003,D03,SD03-1,2026-09-02T08:55:00+09:00
