asset_id,target_code,basis,confidence
AR1998-0002431,TG13,FMS 구분·종류 규칙,medium
AR1998-0002431,TG25,FMS 구분·종류 규칙,medium
AR2003-0006407,TG13,FMS 구분·종류 규칙,medium
AR2003-0006407,TG25,FMS 구분·종류 규칙,medium
AR2004-0004612,TG13,FMS 구분·종류 규칙,medium
AR2004-0004612,TG25,FMS 구분·종류 규칙,medium
AR2005-0002918,TG13,FMS 구분·종류 규칙,medium
AR2005-0002918,TG25,FMS 구분·종류 규칙,medium
AR2005-0003904,TG13,FMS 구분·종류 규칙,medium
AR2005-0003904,TG25,FMS 구분·종류 규칙,medium
AR2005-0003905,TG13,FMS 구분·종류 규칙,medium
AR2005-0003905,TG25,FMS 구분·종류 규칙,medium
AR2009-0002925,TG13,FMS 구분·종류 규칙,medium
AR2009-0002925,TG25,FMS 구분·종류 규칙,medium
AR2010-0002931,TG13,FMS 구분·종류 규칙,medium
AR2010-0002931,TG25,FMS 구분·종류 규칙,medium
AR2012-0002015,TG13,FMS 구분·종류 규칙,medium
AR2012-0002015,TG25,FMS 구분·종류 규칙,medium
AR2018-0000223,TG13,FMS 구분·종류 규칙,medium
AR2018-0000223,TG25,FMS 구분·종류 규칙,medium
AR2018-0002175,TG13,FMS 구분·종류 규칙,medium
AR2018-0002175,TG25,FMS 구분·종류 규칙,medium
BR1992-0000156,TG03,FMS 구분·종류 규칙,medium
BR1992-0000156,TG25,FMS 구분·종류 규칙,medium
BR1992-0000904,TG03,FMS 구분·종류 규칙,medium
BR1992-0000904,TG25,FMS 구분·종류 규칙,medium
BR1993-0000845,TG03,FMS 구분·종류 규칙,medium
BR1993-0000845,TG25,FMS 구분·종류 규칙,medium
BR1996-0000136,TG03,FMS 구분·종류 규칙,medium
BR1996-0000136,TG25,FMS 구분·종류 규칙,medium
BR1997-0000183,TG03,FMS 구분·종류 규칙,medium
BR1997-0000183,TG25,FMS 구분·종류 규칙,medium
BR1997-0000185,TG03,FMS 구분·종류 규칙,medium
BR1997-0000185,TG25,FMS 구분·종류 규칙,medium
BR1999-0000081,TG03,FMS 구분·종류 규칙,medium
BR1999-0000081,TG25,FMS 구분·종류 규칙,medium
BR1999-0000261,TG03,FMS 구분·종류 규칙,medium
BR1999-0000261,TG25,FMS 구분·종류 규칙,medium
BR1999-0000262,TG03,FMS 구분·종류 규칙,medium
BR1999-0000262,TG25,FMS 구분·종류 규칙,medium
BR2000-0000080,TG03,FMS 구분·종류 규칙,medium
BR2000-0000080,TG25,FMS 구분·종류 규칙,medium
BR2000-0000084,TG03,FMS 구분·종류 규칙,medium
BR2000-0000084,TG25,FMS 구분·종류 규칙,medium
BR2000-0000090,TG03,FMS 구분·종류 규칙,medium
BR2000-0000090,TG25,FMS 구분·종류 규칙,medium
BR2000-0000151,TG03,FMS 구분·종류 규칙,medium
BR2000-0000151,TG25,FMS 구분·종류 규칙,medium
BR2004-0000628,TG03,FMS 구분·종류 규칙,medium
BR2004-0000628,TG25,FMS 구분·종류 규칙,medium
BR2004-0001988,TG03,FMS 구분·종류 규칙,medium
BR2004-0001988,TG25,FMS 구분·종류 규칙,medium
BR2004-0001989,TG03,FMS 구분·종류 규칙,medium
BR2004-0001989,TG25,FMS 구분·종류 규칙,medium
BR2004-0001990,TG03,FMS 구분·종류 규칙,medium
BR2004-0001990,TG25,FMS 구분·종류 규칙,medium
BR2004-0002027,TG03,FMS 구분·종류 규칙,medium
BR2004-0002027,TG25,FMS 구분·종류 규칙,medium
BR2004-0002028,TG03,FMS 구분·종류 규칙,medium
BR2004-0002028,TG25,FMS 구분·종류 규칙,medium
BR2004-0002101,TG03,FMS 구분·종류 규칙,medium
BR2004-0002101,TG25,FMS 구분·종류 규칙,medium
BR2004-0002102,TG03,FMS 구분·종류 규칙,medium
BR2004-0002102,TG25,FMS 구분·종류 규칙,medium
BR2004-0002103,TG03,FMS 구분·종류 규칙,medium
BR2004-0002103,TG25,FMS 구분·종류 규칙,medium
BR2005-0000279,TG03,FMS 구분·종류 규칙,medium
BR2005-0000279,TG25,FMS 구분·종류 규칙,medium
BR2005-0000280,TG03,FMS 구분·종류 규칙,medium
BR2005-0000280,TG25,FMS 구분·종류 규칙,medium
BR2005-0000281,TG03,FMS 구분·종류 규칙,medium
BR2005-0000281,TG25,FMS 구분·종류 규칙,medium
BR2005-0000282,TG03,FMS 구분·종류 규칙,medium
BR2005-0000282,TG25,FMS 구분·종류 규칙,medium
BR2005-0000283,TG03,FMS 구분·종류 규칙,medium
BR2005-0000283,TG25,FMS 구분·종류 규칙,medium
BR2005-0000637,TG03,FMS 구분·종류 규칙,medium
BR2005-0000637,TG25,FMS 구분·종류 규칙,medium
BR2005-0000638,TG03,FMS 구분·종류 규칙,medium
BR2005-0000638,TG25,FMS 구분·종류 규칙,medium
BR2005-0000639,TG03,FMS 구분·종류 규칙,medium
BR2005-0000639,TG25,FMS 구분·종류 규칙,medium
BR2005-0000717,TG03,FMS 구분·종류 규칙,medium
BR2005-0000717,TG25,FMS 구분·종류 규칙,medium
BR2006-0000127,TG03,FMS 구분·종류 규칙,medium
BR2006-0000127,TG25,FMS 구분·종류 규칙,medium
BR2006-0000128,TG03,FMS 구분·종류 규칙,medium
BR2006-0000128,TG25,FMS 구분·종류 규칙,medium
BR2006-0000743,TG03,FMS 구분·종류 규칙,medium
BR2006-0000743,TG25,FMS 구분·종류 규칙,medium
BR2006-0000827,TG03,FMS 구분·종류 규칙,medium
BR2006-0000827,TG25,FMS 구분·종류 규칙,medium
BR2007-0000723,TG03,FMS 구분·종류 규칙,medium
BR2007-0000723,TG25,FMS 구분·종류 규칙,medium
BR2007-0000724,TG03,FMS 구분·종류 규칙,medium
BR2007-0000724,TG25,FMS 구분·종류 규칙,medium
BR2007-0000725,TG03,FMS 구분·종류 규칙,medium
BR2007-0000725,TG25,FMS 구분·종류 규칙,medium
BR2007-0000726,TG03,FMS 구분·종류 규칙,medium
BR2007-0000726,TG25,FMS 구분·종류 규칙,medium
BR2008-0000456,TG03,FMS 구분·종류 규칙,medium
BR2008-0000456,TG25,FMS 구분·종류 규칙,medium
BR2008-0000457,TG03,FMS 구분·종류 규칙,medium
BR2008-0000457,TG25,FMS 구분·종류 규칙,medium
BR2008-0000636,TG03,FMS 구분·종류 규칙,medium
BR2008-0000636,TG25,FMS 구분·종류 규칙,medium
BR2008-0000700,TG03,FMS 구분·종류 규칙,medium
BR2008-0000700,TG25,FMS 구분·종류 규칙,medium
BR2008-0001067,TG03,FMS 구분·종류 규칙,medium
BR2008-0001067,TG25,FMS 구분·종류 규칙,medium
BR2008-0001312,TG03,FMS 구분·종류 규칙,medium
BR2008-0001312,TG25,FMS 구분·종류 규칙,medium
BR2008-0001313,TG03,FMS 구분·종류 규칙,medium
BR2008-0001313,TG25,FMS 구분·종류 규칙,medium
BR2008-0001314,TG03,FMS 구분·종류 규칙,medium
BR2008-0001314,TG25,FMS 구분·종류 규칙,medium
BR2008-0001315,TG03,FMS 구분·종류 규칙,medium
BR2008-0001315,TG25,FMS 구분·종류 규칙,medium
BR2009-0000178,TG03,FMS 구분·종류 규칙,medium
BR2009-0000178,TG25,FMS 구분·종류 규칙,medium
BR2009-0000427,TG03,FMS 구분·종류 규칙,medium
BR2009-0000427,TG25,FMS 구분·종류 규칙,medium
BR2009-0000429,TG03,FMS 구분·종류 규칙,medium
BR2009-0000429,TG25,FMS 구분·종류 규칙,medium
BR2009-0000430,TG03,FMS 구분·종류 규칙,medium
BR2009-0000430,TG25,FMS 구분·종류 규칙,medium
BR2009-0000597,TG03,FMS 구분·종류 규칙,medium
BR2009-0000597,TG25,FMS 구분·종류 규칙,medium
BR2009-0000598,TG03,FMS 구분·종류 규칙,medium
BR2009-0000598,TG25,FMS 구분·종류 규칙,medium
BR2009-0000599,TG03,FMS 구분·종류 규칙,medium
BR2009-0000599,TG25,FMS 구분·종류 규칙,medium
BR2009-0000600,TG03,FMS 구분·종류 규칙,medium
BR2009-0000600,TG25,FMS 구분·종류 규칙,medium
BR2009-0000601,TG03,FMS 구분·종류 규칙,medium
BR2009-0000601,TG25,FMS 구분·종류 규칙,medium
BR2010-0000471,TG03,FMS 구분·종류 규칙,medium
BR2010-0000471,TG25,FMS 구분·종류 규칙,medium
BR2011-0001084,TG03,FMS 구분·종류 규칙,medium
BR2011-0001084,TG25,FMS 구분·종류 규칙,medium
BR2012-0000256,TG03,FMS 구분·종류 규칙,medium
BR2012-0000256,TG25,FMS 구분·종류 규칙,medium
BR2013-0000007,TG03,FMS 구분·종류 규칙,medium
BR2013-0000007,TG25,FMS 구분·종류 규칙,medium
BR2013-0000008,TG03,FMS 구분·종류 규칙,medium
BR2013-0000008,TG25,FMS 구분·종류 규칙,medium
BR2013-0000319,TG03,FMS 구분·종류 규칙,medium
BR2013-0000319,TG25,FMS 구분·종류 규칙,medium
BR2013-0000320,TG03,FMS 구분·종류 규칙,medium
BR2013-0000320,TG25,FMS 구분·종류 규칙,medium
BR2013-0000652,TG03,FMS 구분·종류 규칙,medium
BR2013-0000652,TG25,FMS 구분·종류 규칙,medium
BR2013-0000653,TG03,FMS 구분·종류 규칙,medium
BR2013-0000653,TG25,FMS 구분·종류 규칙,medium
BR2015-0000118,TG03,FMS 구분·종류 규칙,medium
BR2015-0000118,TG25,FMS 구분·종류 규칙,medium
BR2015-0000119,TG03,FMS 구분·종류 규칙,medium
BR2015-0000119,TG25,FMS 구분·종류 규칙,medium
BR2019-0000041,TG03,FMS 구분·종류 규칙,medium
BR2019-0000041,TG25,FMS 구분·종류 규칙,medium
BR2019-0000061,TG03,FMS 구분·종류 규칙,medium
BR2019-0000061,TG25,FMS 구분·종류 규칙,medium
BR2019-0000062,TG03,FMS 구분·종류 규칙,medium
BR2019-0000062,TG25,FMS 구분·종류 규칙,medium
BR2019-0000063,TG03,FMS 구분·종류 규칙,medium
BR2019-0000063,TG25,FMS 구분·종류 규칙,medium
BR2019-0000064,TG03,FMS 구분·종류 규칙,medium
BR2019-0000064,TG25,FMS 구분·종류 규칙,medium
BR2019-0000065,TG03,FMS 구분·종류 규칙,medium
BR2019-0000065,TG25,FMS 구분·종류 규칙,medium
BR2019-0000066,TG03,FMS 구분·종류 규칙,medium
BR2019-0000066,TG25,FMS 구분·종류 규칙,medium
BR2019-0000067,TG03,FMS 구분·종류 규칙,medium
BR2019-0000067,TG25,FMS 구분·종류 규칙,medium
BR2019-0000068,TG03,FMS 구분·종류 규칙,medium
BR2019-0000068,TG25,FMS 구분·종류 규칙,medium
BR2019-0000069,TG03,FMS 구분·종류 규칙,medium
BR2019-0000069,TG25,FMS 구분·종류 규칙,medium
BR2019-0000070,TG03,FMS 구분·종류 규칙,medium
BR2019-0000070,TG25,FMS 구분·종류 규칙,medium
BR2020-0000150,TG03,FMS 구분·종류 규칙,medium
BR2020-0000150,TG25,FMS 구분·종류 규칙,medium
CS1960-0000004,TG03,FMS 구분·종류 규칙,medium
CS1960-0000004,TG25,FMS 구분·종류 규칙,medium
CS1999-0000001,TG03,FMS 구분·종류 규칙,medium
CS1999-0000001,TG25,FMS 구분·종류 규칙,medium
CS2004-0000197,TG03,FMS 구분·종류 규칙,medium
CS2004-0000197,TG25,FMS 구분·종류 규칙,medium
CS2010-0000007,TG03,FMS 구분·종류 규칙,medium
CS2010-0000007,TG25,FMS 구분·종류 규칙,medium
RW2002-0000002,TG03,FMS 구분·종류 규칙,medium
RW2002-0000002,TG05,FMS 구분·종류 규칙,medium
RW2002-0000002,TG25,FMS 구분·종류 규칙,medium
RW2005-0000071,TG03,FMS 구분·종류 규칙,medium
RW2005-0000071,TG05,FMS 구분·종류 규칙,medium
RW2005-0000071,TG25,FMS 구분·종류 규칙,medium
RW2006-0000050,TG03,FMS 구분·종류 규칙,medium
RW2006-0000050,TG05,FMS 구분·종류 규칙,medium
RW2006-0000050,TG25,FMS 구분·종류 규칙,medium
RW2006-0000051,TG03,FMS 구분·종류 규칙,medium
RW2006-0000051,TG05,FMS 구분·종류 규칙,medium
RW2006-0000051,TG25,FMS 구분·종류 규칙,medium
RW2007-0000127,TG03,FMS 구분·종류 규칙,medium
RW2007-0000127,TG05,FMS 구분·종류 규칙,medium
RW2007-0000127,TG25,FMS 구분·종류 규칙,medium
RW2008-0000019,TG03,FMS 구분·종류 규칙,medium
RW2008-0000019,TG05,FMS 구분·종류 규칙,medium
RW2008-0000019,TG25,FMS 구분·종류 규칙,medium
RW2008-0000077,TG03,FMS 구분·종류 규칙,medium
RW2008-0000077,TG05,FMS 구분·종류 규칙,medium
RW2008-0000077,TG25,FMS 구분·종류 규칙,medium
RW2008-0000173,TG05,FMS 구분·종류 규칙,medium
RW2008-0000173,TG25,FMS 구분·종류 규칙,medium
RW2008-0000175,TG03,FMS 구분·종류 규칙,medium
RW2008-0000175,TG05,FMS 구분·종류 규칙,medium
RW2008-0000175,TG25,FMS 구분·종류 규칙,medium
RW2008-0000176,TG03,FMS 구분·종류 규칙,medium
RW2008-0000176,TG05,FMS 구분·종류 규칙,medium
RW2008-0000176,TG25,FMS 구분·종류 규칙,medium
RW2010-0000078,TG03,FMS 구분·종류 규칙,medium
RW2010-0000078,TG05,FMS 구분·종류 규칙,medium
RW2010-0000078,TG25,FMS 구분·종류 규칙,medium
RW2010-0000079,TG03,FMS 구분·종류 규칙,medium
RW2010-0000079,TG05,FMS 구분·종류 규칙,medium
RW2010-0000079,TG25,FMS 구분·종류 규칙,medium
RW2010-0000080,TG03,FMS 구분·종류 규칙,medium
RW2010-0000080,TG05,FMS 구분·종류 규칙,medium
RW2010-0000080,TG25,FMS 구분·종류 규칙,medium
RW2011-0000080,TG03,FMS 구분·종류 규칙,medium
RW2011-0000080,TG05,FMS 구분·종류 규칙,medium
RW2011-0000080,TG25,FMS 구분·종류 규칙,medium
RW2012-0000001,TG03,FMS 구분·종류 규칙,medium
RW2012-0000001,TG05,FMS 구분·종류 규칙,medium
RW2012-0000001,TG25,FMS 구분·종류 규칙,medium
RW2012-0000123,TG03,FMS 구분·종류 규칙,medium
RW2012-0000123,TG05,FMS 구분·종류 규칙,medium
RW2012-0000123,TG25,FMS 구분·종류 규칙,medium
RW2013-0000137,TG05,FMS 구분·종류 규칙,medium
RW2013-0000137,TG13,FMS 구분·종류 규칙,medium
RW2013-0000137,TG25,FMS 구분·종류 규칙,medium
RW2017-0000261,TG05,FMS 구분·종류 규칙,medium
RW2017-0000261,TG13,FMS 구분·종류 규칙,medium
RW2017-0000261,TG25,FMS 구분·종류 규칙,medium
RW2019-0000031,TG03,FMS 구분·종류 규칙,medium
RW2019-0000031,TG05,FMS 구분·종류 규칙,medium
RW2019-0000031,TG25,FMS 구분·종류 규칙,medium
RW2019-0000032,TG03,FMS 구분·종류 규칙,medium
RW2019-0000032,TG05,FMS 구분·종류 규칙,medium
RW2019-0000032,TG25,FMS 구분·종류 규칙,medium
RW2019-0000033,TG03,FMS 구분·종류 규칙,medium
RW2019-0000033,TG05,FMS 구분·종류 규칙,medium
RW2019-0000033,TG25,FMS 구분·종류 규칙,medium
RW2019-0000034,TG03,FMS 구분·종류 규칙,medium
RW2019-0000034,TG05,FMS 구분·종류 규칙,medium
RW2019-0000034,TG25,FMS 구분·종류 규칙,medium
RW2019-0000035,TG03,FMS 구분·종류 규칙,medium
RW2019-0000035,TG05,FMS 구분·종류 규칙,medium
RW2019-0000035,TG25,FMS 구분·종류 규칙,medium
RW2019-0000037,TG03,FMS 구분·종류 규칙,medium
RW2019-0000037,TG05,FMS 구분·종류 규칙,medium
RW2019-0000037,TG25,FMS 구분·종류 규칙,medium
RW2019-0000059,TG03,FMS 구분·종류 규칙,medium
RW2019-0000059,TG05,FMS 구분·종류 규칙,medium
RW2019-0000059,TG25,FMS 구분·종류 규칙,medium
RW2019-0000060,TG03,FMS 구분·종류 규칙,medium
RW2019-0000060,TG05,FMS 구분·종류 규칙,medium
RW2019-0000060,TG25,FMS 구분·종류 규칙,medium
RW2019-0000061,TG03,FMS 구분·종류 규칙,medium
RW2019-0000061,TG05,FMS 구분·종류 규칙,medium
RW2019-0000061,TG25,FMS 구분·종류 규칙,medium
RW2020-0000152,TG05,FMS 구분·종류 규칙,medium
RW2020-0000152,TG25,FMS 구분·종류 규칙,medium
RW2020-0000153,TG05,FMS 구분·종류 규칙,medium
RW2020-0000153,TG25,FMS 구분·종류 규칙,medium
RW2020-0000154,TG05,FMS 구분·종류 규칙,medium
RW2020-0000154,TG25,FMS 구분·종류 규칙,medium
RW2020-0000155,TG05,FMS 구분·종류 규칙,medium
RW2020-0000155,TG25,FMS 구분·종류 규칙,medium
ST2005-0000048,TG01,FMS 구분·종류 규칙,medium
ST2005-0000048,TG25,FMS 구분·종류 규칙,medium
ST2005-0000049,TG01,FMS 구분·종류 규칙,medium
ST2005-0000049,TG25,FMS 구분·종류 규칙,medium
ST2009-0000031,TG01,FMS 구분·종류 규칙,medium
ST2009-0000031,TG25,FMS 구분·종류 규칙,medium
ST2010-0000022,TG01,FMS 구분·종류 규칙,medium
ST2010-0000022,TG25,FMS 구분·종류 규칙,medium
ST2010-0000023,TG01,FMS 구분·종류 규칙,medium
ST2010-0000023,TG25,FMS 구분·종류 규칙,medium
ST2010-0000024,TG01,FMS 구분·종류 규칙,medium
ST2010-0000024,TG25,FMS 구분·종류 규칙,medium
ST2010-0000025,TG01,FMS 구분·종류 규칙,medium
ST2010-0000025,TG25,FMS 구분·종류 규칙,medium
ST2010-0000026,TG01,FMS 구분·종류 규칙,medium
ST2010-0000026,TG25,FMS 구분·종류 규칙,medium
ST2010-0000027,TG01,FMS 구분·종류 규칙,medium
ST2010-0000027,TG25,FMS 구분·종류 규칙,medium
ST2010-0000028,TG01,FMS 구분·종류 규칙,medium
ST2010-0000028,TG25,FMS 구분·종류 규칙,medium
ST2010-0000029,TG01,FMS 구분·종류 규칙,medium
ST2010-0000029,TG25,FMS 구분·종류 규칙,medium
ST2010-0000030,TG01,FMS 구분·종류 규칙,medium
ST2010-0000030,TG25,FMS 구분·종류 규칙,medium
ST2010-0000031,TG01,FMS 구분·종류 규칙,medium
ST2010-0000031,TG25,FMS 구분·종류 규칙,medium
ST2010-0000032,TG01,FMS 구분·종류 규칙,medium
ST2010-0000032,TG25,FMS 구분·종류 규칙,medium
ST2014-0000006,TG01,FMS 구분·종류 규칙,medium
ST2014-0000006,TG25,FMS 구분·종류 규칙,medium
ST2018-0000019,TG01,FMS 구분·종류 규칙,medium
ST2018-0000019,TG25,FMS 구분·종류 규칙,medium
ST2019-0000005,TG01,FMS 구분·종류 규칙,medium
ST2019-0000005,TG25,FMS 구분·종류 규칙,medium
TU2006-0000031,TG03,FMS 구분·종류 규칙,medium
TU2006-0000031,TG25,FMS 구분·종류 규칙,medium
TU2006-0000032,TG03,FMS 구분·종류 규칙,medium
TU2006-0000032,TG25,FMS 구분·종류 규칙,medium
TU2007-0000147,TG03,FMS 구분·종류 규칙,medium
TU2007-0000147,TG25,FMS 구분·종류 규칙,medium
TU2009-0000101,TG03,FMS 구분·종류 규칙,medium
TU2009-0000101,TG25,FMS 구분·종류 규칙,medium
TU2009-0000102,TG03,FMS 구분·종류 규칙,medium
TU2009-0000102,TG25,FMS 구분·종류 규칙,medium
TU2009-0000143,TG03,FMS 구분·종류 규칙,medium
TU2009-0000143,TG25,FMS 구분·종류 규칙,medium
TU2009-0000144,TG03,FMS 구분·종류 규칙,medium
TU2009-0000144,TG25,FMS 구분·종류 규칙,medium
TU2009-0000243,TG03,FMS 구분·종류 규칙,medium
TU2009-0000243,TG25,FMS 구분·종류 규칙,medium
TU2009-0000247,TG03,FMS 구분·종류 규칙,medium
TU2009-0000247,TG25,FMS 구분·종류 규칙,medium
TU2011-0000221,TG03,FMS 구분·종류 규칙,medium
TU2011-0000221,TG25,FMS 구분·종류 규칙,medium
TU2011-0000222,TG03,FMS 구분·종류 규칙,medium
TU2011-0000222,TG25,FMS 구분·종류 규칙,medium
TU2011-0000223,TG03,FMS 구분·종류 규칙,medium
TU2011-0000223,TG25,FMS 구분·종류 규칙,medium
TU2013-0000002,TG03,FMS 구분·종류 규칙,medium
TU2013-0000002,TG25,FMS 구분·종류 규칙,medium
TU2013-0000003,TG03,FMS 구분·종류 규칙,medium
TU2013-0000003,TG25,FMS 구분·종류 규칙,medium
TU2015-0000033,TG03,FMS 구분·종류 규칙,medium
TU2015-0000033,TG25,FMS 구분·종류 규칙,medium
TU2015-0000034,TG03,FMS 구분·종류 규칙,medium
TU2015-0000034,TG25,FMS 구분·종류 규칙,medium
TU2019-0000023,TG03,FMS 구분·종류 규칙,medium
TU2019-0000023,TG25,FMS 구분·종류 규칙,medium
WS1991-0000015,TG01,FMS 구분·종류 규칙,medium
WS1991-0000015,TG25,FMS 구분·종류 규칙,medium
WS1991-0000016,TG01,FMS 구분·종류 규칙,medium
WS1991-0000016,TG25,FMS 구분·종류 규칙,medium
WS1991-0000019,TG01,FMS 구분·종류 규칙,medium
WS1991-0000019,TG25,FMS 구분·종류 규칙,medium
WS2003-0000053,TG01,FMS 구분·종류 규칙,medium
WS2003-0000053,TG25,FMS 구분·종류 규칙,medium
WS2005-0000091,TG01,FMS 구분·종류 규칙,medium
WS2005-0000091,TG25,FMS 구분·종류 규칙,medium
WS2006-0000016,TG01,FMS 구분·종류 규칙,medium
WS2006-0000016,TG25,FMS 구분·종류 규칙,medium
WS2009-0000054,TG01,FMS 구분·종류 규칙,medium
WS2009-0000054,TG25,FMS 구분·종류 규칙,medium
WS2012-0000006,TG01,FMS 구분·종류 규칙,medium
WS2012-0000006,TG25,FMS 구분·종류 규칙,medium
WS2013-0000050,TG01,FMS 구분·종류 규칙,medium
WS2013-0000050,TG25,FMS 구분·종류 규칙,medium
WS2013-0000051,TG01,FMS 구분·종류 규칙,medium
WS2013-0000051,TG25,FMS 구분·종류 규칙,medium
WS2018-0000041,TG01,FMS 구분·종류 규칙,medium
WS2018-0000041,TG25,FMS 구분·종류 규칙,medium
RS-YI-0001,TG04,저수지·댐법 관리 저수지(공공데이터 · 용인시 관리),high
RS-YI-0002,TG04,저수지·댐법 관리 저수지(공공데이터 · 용인시 관리),high
RS-YI-0003,TG04,저수지·댐법 관리 저수지(공공데이터 · 용인시 관리),high
RS-YI-0004,TG04,저수지·댐법 관리 저수지(공공데이터 · 용인시 관리),high
RS-YI-0005,TG04,저수지·댐법 관리 저수지(공공데이터 · 용인시 관리),high
RS-YI-0006,TG04,저수지·댐법 관리 저수지(공공데이터 · 용인시 관리),high
RS-YI-0007,TG04,저수지·댐법 관리 저수지(공공데이터 · 용인시 관리),high
RS-YI-0008,TG04,저수지·댐법 관리 저수지(공공데이터 · 용인시 관리),high
RS-YI-0009,TG04,저수지·댐법 관리 저수지(공공데이터 · 용인시 관리),high
RS-YI-0010,TG04,저수지·댐법 관리 저수지(공공데이터 · 용인시 관리),high
RS-YI-0011,TG04,저수지·댐법 관리 저수지(공공데이터 · 용인시 관리),high
RS-YI-0012,TG04,저수지·댐법 관리 저수지(공공데이터 · 용인시 관리),high
RS-YI-0013,TG04,저수지·댐법 관리 저수지(공공데이터 · 용인시 관리),high
RS-YI-0014,TG04,저수지·댐법 관리 저수지(공공데이터 · 용인시 관리),high
RS-YI-0015,TG04,저수지·댐법 관리 저수지(공공데이터 · 용인시 관리),high
RS-YI-0016,TG04,저수지·댐법 관리 저수지(공공데이터 · 용인시 관리),high
RS-YI-0017,TG04,저수지·댐법 관리 저수지(공공데이터 · 용인시 관리),high
RS-YI-0018,TG04,저수지·댐법 관리 저수지(공공데이터 · 용인시 관리),high
RS-YI-0019,TG04,저수지·댐법 관리 저수지(공공데이터 · 용인시 관리),high
RS-YI-0020,TG04,저수지·댐법 관리 저수지(공공데이터 · 용인시 관리),high
RS-YI-0021,TG04,저수지·댐법 관리 저수지(공공데이터 · 용인시 관리),high
RS-YI-0022,TG04,저수지·댐법 관리 저수지(공공데이터 · 용인시 관리),high
RS-YI-0023,TG04,저수지·댐법 관리 저수지(공공데이터 · 용인시 관리),high
RS-YI-0024,TG04,저수지·댐법 관리 저수지(공공데이터 · 용인시 관리),high
RS-YI-0025,TG04,저수지·댐법 관리 저수지(공공데이터 · 용인시 관리),high
RS-YI-0026,TG04,저수지·댐법 관리 저수지(공공데이터 · 용인시 관리),high
RS-YI-0027,TG04,저수지·댐법 관리 저수지(공공데이터 · 용인시 관리),high
RS-YI-0028,TG04,저수지·댐법 관리 저수지(공공데이터 · 용인시 관리),high
RS-YI-0029,TG04,저수지·댐법 관리 저수지(공공데이터 · 용인시 관리),high
RS-YI-0030,TG04,저수지·댐법 관리 저수지(공공데이터 · 용인시 관리),high
RS-YI-0031,TG04,저수지·댐법 관리 저수지(공공데이터 · 용인시 관리),high
RS-YI-0032,TG04,저수지·댐법 관리 저수지(공공데이터 · 용인시 관리),high
RS-YI-0033,TG04,저수지·댐법 관리 저수지(공공데이터 · 용인시 관리),high
RS-YI-0034,TG04,저수지·댐법 관리 저수지(공공데이터 · 용인시 관리),high
RS-YI-0035,TG04,저수지·댐법 관리 저수지(공공데이터 · 용인시 관리),high
RS-YI-0036,TG04,저수지·댐법 관리 저수지(공공데이터 · 용인시 관리),high
RS-YI-0037,TG04,저수지·댐법 관리 저수지(공공데이터 · 용인시 관리),high
RS-YI-0038,TG04,저수지·댐법 관리 저수지(공공데이터 · 용인시 관리),high
RS-YI-0039,TG04,저수지·댐법 관리 저수지(공공데이터 · 용인시 관리),high
RS-YI-0040,TG04,저수지·댐법 관리 저수지(공공데이터 · 용인시 관리),high
RS-YI-0041,TG04,저수지·댐법 관리 저수지(공공데이터 · 용인시 관리),high
RS-YI-0042,TG04,저수지·댐법 관리 저수지(공공데이터 · 용인시 관리),high
RS-YI-0043,TG04,저수지·댐법 관리 저수지(공공데이터 · 용인시 관리),high
RS-YI-0044,TG04,저수지·댐법 관리 저수지(공공데이터 · 용인시 관리),high
RS-YI-0045,TG04,저수지·댐법 관리 저수지(공공데이터 · 용인시 관리),high
RS-YI-0046,TG04,저수지·댐법 관리 저수지(공공데이터 · 용인시 관리),high
RS-YI-0047,TG04,저수지·댐법 관리 저수지(공공데이터 · 용인시 관리),high
RS-YI-0048,TG04,저수지·댐법 관리 저수지(공공데이터 · 용인시 관리),high
