contract_id,contract_name,counterpart,asset_id,dept_id,contract_type,start_date,end_date,amount,safety_clause,evaluation_done,contract_method,trade,safety_cost,worker_cnt,subcontract,eval_score,eval_date,manager_staff_id,manager_phone,work_start_date,main_task,work_place,vendor_rep_role,vendor_safety_role,vendor_contact_on_file,vendor_doc_status,regular_workers,attachments,entrust_type,apply_frame,civil_scope,civil_basis,ctl_own,ctl_lease,ctl_repair,ctl_command,ctl_vendor_site,control_result,control_basis,control_confirmed_at,control_confirmed_by,work_risk,eval_pass_mark,eval_detail,proc_stage,order_at,contract_at,completed_at,settled_at,cost_planned,cost_settled,note
CTR-0001,2026년 시도 포장보수 공사(처인구),모현건설(주),,D03,공사,2026-07-08,2027-06-03,1280000000,안전보건 확보 조항 있음,Y,수의계약(2인견적),토목,28844876,24,Y,69,2026-08-04,SD03-1,031-324-2030,2026-07-12,파손 포장 절삭·덧씌우기 및 포트홀 보수,처인구 관내 시도 구간,현장대리인,안전담당(현장대리인 겸직),Y,제출됨,70,계약서 · 설계서·내역서 · 안전관리계획서 · 산업안전보건관리비 사용계획서,도급,산업,확인 필요,시설 관련 업무이나 계약에 시설이 특정되지 않음 — 공중이용시설(시행령 별표2·3) 해당 여부를 확인해야 합니다,Y,N,Y,Y,N,해당,시 소유 시설(처인구 관내 시도 구간)에서 수행 · 보수·보강은 시 예산 · 작업 중지·시정 지시 가능,,,위험장소,75,,이행,2026-05-27,,,,28844876,,예시 데이터(시연용)
CTR-0002,2026년 시도 포장보수 공사(기흥·수지구),석성산토건(주),,D03,공사,2026-07-21,2027-06-16,1540000000,안전보건 확보 조항 있음,Y,협상에 의한 계약,토목,42056751,35,N,81,2026-07-28,SD03-1,031-324-2030,2026-08-03,파손 포장 절삭·덧씌우기 및 포트홀 보수,기흥구·수지구 관내 시도 구간,현장대리인,안전담당(현장대리인 겸직),Y,제출됨,102,계약서 · 설계서·내역서 · 안전관리계획서 · 산업안전보건관리비 사용계획서,도급,산업,확인 필요,시설 관련 업무이나 계약에 시설이 특정되지 않음 — 공중이용시설(시행령 별표2·3) 해당 여부를 확인해야 합니다,Y,N,Y,Y,N,해당,시 소유 시설(기흥구·수지구 관내 시도 구간)에서 수행 · 보수·보강은 시 예산 · 작업 중지·시정 지시 가능,,,위험장소,75,,이행,2026-06-13,,,,42056751,,예시 데이터(시연용)
CTR-0004,2026년 터널 조명·제트팬 개량공사,주식회사 성복건설,TU2011-0000223,D03,공사,2026-07-16,2027-06-11,1120000000,안전보건 확보 조항 있음,Y,제한경쟁입찰,토목,22848024,27,Y,77,2026-07-29,SD03-1,031-324-2030,2026-07-30,터널 조명등 교체 및 제트팬 개량,신봉터널,현장대리인,안전담당(현장대리인 겸직),Y,제출됨,67,계약서 · 설계서·내역서 · 안전관리계획서 · 산업안전보건관리비 사용계획서,도급,산업,확인 필요,자산 신봉터널(TU2011-0000223) 중처법 판정 「검토필요」 시행령 제3조제4호 나목 — 규모·종류 자료를 확인해야 합니다,Y,N,Y,Y,N,해당,시 소유 시설(신봉터널)에서 수행 · 보수·보강은 시 예산 · 작업 중지·시정 지시 가능,,,위험장소,75,,이행,2026-06-03,,,,22848024,,예시 데이터(시연용)
CTR-0007,2026년 소규모 공공시설 안전점검 용역,신갈안전진단(주),,D03,용역,2026-01-15,2026-12-11,42000000,안전보건 확보 조항 있음,N,제한경쟁입찰,안전,,45,N,,,SD03-1,031-324-2030,2026-01-15,안전점검 실시 및 결과 보고,관내 도로·교량·터널 구간,책임기술자,안전담당(책임기술자 겸직),Y,제출됨,83,계약서 · 과업내용서 · 안전보건 작업계획서,용역,산업,확인 필요,시설 관련 업무이나 계약에 시설이 특정되지 않음 — 공중이용시설(시행령 별표2·3) 해당 여부를 확인해야 합니다,Y,N,Y,Y,N,해당,시 소유 시설(관내 도로·교량·터널 구간)에서 수행 · 보수·보강은 시 예산 · 작업 중지·시정 지시 가능,,,위험장소,,,이행,2025-12-22,,,,668000,,예시 데이터(시연용)
CTR-0008,2026년 도로시설물 유지관리 용역(처인구),포곡시설관리(주),,D03,용역,2026-01-09,2026-12-05,670000000,안전보건 확보 조항 없음,Y,제한경쟁입찰,서비스,,35,N,69,2026-02-01,SD03-1,031-324-2030,2026-01-09,시설 정기 점검·보수 및 고장 대응,처인구 관내 시도 구간,현장책임자,안전담당(현장책임자 겸직),Y,제출됨,84,계약서 · 과업내용서,용역,산업,확인 필요,시설 관련 업무이나 계약에 시설이 특정되지 않음 — 공중이용시설(시행령 별표2·3) 해당 여부를 확인해야 합니다,Y,N,Y,Y,N,해당,시 소유 시설(처인구 관내 시도 구간)에서 수행 · 보수·보강은 시 예산 · 작업 중지·시정 지시 가능,,,위험장소,75,,이행,2025-12-08,,,,11480000,,예시 데이터(시연용)
CTR-0009,2026년 도로시설물 유지관리 용역(기흥구),백암서비스㈜,,D03,용역,2026-01-28,2026-12-24,710000000,안전보건 확보 조항 있음,Y,제한경쟁입찰,서비스,,11,N,89,2026-03-09,SD03-1,031-324-2030,2026-01-28,시설 정기 점검·보수 및 고장 대응,관내 도로·교량·터널 구간,현장책임자,안전담당(현장책임자 겸직),Y,제출됨,23,계약서 · 과업내용서 · 안전보건 작업계획서,용역,산업,확인 필요,시설 관련 업무이나 계약에 시설이 특정되지 않음 — 공중이용시설(시행령 별표2·3) 해당 여부를 확인해야 합니다,Y,N,Y,Y,N,해당,시 소유 시설(관내 도로·교량·터널 구간)에서 수행 · 보수·보강은 시 예산 · 작업 중지·시정 지시 가능,,,위험장소,75,,이행,2026-01-01,,,,12690000,,예시 데이터(시연용)
CTR-0010,2026년 겨울철 제설 대행 용역,주식회사 용인산업,,D03,용역,2026-03-24,2027-02-17,580000000,안전보건 확보 조항 있음,Y,제한경쟁입찰,서비스,,4,N,89,2026-04-22,SD03-1,031-324-2030,2026-03-24,제설제 살포·제설장비 운영,관내 제설 담당 노선,현장책임자,안전담당(현장책임자 겸직),Y,제출됨,8,계약서 · 과업내용서 · 안전보건 작업계획서,용역,산업,해당 없음,공중이용시설·공중교통수단의 운영·관리 업무가 아님,Y,N,Y,Y,N,해당,시 소유 시설(관내 제설 담당 노선)에서 수행 · 보수·보강은 시 예산 · 작업 중지·시정 지시 가능,,,위험장소,75,,이행,2026-02-21,,,,7610000,,예시 데이터(시연용)
CTR-0011,2026년 도로 가로등·보안등 정비공사,역북전력기술,,D03,공사,2026-04-10,2027-03-06,450000000,안전보건 확보 조항 있음,Y,수의계약(2인견적),전기,13357822,24,Y,89,2026-05-20,SD03-1,031-324-2030,2026-04-24,가로등·보안등 교체 및 배선 정비,관내 도로·교량·터널 구간,현장대리인,안전담당(현장대리인 겸직),Y,제출됨,66,계약서 · 설계서·내역서 · 안전관리계획서 · 산업안전보건관리비 사용계획서,도급,산업,확인 필요,시설 관련 업무이나 계약에 시설이 특정되지 않음 — 공중이용시설(시행령 별표2·3) 해당 여부를 확인해야 합니다,Y,N,Y,Y,N,해당,시 소유 시설(관내 도로·교량·터널 구간)에서 수행 · 보수·보강은 시 예산 · 작업 중지·시정 지시 가능,,,위험장소,75,,이행,2026-03-19,,,,13357822,,예시 데이터(시연용)
CTR-0012,2026년 도로 CCTV·전광판 유지관리 용역,동백시스템(주),,D03,용역,2026-07-12,2027-06-07,230000000,안전보건 확보 조항 있음,Y,협상에 의한 계약,정보,,32,N,91,2026-08-07,SD03-1,031-324-2030,2026-07-12,CCTV·전광판 점검 및 장애 대응,관내 도로·교량·터널 구간,책임기술자,안전담당(책임기술자 겸직),Y,제출됨,71,계약서 · 과업내용서 · 안전보건 작업계획서,용역,산업,확인 필요,시설 관련 업무이나 계약에 시설이 특정되지 않음 — 공중이용시설(시행령 별표2·3) 해당 여부를 확인해야 합니다,Y,N,Y,Y,N,해당,시 소유 시설(관내 도로·교량·터널 구간)에서 수행 · 보수·보강은 시 예산 · 작업 중지·시정 지시 가능,,,위험장소,75,,이행,2026-06-07,,,,1910000,,예시 데이터(시연용)
CTR-0013,2026년 노후 상수관로 교체공사(1공구),이동종합건설(주),,D04,공사,2026-05-16,2027-04-11,2890000000,안전보건 확보 조항 있음,Y,제한경쟁입찰,토목,52576120,45,Y,71,2026-06-09,SD04-1,031-324-2040,2026-05-22,노후 상수관 굴착·교체 및 도로 복구,정수장·가압장·배수지 및 상수관로 구간,현장대리인,안전관리자,Y,제출됨,116,계약서 · 설계서·내역서 · 안전관리계획서 · 산업안전보건관리비 사용계획서,도급,산업,확인 필요,시설 관련 업무이나 계약에 시설이 특정되지 않음 — 공중이용시설(시행령 별표2·3) 해당 여부를 확인해야 합니다,Y,N,Y,Y,N,해당,시 소유 시설(정수장·가압장·배수지 및 상수관로 구간)에서 수행 · 보수·보강은 시 예산 · 작업 중지·시정 지시 가능,,,위험장소,75,,이행,2026-04-04,,,,52576120,,예시 데이터(시연용)
CTR-0014,2026년 노후 상수관로 교체공사(2공구),양지건영(주),,D04,공사,2026-06-15,2027-05-11,2460000000,안전보건 확보 조항 있음,N,제한경쟁입찰,토목,66779732,3,N,,,SD04-1,031-324-2040,2026-06-18,노후 상수관 굴착·교체 및 도로 복구,정수장·가압장·배수지 및 상수관로 구간,현장대리인,안전관리자,Y,제출됨,10,계약서 · 설계서·내역서 · 안전관리계획서 · 산업안전보건관리비 사용계획서,도급,산업,확인 필요,시설 관련 업무이나 계약에 시설이 특정되지 않음 — 공중이용시설(시행령 별표2·3) 해당 여부를 확인해야 합니다,Y,N,Y,Y,N,해당,시 소유 시설(정수장·가압장·배수지 및 상수관로 구간)에서 수행 · 보수·보강은 시 예산 · 작업 중지·시정 지시 가능,,,위험장소,,,이행,2026-05-03,,,,66779732,,예시 데이터(시연용)
CTR-0015,2026~2027년 정수장 약품 운반·투입 위탁,포곡환경산업㈜,,D04,위탁,2026-04-28,2028-04-17,740000000,안전보건 확보 조항 있음,Y,제한경쟁입찰,환경,,41,N,85,2026-05-20,SD04-1,031-324-2040,2026-04-28,정수 약품 운반·저장·투입,정수장,운영책임자,안전담당(운영책임자 겸직),Y,제출됨,124,위탁협약서 · 운영계획서 · 안전보건관리계획서,민간위탁,산업,확인 필요,시설 관련 업무이나 계약에 시설이 특정되지 않음 — 공중이용시설(시행령 별표2·3) 해당 여부를 확인해야 합니다,Y,N,Y,Y,N,해당,시 소유 시설(정수장)에서 수행 · 보수·보강은 시 예산 · 작업 중지·시정 지시 가능,,,화재·폭발·밀폐,75,,이행,2026-03-26,,,,10730000,,예시 데이터(시연용)
CTR-0016,2026년 수질검사 대행 용역,주식회사 기흥이엔브이,,D04,용역,2026-02-08,2027-01-04,180000000,안전보건 확보 조항 있음,Y,협상에 의한 계약,환경,,45,N,96,2026-02-19,SD04-1,031-324-2040,2026-02-08,수질 시료 채취 및 검사 대행,정수장·가압장·배수지 및 상수관로 구간,현장책임자,안전담당(현장책임자 겸직),Y,제출됨,99,계약서 · 과업내용서 · 안전보건 작업계획서,용역,산업,확인 필요,시설 관련 업무이나 계약에 시설이 특정되지 않음 — 공중이용시설(시행령 별표2·3) 해당 여부를 확인해야 합니다,Y,N,Y,Y,Y,확인 필요,수질검사는 수급인 검사실에서 함(시료 채취만 시 시설) — 시 시설에서 하는 작업과 수급인 시설에서 하는 작업을 나눠 판단해야 합니다,,,화재·폭발·밀폐,75,,이행,2025-12-28,,,,2880000,,예시 데이터(시연용)
CTR-0017,2026년 가압장 펌프·전동기 교체공사,처인테크,,D04,공사,2026-07-22,2027-06-17,930000000,안전보건 확보 조항 있음,Y,일반경쟁입찰,기계,27255859,43,N,81,2026-07-31,SD04-1,031-324-2040,2026-07-31,펌프·전동기 교체 및 시운전,가압장,현장대리인,안전담당(현장대리인 겸직),Y,제출됨,87,계약서 · 설계서·내역서 · 안전관리계획서 · 산업안전보건관리비 사용계획서,도급,산업,확인 필요,시설 관련 업무이나 계약에 시설이 특정되지 않음 — 공중이용시설(시행령 별표2·3) 해당 여부를 확인해야 합니다,Y,N,Y,Y,N,해당,시 소유 시설(가압장)에서 수행 · 보수·보강은 시 예산 · 작업 중지·시정 지시 가능,,,위험장소,75,,이행,2026-06-28,,,,27255859,,예시 데이터(시연용)
CTR-0018,2026년 배수지 안전점검·청소 용역,석성산안전기술원(주),,D04,용역,2026-01-25,2026-12-21,95000000,안전보건 확보 조항 있음,Y,일반경쟁입찰,안전,,19,N,96,2026-02-05,SD04-1,031-324-2040,2026-01-25,안전점검 실시 및 결과 보고,배수지,책임기술자,안전담당(책임기술자 겸직),Y,제출됨,60,계약서 · 과업내용서 · 안전보건 작업계획서,용역,산업,확인 필요,시설 관련 업무이나 계약에 시설이 특정되지 않음 — 공중이용시설(시행령 별표2·3) 해당 여부를 확인해야 합니다,Y,N,Y,Y,N,해당,시 소유 시설(배수지)에서 수행 · 보수·보강은 시 예산 · 작업 중지·시정 지시 가능,,,위험장소,75,,이행,2026-01-03,,,,1629000,,예시 데이터(시연용)
CTR-0019,2026년 정수장 수배전반 개선공사,용인이엔지(주),,D04,공사,2026-01-12,2026-12-08,610000000,안전보건 확보 조항 있음,Y,일반경쟁입찰,전기,11838507,6,N,84,2026-02-03,SD04-1,031-324-2040,2026-01-19,수배전반 교체 및 전기설비 개선,정수장,현장대리인,안전담당(현장대리인 겸직),Y,미제출,16,계약서 · 설계서·내역서 · 안전관리계획서 · 산업안전보건관리비 사용계획서,도급,산업,확인 필요,시설 관련 업무이나 계약에 시설이 특정되지 않음 — 공중이용시설(시행령 별표2·3) 해당 여부를 확인해야 합니다,Y,N,Y,Y,N,해당,시 소유 시설(정수장)에서 수행 · 보수·보강은 시 예산 · 작업 중지·시정 지시 가능,,,위험장소,75,,이행,2025-12-14,,,,11838507,,예시 데이터(시연용)
CTR-0020,2026년 상수도 원격감시(SCADA) 유지관리,용인시스템(주),,D04,용역,2026-03-08,2027-02-01,210000000,안전보건 확보 조항 없음,N,제한경쟁입찰,정보,,10,N,,,SD04-1,031-324-2040,2026-03-08,시설 정기 점검·보수 및 고장 대응,정수장·가압장·배수지 및 상수관로 구간,책임기술자,안전담당(책임기술자 겸직),Y,제출됨,23,계약서 · 과업내용서,용역,산업,확인 필요,시설 관련 업무이나 계약에 시설이 특정되지 않음 — 공중이용시설(시행령 별표2·3) 해당 여부를 확인해야 합니다,Y,N,Y,Y,N,해당,시 소유 시설(정수장·가압장·배수지 및 상수관로 구간)에서 수행 · 보수·보강은 시 예산 · 작업 중지·시정 지시 가능,,,위험장소,,,이행,2026-01-29,,,,1730000,,예시 데이터(시연용)
CTR-0021,2026년 하수처리장 기계설비 정비공사,석성산설비㈜,,D05,공사,2026-03-08,2027-02-01,1680000000,안전보건 확보 조항 있음,Y,일반경쟁입찰,기계,39159376,33,N,93,2026-04-03,SD05-1,031-324-2050,2026-03-13,처리장 기계설비 정비·교체,공공하수처리시설,현장대리인,안전담당(현장대리인 겸직),Y,제출됨,94,계약서 · 설계서·내역서 · 안전관리계획서 · 산업안전보건관리비 사용계획서,도급,산업,확인 필요,시설 관련 업무이나 계약에 시설이 특정되지 않음 — 공중이용시설(시행령 별표2·3) 해당 여부를 확인해야 합니다,Y,N,Y,Y,N,해당,시 소유 시설(공공하수처리시설)에서 수행 · 보수·보강은 시 예산 · 작업 중지·시정 지시 가능,,,위험장소,75,,이행,2026-01-31,,,,39159376,,예시 데이터(시연용)
CTR-0022,2026년 하수관로 준설·청소 용역,주식회사 석성산환경,,D05,용역,2026-04-11,2027-03-07,920000000,안전보건 확보 조항 없음,Y,수의계약(2인견적),환경,,16,N,89,2026-04-17,SD05-1,031-324-2050,2026-04-11,관로 준설·세정 및 퇴적물 처리,하수관로 구간(맨홀 포함),현장책임자,안전담당(현장책임자 겸직),N,제출됨,27,계약서 · 과업내용서,용역,산업,확인 필요,시설 관련 업무이나 계약에 시설이 특정되지 않음 — 공중이용시설(시행령 별표2·3) 해당 여부를 확인해야 합니다,Y,N,Y,Y,N,해당,시 소유 시설(하수관로 구간(맨홀 포함))에서 수행 · 보수·보강은 시 예산 · 작업 중지·시정 지시 가능,,,화재·폭발·밀폐,75,,이행,2026-03-01,,,,12770000,,예시 데이터(시연용)
CTR-0023,2026년 하수관로 정밀조사 용역,삼가구조안전,,D05,용역,2026-05-08,2027-04-03,340000000,안전보건 확보 조항 있음,Y,수의계약(2인견적),안전,,15,N,83,2026-05-25,SD05-1,031-324-2050,2026-05-08,관로 CCTV 조사 및 결함 평가,하수관로 구간(맨홀 포함),책임기술자,안전담당(책임기술자 겸직),Y,제출됨,23,계약서 · 과업내용서 · 안전보건 작업계획서,용역,산업,확인 필요,시설 관련 업무이나 계약에 시설이 특정되지 않음 — 공중이용시설(시행령 별표2·3) 해당 여부를 확인해야 합니다,Y,N,Y,Y,N,해당,시 소유 시설(하수관로 구간(맨홀 포함))에서 수행 · 보수·보강은 시 예산 · 작업 중지·시정 지시 가능,,,위험장소,75,,이행,2026-04-08,,,,6000000,,예시 데이터(시연용)
CTR-0024,2026~2027년 공공하수처리시설 운영 위탁,원삼환경(주),,D05,위탁,2026-01-18,2028-01-08,14800000000,안전보건 확보 조항 있음,Y,협상에 의한 계약,환경,,23,N,85,2026-02-09,SD05-1,031-324-2050,2026-01-18,시설 운영·유지관리 전반 대행,공공하수처리시설,운영책임자,안전담당(운영책임자 겸직),Y,제출됨,53,위탁협약서 · 운영계획서 · 안전보건관리계획서,민간위탁,산업,확인 필요,시설 관련 업무이나 계약에 시설이 특정되지 않음 — 공중이용시설(시행령 별표2·3) 해당 여부를 확인해야 합니다,Y,N,Y,Y,N,해당,시 소유 시설(공공하수처리시설)에서 수행 · 보수·보강은 시 예산 · 작업 중지·시정 지시 가능,,,화재·폭발·밀폐,75,,이행,2025-12-23,,,,210680000,,예시 데이터(시연용)
CTR-0025,2026년 우수관로 정비공사(침수취약지역),포곡종합건설(주),,D05,공사,2026-07-10,2027-06-05,1370000000,안전보건 확보 조항 있음,Y,협상에 의한 계약,토목,41876166,41,N,73,2026-08-15,SD05-1,031-324-2050,2026-07-20,우수관로 신설·개량 및 도로 복구,하수처리장·하수관로 일원,현장대리인,안전담당(현장대리인 겸직),Y,제출됨,80,계약서 · 설계서·내역서 · 안전관리계획서 · 산업안전보건관리비 사용계획서,도급,산업,확인 필요,시설 관련 업무이나 계약에 시설이 특정되지 않음 — 공중이용시설(시행령 별표2·3) 해당 여부를 확인해야 합니다,Y,N,Y,Y,N,해당,시 소유 시설(하수처리장·하수관로 일원)에서 수행 · 보수·보강은 시 예산 · 작업 중지·시정 지시 가능,,,위험장소,75,,이행,2026-06-14,,,,41876166,,예시 데이터(시연용)
CTR-0026,2026년 밀폐공간 작업 안전관리 용역,용인구조안전(주),,D05,용역,2026-03-10,2027-02-03,54000000,안전보건 확보 조항 없음,Y,협상에 의한 계약,안전,,22,N,83,2026-03-27,SD05-1,031-324-2050,2026-03-10,밀폐공간 작업 전 가스 측정·감시인 배치 등 안전관리,맨홀·저류조 등 밀폐공간,책임기술자,안전담당(책임기술자 겸직),Y,제출됨,53,계약서 · 과업내용서,용역,산업,해당 없음,공중이용시설·공중교통수단의 운영·관리 업무가 아님,Y,N,Y,Y,N,해당,시 소유 시설(맨홀·저류조 등 밀폐공간)에서 수행 · 보수·보강은 시 예산 · 작업 중지·시정 지시 가능,,,위험장소,75,,이행,2026-02-10,,,,958000,,예시 데이터(시연용)
CTR-0029,2026년 승강기 유지관리 용역(책임보전형),상현구조안전,,D09,용역,2026-06-02,2027-04-28,640000000,안전보건 확보 조항 있음,N,협상에 의한 계약,안전,,7,N,,,SD09-1,031-324-2090,2026-06-02,승강기 정기 점검·부품 교체,공공청사 승강기,책임기술자,안전담당(책임기술자 겸직),Y,제출됨,18,계약서 · 과업내용서 · 안전보건 작업계획서,용역,산업,확인 필요,시설 관련 업무이나 계약에 시설이 특정되지 않음 — 공중이용시설(시행령 별표2·3) 해당 여부를 확인해야 합니다,Y,N,Y,Y,N,해당,시 소유 시설(공공청사 승강기)에서 수행 · 보수·보강은 시 예산 · 작업 중지·시정 지시 가능,,,위험장소,,,이행,2026-04-29,,,,5130000,,예시 데이터(시연용)
CTR-0033,2026년 청사 통합관제 시스템 유지관리,구성아이티에스㈜,,D09,용역,2026-05-11,2027-04-06,260000000,안전보건 확보 조항 있음,Y,제한경쟁입찰,정보,,44,N,79,2026-06-20,SD09-1,031-324-2090,2026-05-11,관제 시스템 운영 지원 및 장애 대응,시청사·공공건축물,책임기술자,안전담당(책임기술자 겸직),Y,제출됨,133,계약서 · 과업내용서 · 안전보건 작업계획서,용역,산업,확인 필요,시설 관련 업무이나 계약에 시설이 특정되지 않음 — 공중이용시설(시행령 별표2·3) 해당 여부를 확인해야 합니다,Y,N,Y,Y,N,해당,시 소유 시설(시청사·공공건축물)에서 수행 · 보수·보강은 시 예산 · 작업 중지·시정 지시 가능,,,위험장소,75,,이행,2026-04-04,,,,3620000,,예시 데이터(시연용)
CTR-0034,2026년 도시공원 수목관리·전지 용역,주식회사 모현조경,,D06,용역,2026-01-25,2026-12-21,1430000000,안전보건 확보 조항 있음,Y,협상에 의한 계약,조경,,3,N,82,2026-02-09,SD06-1,031-324-2060,2026-01-25,수목 전지·제초·병해충 관리,관내 도시공원·녹지,현장책임자,안전담당(현장책임자 겸직),Y,제출됨,13,계약서 · 과업내용서 · 안전보건 작업계획서,용역,산업,확인 필요,시설 관련 업무이나 계약에 시설이 특정되지 않음 — 공중이용시설(시행령 별표2·3) 해당 여부를 확인해야 합니다,Y,N,Y,Y,N,해당,시 소유 시설(관내 도시공원·녹지)에서 수행 · 보수·보강은 시 예산 · 작업 중지·시정 지시 가능,,,위험장소,75,,이행,2025-12-11,,,,12110000,,예시 데이터(시연용)
CTR-0035,2026년 공원 시설물 유지보수 용역,구성서비스,,D06,용역,2026-05-14,2027-04-09,580000000,안전보건 확보 조항 있음,N,제한경쟁입찰,서비스,,39,N,,,SD06-1,031-324-2060,2026-05-14,공원 시설물 보수·교체,관내 도시공원·녹지,현장책임자,안전담당(현장책임자 겸직),Y,제출됨,63,계약서 · 과업내용서 · 안전보건 작업계획서,용역,산업,확인 필요,시설 관련 업무이나 계약에 시설이 특정되지 않음 — 공중이용시설(시행령 별표2·3) 해당 여부를 확인해야 합니다,Y,N,Y,Y,N,해당,시 소유 시설(관내 도시공원·녹지)에서 수행 · 보수·보강은 시 예산 · 작업 중지·시정 지시 가능,,,위험장소,,,이행,2026-04-05,,,,9190000,,예시 데이터(시연용)
CTR-0036,2026년 어린이놀이시설 안전점검 용역,경기안전기술원(주),,D06,용역,2026-01-08,2026-12-04,28000000,안전보건 확보 조항 있음,N,수의계약(2인견적),안전,,30,N,,,SD06-1,031-324-2060,2026-01-08,안전점검 실시 및 결과 보고,관내 어린이놀이시설,책임기술자,안전담당(책임기술자 겸직),Y,제출됨,62,계약서 · 과업내용서 · 안전보건 작업계획서,용역,산업,확인 필요,시설 관련 업무이나 계약에 시설이 특정되지 않음 — 공중이용시설(시행령 별표2·3) 해당 여부를 확인해야 합니다,Y,N,Y,Y,N,해당,시 소유 시설(관내 어린이놀이시설)에서 수행 · 보수·보강은 시 예산 · 작업 중지·시정 지시 가능,,,위험장소,,,이행,2025-12-11,,,,473000,,예시 데이터(시연용)
CTR-0037,2026년 근린공원 시설 개선공사,처인그린(주),,D06,공사,2026-01-05,2026-12-01,970000000,안전보건 확보 조항 있음,N,일반경쟁입찰,조경,20163823,26,Y,,,SD06-1,031-324-2060,2026-01-12,공원 시설 철거·신설 공사,관내 도시공원·녹지,현장대리인,안전담당(현장대리인 겸직),Y,제출됨,70,계약서 · 설계서·내역서 · 안전관리계획서 · 산업안전보건관리비 사용계획서,도급,산업,확인 필요,시설 관련 업무이나 계약에 시설이 특정되지 않음 — 공중이용시설(시행령 별표2·3) 해당 여부를 확인해야 합니다,Y,N,Y,Y,N,해당,시 소유 시설(관내 도시공원·녹지)에서 수행 · 보수·보강은 시 예산 · 작업 중지·시정 지시 가능,,,위험장소,,,이행,2025-11-26,,,,20163823,,예시 데이터(시연용)
CTR-0038,2026년 가로수 병해충 방제 용역,기흥조경(주),,D06,용역,2026-03-20,2027-02-13,260000000,안전보건 확보 조항 있음,Y,협상에 의한 계약,조경,,27,N,85,2026-04-04,SD06-1,031-324-2060,2026-03-20,병해충 약제 살포,관내 가로수 식재 구간,현장책임자,안전담당(현장책임자 겸직),Y,제출됨,78,계약서 · 과업내용서 · 안전보건 작업계획서,용역,산업,해당 없음,공중이용시설·공중교통수단의 운영·관리 업무가 아님,Y,N,Y,Y,N,해당,시 소유 시설(관내 가로수 식재 구간)에서 수행 · 보수·보강은 시 예산 · 작업 중지·시정 지시 가능,,,위험장소,75,,이행,2026-02-12,,,,4430000,,예시 데이터(시연용)
CTR-0039,2026년 재난 예·경보시설 유지관리 용역,신갈아이티에스㈜,,D13,용역,2026-01-16,2026-12-12,370000000,안전보건 확보 조항 없음,Y,수의계약(2인견적),정보,,5,N,85,2026-02-01,SD13-1,031-324-2130,2026-01-16,재난 예·경보시설 점검·수리,급경사지·소하천 등 재난취약지역,책임기술자,안전담당(책임기술자 겸직),Y,제출됨,12,계약서 · 과업내용서,용역,산업,확인 필요,시설 관련 업무이나 계약에 시설이 특정되지 않음 — 공중이용시설(시행령 별표2·3) 해당 여부를 확인해야 합니다,Y,N,Y,Y,N,해당,시 소유 시설(급경사지·소하천 등 재난취약지역)에서 수행 · 보수·보강은 시 예산 · 작업 중지·시정 지시 가능,,,위험장소,75,,이행,2025-12-04,,,,5650000,,예시 데이터(시연용)
CTR-0040,2026년 급경사지 붕괴위험지역 정비공사,주식회사 마북건영,,D13,공사,2026-07-23,2027-06-18,2140000000,안전보건 확보 조항 있음,Y,일반경쟁입찰,토목,44816215,40,N,83,2026-07-30,SD13-1,031-324-2130,2026-08-03,급경사지 보강(옹벽·낙석방지시설) 공사,급경사지 붕괴위험지역,현장대리인,안전관리자,Y,제출됨,111,계약서 · 설계서·내역서 · 안전관리계획서 · 산업안전보건관리비 사용계획서,도급,산업,확인 필요,시설 관련 업무이나 계약에 시설이 특정되지 않음 — 공중이용시설(시행령 별표2·3) 해당 여부를 확인해야 합니다,Y,N,Y,Y,N,해당,시 소유 시설(급경사지 붕괴위험지역)에서 수행 · 보수·보강은 시 예산 · 작업 중지·시정 지시 가능,,,위험장소,75,,이행,2026-06-19,,,,44816215,,예시 데이터(시연용)
CTR-0041,2026년 급경사지 실태조사 용역,이동안전진단,,D13,용역,2026-04-24,2027-03-20,88000000,안전보건 확보 조항 있음,Y,일반경쟁입찰,안전,,41,N,74,2026-05-06,SD13-1,031-324-2130,2026-04-24,급경사지 현장 조사 및 위험도 평가,급경사지 붕괴위험지역,책임기술자,안전담당(책임기술자 겸직),Y,미제출,86,계약서 · 과업내용서 · 안전보건 작업계획서,용역,산업,확인 필요,시설 관련 업무이나 계약에 시설이 특정되지 않음 — 공중이용시설(시행령 별표2·3) 해당 여부를 확인해야 합니다,Y,N,Y,Y,N,해당,시 소유 시설(급경사지 붕괴위험지역)에서 수행 · 보수·보강은 시 예산 · 작업 중지·시정 지시 가능,,,위험장소,75,,이행,2026-03-21,,,,720000,,예시 데이터(시연용)
CTR-0042,2026년 재난관리자원(구호물자) 구매,상현상사(주),,D13,물품,2026-07-25,2027-06-20,420000000,안전보건 확보 조항 없음,Y,일반경쟁입찰,물품,,2,N,85,2026-08-14,SD13-1,031-324-2130,2026-07-25,재난관리자원 구매·납품,급경사지·소하천 등 재난취약지역,납품 담당,하역 안전 담당(납품 담당 겸직),Y,제출됨,14,계약서 · 규격서,물품 구매,산업,해당 없음,물품 구매 — 시설의 운영·관리 업무를 맡긴 것이 아님,Y,N,N,N,N,확인 필요,납품·하역 장소(급경사지·소하천 등 재난취약지역)만 시 시설 — 작업 지시·통제 범위를 확인해야 합니다,,,일반,75,,이행,2026-06-11,,,,,,예시 데이터(시연용)
CTR-0043,2026년 재난안전통신망 운영 지원 용역,용인아이티에스(주),,D13,용역,2026-01-15,2026-12-11,290000000,안전보건 확보 조항 있음,Y,제한경쟁입찰,정보,,6,N,84,2026-02-14,SD13-1,031-324-2130,2026-01-15,통신망 운영 지원 및 단말 관리,급경사지·소하천 등 재난취약지역,책임기술자,안전담당(책임기술자 겸직),Y,미제출,18,계약서 · 과업내용서 · 안전보건 작업계획서,용역,산업,해당 없음,사무 지원·측정·자문 업무 — 공중이용시설·공중교통수단의 운영·관리 업무가 아님,Y,N,Y,Y,N,해당,시 소유 시설(급경사지·소하천 등 재난취약지역)에서 수행 · 보수·보강은 시 예산 · 작업 중지·시정 지시 가능,,,위험장소,75,,이행,2025-12-05,,,,,,예시 데이터(시연용)
CTR-0044,2026년 소하천 정비공사,한남정맥토건(주),,D13,공사,2026-01-19,2026-12-15,1760000000,안전보건 확보 조항 있음,Y,제한경쟁입찰,토목,50990093,31,Y,92,2026-02-19,SD13-1,031-324-2130,2026-01-29,소하천 호안·배수시설 정비 공사,소하천 정비 구간,현장대리인,안전담당(현장대리인 겸직),Y,제출됨,72,계약서 · 설계서·내역서 · 안전관리계획서 · 산업안전보건관리비 사용계획서,도급,산업,확인 필요,시설 관련 업무이나 계약에 시설이 특정되지 않음 — 공중이용시설(시행령 별표2·3) 해당 여부를 확인해야 합니다,Y,N,Y,Y,N,해당,시 소유 시설(소하천 정비 구간)에서 수행 · 보수·보강은 시 예산 · 작업 중지·시정 지시 가능,,,위험장소,75,,이행,2025-12-27,,,,50990093,,예시 데이터(시연용)
CTR-0045,2026~2027년 국공립어린이집 위탁운영(A권역),경안천시설관리㈜,,D07,위탁,2026-05-09,2028-04-28,1860000000,안전보건 확보 조항 있음,Y,수의계약(2인견적),서비스,,35,N,73,2026-06-15,SD07-1,031-324-2070,2026-05-09,어린이집 운영(보육·급식·시설 안전 관리),관내 국공립어린이집,운영책임자,안전담당(운영책임자 겸직),Y,제출됨,111,위탁협약서 · 운영계획서 · 안전보건관리계획서,민간위탁,산업,확인 필요,시설 관련 업무이나 계약에 시설이 특정되지 않음 — 공중이용시설(시행령 별표2·3) 해당 여부를 확인해야 합니다,Y,N,Y,Y,N,해당,시 소유 시설(관내 국공립어린이집)에서 수행 · 보수·보강은 시 예산 · 작업 중지·시정 지시 가능,,,화재·폭발·밀폐,75,,이행,2026-04-07,,,,20900000,,예시 데이터(시연용)
CTR-0046,2026~2027년 국공립어린이집 위탁운영(B권역),주식회사 상현시설관리,,D07,위탁,2026-05-28,2028-05-17,1720000000,안전보건 확보 조항 있음,Y,제한경쟁입찰,서비스,,4,N,73,2026-06-06,SD07-1,031-324-2070,2026-05-28,어린이집 운영(보육·급식·시설 안전 관리),관내 국공립어린이집,운영책임자,안전담당(운영책임자 겸직),Y,제출됨,15,위탁협약서 · 운영계획서 · 안전보건관리계획서,민간위탁,산업,확인 필요,시설 관련 업무이나 계약에 시설이 특정되지 않음 — 공중이용시설(시행령 별표2·3) 해당 여부를 확인해야 합니다,Y,N,Y,Y,N,해당,시 소유 시설(관내 국공립어린이집)에서 수행 · 보수·보강은 시 예산 · 작업 중지·시정 지시 가능,,,화재·폭발·밀폐,75,,이행,2026-04-18,,,,15970000,,예시 데이터(시연용)
CTR-0047,2026년 어린이집 급식 식자재 납품,경안천상사,,D07,물품,2026-07-15,2027-06-10,870000000,안전보건 확보 조항 있음,Y,제한경쟁입찰,물품,,5,N,89,2026-08-19,SD07-1,031-324-2070,2026-07-15,급식 식자재 납품,관내 국공립어린이집,납품 담당,하역 안전 담당(납품 담당 겸직),Y,제출됨,13,계약서 · 규격서,물품 구매,산업,해당 없음,물품 구매 — 시설의 운영·관리 업무를 맡긴 것이 아님,Y,N,N,N,N,확인 필요,납품·하역 장소(관내 국공립어린이집)만 시 시설 — 작업 지시·통제 범위를 확인해야 합니다,,,일반,75,,이행,2026-06-22,,,,,,예시 데이터(시연용)
CTR-0048,2026년 어린이집 실내공기질 측정 용역,죽전구조안전(주),,D07,용역,2026-03-04,2027-01-28,22000000,안전보건 확보 조항 있음,N,협상에 의한 계약,안전,,34,N,,,SD07-1,031-324-2070,2026-03-04,실내공기질 측정 및 결과 보고,관내 국공립어린이집,책임기술자,안전담당(책임기술자 겸직),Y,제출됨,56,계약서 · 과업내용서 · 안전보건 작업계획서,용역,산업,확인 필요,시설 관련 업무이나 계약에 시설이 특정되지 않음 — 공중이용시설(시행령 별표2·3) 해당 여부를 확인해야 합니다,Y,N,Y,Y,N,해당,시 소유 시설(관내 국공립어린이집)에서 수행 · 보수·보강은 시 예산 · 작업 중지·시정 지시 가능,,,위험장소,,,이행,2026-01-22,,,,378000,,예시 데이터(시연용)
CTR-0049,2026년 감염병 방역 소독 용역,처인이엔브이(주),,D11,용역,2026-02-02,2026-12-29,450000000,안전보건 확보 조항 없음,Y,제한경쟁입찰,환경,,31,N,73,2026-03-01,SD11-1,031-324-2110,2026-02-02,방역 소독 및 약제 관리,보건소·방역 대상 지역,현장책임자,안전담당(현장책임자 겸직),Y,미제출,67,계약서 · 과업내용서,용역,산업,해당 없음,공중이용시설·공중교통수단의 운영·관리 업무가 아님,Y,N,Y,Y,N,해당,시 소유 시설(보건소·방역 대상 지역)에서 수행 · 보수·보강은 시 예산 · 작업 중지·시정 지시 가능,,,화재·폭발·밀폐,75,,이행,2025-12-26,,,,5200000,,예시 데이터(시연용)
CTR-0050,2026년 보건소 의료폐기물 처리 용역,양지산업(주),,D11,용역,2026-03-10,2027-02-03,190000000,안전보건 확보 조항 있음,N,제한경쟁입찰,서비스,,36,N,,,SD11-1,031-324-2110,2026-03-10,의료폐기물 수집·운반·처리,보건소·방역 대상 지역,현장책임자,안전담당(현장책임자 겸직),Y,제출됨,90,계약서 · 과업내용서 · 안전보건 작업계획서,용역,산업,해당 없음,공중이용시설·공중교통수단의 운영·관리 업무가 아님,Y,N,Y,Y,Y,확인 필요,의료폐기물 처리는 수급인 처리시설에서 함(수집만 보건소) — 시 시설에서 하는 작업과 수급인 시설에서 하는 작업을 나눠 판단해야 합니다,,,위험장소,,,이행,2026-01-27,,,,3340000,,예시 데이터(시연용)
CTR-0051,2026~2027년 시민체육관 운영 위탁,삼가산업㈜,,D08,위탁,2026-07-19,2028-07-08,3120000000,안전보건 확보 조항 있음,Y,제한경쟁입찰,서비스,,25,N,73,2026-08-08,SD08-1,031-324-2080,2026-07-19,체육관 운영 및 시설 안전 관리,시민체육관·공공체육시설,운영책임자,안전담당(운영책임자 겸직),Y,미제출,76,위탁협약서 · 운영계획서 · 안전보건관리계획서,민간위탁,산업,확인 필요,시설 관련 업무이나 계약에 시설이 특정되지 않음 — 공중이용시설(시행령 별표2·3) 해당 여부를 확인해야 합니다,Y,N,Y,Y,N,해당,시 소유 시설(시민체육관·공공체육시설)에서 수행 · 보수·보강은 시 예산 · 작업 중지·시정 지시 가능,,,화재·폭발·밀폐,75,,이행,2026-06-25,,,,55110000,,예시 데이터(시연용)
CTR-0052,2026년 체육시설 안전점검 용역,주식회사 이동안전기술원,,D08,용역,2026-06-16,2027-05-12,36000000,안전보건 확보 조항 있음,N,일반경쟁입찰,안전,,34,N,,,SD08-1,031-324-2080,2026-06-16,안전점검 실시 및 결과 보고,시민체육관·공공체육시설,책임기술자,안전담당(책임기술자 겸직),Y,제출됨,104,계약서 · 과업내용서 · 안전보건 작업계획서,용역,산업,확인 필요,시설 관련 업무이나 계약에 시설이 특정되지 않음 — 공중이용시설(시행령 별표2·3) 해당 여부를 확인해야 합니다,Y,N,Y,Y,N,해당,시 소유 시설(시민체육관·공공체육시설)에서 수행 · 보수·보강은 시 예산 · 작업 중지·시정 지시 가능,,,위험장소,,,이행,2026-05-10,,,,619000,,예시 데이터(시연용)
CTR-0053,2026년 실내수영장 기계실 개보수공사,동백종합건설,,D08,공사,2026-07-26,2027-06-21,830000000,안전보건 확보 조항 있음,Y,수의계약(2인견적),건축,24883955,39,N,83,2026-08-21,SD08-1,031-324-2080,2026-08-05,기계실 설비 교체 및 배관 공사,실내수영장 기계실,현장대리인,안전담당(현장대리인 겸직),Y,제출됨,116,계약서 · 설계서·내역서 · 안전관리계획서 · 산업안전보건관리비 사용계획서,도급,산업,확인 필요,시설 관련 업무이나 계약에 시설이 특정되지 않음 — 공중이용시설(시행령 별표2·3) 해당 여부를 확인해야 합니다,Y,N,Y,Y,N,해당,시 소유 시설(실내수영장 기계실)에서 수행 · 보수·보강은 시 예산 · 작업 중지·시정 지시 가능,,,위험장소,75,,이행,2026-06-29,,,,24883955,,예시 데이터(시연용)
CTR-0054,2026년 공영주차장 관리 용역,기흥서비스(주),,D10,용역,2026-03-16,2027-02-09,960000000,안전보건 확보 조항 있음,Y,제한경쟁입찰,서비스,,31,N,78,2026-04-15,SD10-1,031-324-2100,2026-03-16,주차장 운영·요금 징수·시설 관리,공영주차장·경전철 역사,현장책임자,안전담당(현장책임자 겸직),Y,미제출,76,계약서 · 과업내용서 · 안전보건 작업계획서,용역,산업,확인 필요,시설 관련 업무이나 계약에 시설이 특정되지 않음 — 공중이용시설(시행령 별표2·3) 해당 여부를 확인해야 합니다,Y,N,Y,Y,N,해당,시 소유 시설(공영주차장·경전철 역사)에서 수행 · 보수·보강은 시 예산 · 작업 중지·시정 지시 가능,,,위험장소,75,,이행,2026-01-30,,,,16570000,,예시 데이터(시연용)
CTR-0055,2026년 기계식주차장 정기검사 대행 용역,포곡구조안전(주),,D10,용역,2026-07-17,2027-06-12,18000000,안전보건 확보 조항 있음,N,일반경쟁입찰,안전,,38,N,,,SD10-1,031-324-2100,2026-07-17,기계식주차장 정기검사 대행,기계식주차장,책임기술자,안전담당(책임기술자 겸직),Y,미제출,84,계약서 · 과업내용서 · 안전보건 작업계획서,용역,산업,확인 필요,시설 관련 업무이나 계약에 시설이 특정되지 않음 — 공중이용시설(시행령 별표2·3) 해당 여부를 확인해야 합니다,Y,N,Y,Y,N,해당,시 소유 시설(기계식주차장)에서 수행 · 보수·보강은 시 예산 · 작업 중지·시정 지시 가능,,,위험장소,,,이행,2026-06-09,,,,,,예시 데이터(시연용)
CTR-0056,2026년 경전철 역사 승강설비 유지관리,경기정보통신(주),,D16,용역,2026-03-08,2027-02-01,1180000000,안전보건 확보 조항 있음,Y,협상에 의한 계약,정보,,38,N,71,2026-03-20,SD10-1,031-324-2100,2026-03-08,역사 승강기·에스컬레이터 유지관리,경전철 역사,책임기술자,안전담당(책임기술자 겸직),Y,제출됨,79,계약서 · 과업내용서 · 안전보건 작업계획서,용역,둘 다,해당,공중교통수단 — 용인경전철은 도시철도(법 제2조제5호가목),Y,N,Y,Y,N,해당,시 소유 시설(경전철 역사)에서 수행 · 보수·보강은 시 예산 · 작업 중지·시정 지시 가능,,,위험장소,75,,이행,2026-02-15,,,,12720000,,예시 데이터(시연용)
CTR-0057,2026년 안전보건 위험성평가 컨설팅 용역,기흥안전진단㈜,,D02,용역,2026-03-08,2027-02-01,68000000,안전보건 확보 조항 있음,Y,제한경쟁입찰,안전,,33,N,93,2026-04-11,SD02-1,031-324-2020,2026-03-08,위험성평가 절차 수립 지원 및 현장 평가,시청사 사무 공간,책임기술자,안전담당(책임기술자 겸직),Y,제출됨,104,계약서 · 과업내용서 · 안전보건 작업계획서,용역,산업,해당 없음,사무 지원·측정·자문 업무 — 공중이용시설·공중교통수단의 운영·관리 업무가 아님,Y,N,Y,Y,N,해당,시 소유 시설(시청사 사무 공간)에서 수행 · 보수·보강은 시 예산 · 작업 중지·시정 지시 가능,,,위험장소,75,,이행,2026-02-11,,,,,,예시 데이터(시연용)
CTR-0058,2026년 중대재해 예방 교육 위탁 용역,주식회사 마북구조안전,,D02,용역,2026-01-14,2026-12-10,45000000,안전보건 확보 조항 있음,Y,일반경쟁입찰,안전,,40,N,88,2026-02-02,SD02-1,031-324-2020,2026-01-14,중대재해 예방 교육 실시,시청사 사무 공간,책임기술자,안전담당(책임기술자 겸직),Y,제출됨,89,계약서 · 과업내용서 · 안전보건 작업계획서,용역,산업,해당 없음,사무 지원·측정·자문 업무 — 공중이용시설·공중교통수단의 운영·관리 업무가 아님,Y,N,Y,Y,N,해당,시 소유 시설(시청사 사무 공간)에서 수행 · 보수·보강은 시 예산 · 작업 중지·시정 지시 가능,,,위험장소,75,,이행,2025-12-04,,,,405000,,예시 데이터(시연용)
CTR-0059,2026년 안전보건관리체계 시스템 구축 용역,삼가아이티에스,,D01,용역,2026-04-15,2027-03-11,390000000,안전보건 확보 조항 있음,Y,일반경쟁입찰,정보,,26,N,74,2026-05-25,SD01-1,031-324-2010,2026-04-15,안전보건관리체계 시스템 설계·구축,시청사 사무 공간,책임기술자,안전담당(책임기술자 겸직),Y,제출됨,76,계약서 · 과업내용서 · 안전보건 작업계획서,용역,산업,해당 없음,사무 지원·측정·자문 업무 — 공중이용시설·공중교통수단의 운영·관리 업무가 아님,Y,N,Y,Y,N,해당,시 소유 시설(시청사 사무 공간)에서 수행 · 보수·보강은 시 예산 · 작업 중지·시정 지시 가능,,,위험장소,75,,이행,2026-03-08,,,,6656000,,예시 데이터(시연용)
CTR-0060,2026년 작업환경측정·특수건강진단 용역,동백안전기술원(주),,D01,용역,2026-05-05,2027-03-31,64000000,안전보건 확보 조항 있음,Y,수의계약(2인견적),안전,,6,N,92,2026-05-19,SD01-1,031-324-2010,2026-05-05,작업환경측정 및 특수건강진단 실시,시청사 사무 공간,책임기술자,안전담당(책임기술자 겸직),Y,제출됨,17,계약서 · 과업내용서 · 안전보건 작업계획서,용역,산업,해당 없음,사무 지원·측정·자문 업무 — 공중이용시설·공중교통수단의 운영·관리 업무가 아님,Y,N,Y,Y,N,해당,시 소유 시설(시청사 사무 공간)에서 수행 · 보수·보강은 시 예산 · 작업 중지·시정 지시 가능,,,위험장소,75,,이행,2026-04-13,,,,1064000,,예시 데이터(시연용)
CTR-0061,2026년 도급사업 안전보건 수준평가 용역,구성안전기술원(주),,D02,용역,2026-07-09,2027-06-04,39000000,안전보건 확보 조항 있음,N,제한경쟁입찰,안전,,10,N,,,SD02-1,031-324-2020,2026-07-09,도급사업 수급인 안전보건 수준평가 대행,시청사 사무 공간,책임기술자,안전담당(책임기술자 겸직),Y,제출됨,20,계약서 · 과업내용서 · 안전보건 작업계획서,용역,산업,해당 없음,사무 지원·측정·자문 업무 — 공중이용시설·공중교통수단의 운영·관리 업무가 아님,Y,N,Y,Y,N,해당,시 소유 시설(시청사 사무 공간)에서 수행 · 보수·보강은 시 예산 · 작업 중지·시정 지시 가능,,,위험장소,,,이행,2026-05-25,,,,657000,,예시 데이터(시연용)
CTR-0062,2026~2028년 생활폐기물 수집·운반 민간대행 용역(1권역),한남정맥환경산업(주),,D12,용역,2026-01-01,2028-12-31,15450000000,안전보건 확보 조항 없음,Y,일반경쟁입찰,환경,,34,N,95,2026-03-22,SD12-1,031-324-2120,2026-02-20,생활폐기물 수집·운반(차량 운행 포함),관내 수거 권역·선별시설,현장책임자,안전담당(현장책임자 겸직),Y,미제출,47,계약서 · 과업내용서,용역,산업,해당 없음,공중이용시설·공중교통수단의 운영·관리 업무가 아님,Y,N,Y,Y,Y,확인 필요,수집·운반은 수급인 소유 차량으로 함 — 시 시설에서 하는 작업과 수급인 시설에서 하는 작업을 나눠 판단해야 합니다,,,화재·폭발·밀폐,75,,이행,2026-01-20,,,,,,예시 데이터(시연용)
CTR-0063,2026~2028년 생활폐기물 수집·운반 민간대행 용역(2권역),경기환경㈜,,D12,용역,2026-01-01,2028-12-31,17650000000,안전보건 확보 조항 있음,Y,제한경쟁입찰,환경,,37,N,82,2026-06-12,SD12-1,031-324-2120,2026-05-10,생활폐기물 수집·운반(차량 운행 포함),관내 수거 권역·선별시설,현장책임자,안전담당(현장책임자 겸직),Y,제출됨,58,계약서 · 과업내용서 · 안전보건 작업계획서,용역,산업,해당 없음,공중이용시설·공중교통수단의 운영·관리 업무가 아님,Y,N,Y,Y,Y,확인 필요,수집·운반은 수급인 소유 차량으로 함 — 시 시설에서 하는 작업과 수급인 시설에서 하는 작업을 나눠 판단해야 합니다,,,화재·폭발·밀폐,75,,이행,2026-04-01,,,,303859000,,예시 데이터(시연용)
CTR-0064,2026년 재활용품 선별처리 위탁,주식회사 이동환경산업,,D12,용역,2026-01-25,2026-12-21,3400000000,안전보건 확보 조항 있음,Y,제한경쟁입찰,환경,,26,N,93,2026-03-06,SD12-1,031-324-2120,2026-01-25,재활용품 선별·압축·반출,관내 수거 권역·선별시설,현장책임자,안전담당(현장책임자 겸직),Y,제출됨,41,계약서 · 과업내용서 · 안전보건 작업계획서,용역,산업,해당 없음,공중이용시설·공중교통수단의 운영·관리 업무가 아님,Y,N,Y,Y,N,해당,시 소유 시설(관내 수거 권역·선별시설)에서 수행 · 보수·보강은 시 예산 · 작업 중지·시정 지시 가능,,,화재·폭발·밀폐,75,,이행,2025-12-30,,,,45980000,,예시 데이터(시연용)
CTR-0065,2026년 공공건설공사 안전관리 자문 용역,삼가안전기술원,,D14,용역,2026-01-04,2026-11-30,48000000,안전보건 확보 조항 있음,Y,협상에 의한 계약,안전,,23,N,77,2026-01-24,SD14-1,031-324-2140,2026-01-04,공공건설공사 안전관리 자문,농업기술센터,책임기술자,안전담당(책임기술자 겸직),Y,제출됨,73,계약서 · 과업내용서 · 안전보건 작업계획서,용역,산업,해당 없음,사무 지원·측정·자문 업무 — 공중이용시설·공중교통수단의 운영·관리 업무가 아님,Y,N,Y,Y,N,해당,시 소유 시설(농업기술센터)에서 수행 · 보수·보강은 시 예산 · 작업 중지·시정 지시 가능,,,위험장소,75,,이행,2025-12-11,,,,461000,,예시 데이터(시연용)
CTR-0066,2026년 건설공사 품질시험 대행 용역,원삼건영(주),,D14,용역,2026-02-20,2027-01-16,120000000,안전보건 확보 조항 없음,Y,제한경쟁입찰,토목,,13,N,68,2026-03-20,SD14-1,031-324-2140,2026-02-20,건설 자재 품질시험 대행,농업기술센터,현장책임자,안전담당(현장책임자 겸직),Y,제출됨,40,계약서 · 과업내용서,용역,산업,해당 없음,사무 지원·측정·자문 업무 — 공중이용시설·공중교통수단의 운영·관리 업무가 아님,Y,N,Y,Y,Y,확인 필요,품질시험은 수급인 시험실에서 함(시료 채취만 공사 현장) — 시 시설에서 하는 작업과 수급인 시설에서 하는 작업을 나눠 판단해야 합니다,,,위험장소,75,,이행,2026-01-20,,,,1069000,,예시 데이터(시연용)
CTR-0067,2026년 하수처리장 전기설비 개선공사,이동전기(주),,D05,공사,2026-02-08,2027-01-04,1040000000,안전보건 확보 조항 있음,Y,일반경쟁입찰,전기,28505318,21,N,82,2026-03-16,SD05-1,031-324-2050,2026-02-22,전기설비 교체 및 성능 개선,공공하수처리시설,현장대리인,안전담당(현장대리인 겸직),Y,제출됨,55,계약서 · 설계서·내역서 · 안전관리계획서 · 산업안전보건관리비 사용계획서,도급,산업,확인 필요,시설 관련 업무이나 계약에 시설이 특정되지 않음 — 공중이용시설(시행령 별표2·3) 해당 여부를 확인해야 합니다,Y,N,Y,Y,N,해당,시 소유 시설(공공하수처리시설)에서 수행 · 보수·보강은 시 예산 · 작업 중지·시정 지시 가능,,,위험장소,75,,이행,2026-01-13,,,,28505318,,예시 데이터(시연용)
CTR-0068,2026년 상수도 검침·고객지원 용역,경안천산업(주),,D04,용역,2026-03-13,2027-02-06,1290000000,안전보건 확보 조항 있음,Y,수의계약(2인견적),서비스,,15,N,88,2026-04-18,SD04-1,031-324-2040,2026-03-13,상수도 검침 및 고객 응대,정수장·가압장·배수지 및 상수관로 구간,현장책임자,안전담당(현장책임자 겸직),Y,제출됨,46,계약서 · 과업내용서 · 안전보건 작업계획서,용역,산업,해당 없음,사무 지원·측정·자문 업무 — 공중이용시설·공중교통수단의 운영·관리 업무가 아님,Y,N,Y,Y,N,해당,시 소유 시설(정수장·가압장·배수지 및 상수관로 구간)에서 수행 · 보수·보강은 시 예산 · 작업 중지·시정 지시 가능,,,위험장소,75,,이행,2026-02-09,,,,14850000,,예시 데이터(시연용)
CTR-0069,2026년 청사 안전보호구·소방용품 구매,한남정맥상사㈜,,D09,물품,2026-06-09,2027-05-05,135000000,안전보건 확보 조항 없음,Y,수의계약(2인견적),물품,,3,N,83,2026-07-01,SD09-1,031-324-2090,2026-06-09,안전보호구·소방용품 구매·납품,시청사·공공건축물,납품 담당,하역 안전 담당(납품 담당 겸직),Y,미제출,13,계약서 · 규격서,물품 구매,산업,해당 없음,물품 구매 — 시설의 운영·관리 업무를 맡긴 것이 아님,Y,N,N,N,N,확인 필요,납품·하역 장소(시청사·공공건축물)만 시 시설 — 작업 지시·통제 범위를 확인해야 합니다,,,일반,75,,이행,2026-05-11,,,,,,예시 데이터(시연용)
CTR-0070,2026년 공원 화장실 청소 용역,주식회사 동백시설관리,,D06,용역,2026-06-21,2027-05-17,410000000,안전보건 확보 조항 없음,Y,일반경쟁입찰,서비스,,18,N,78,2026-07-04,SD06-1,031-324-2060,2026-06-21,공원 화장실 청소 및 위생 관리,관내 도시공원·녹지,현장책임자,안전담당(현장책임자 겸직),Y,미제출,29,계약서 · 과업내용서,용역,산업,확인 필요,시설 관련 업무이나 계약에 시설이 특정되지 않음 — 공중이용시설(시행령 별표2·3) 해당 여부를 확인해야 합니다,Y,N,Y,Y,N,해당,시 소유 시설(관내 도시공원·녹지)에서 수행 · 보수·보강은 시 예산 · 작업 중지·시정 지시 가능,,,위험장소,75,,이행,2026-05-23,,,,6560000,,예시 데이터(시연용)
CTR-0071,2026년 도로표지·교통안전시설 자재 구매,보정유통,,D03,물품,2026-01-25,2026-12-21,680000000,안전보건 확보 조항 없음,Y,수의계약(2인견적),물품,,1,N,79,2026-02-16,SD03-1,031-324-2030,2026-01-25,도로표지·교통안전시설 자재 납품,관내 도로·교량·터널 구간,납품 담당,하역 안전 담당(납품 담당 겸직),Y,제출됨,12,계약서 · 규격서,물품 구매,산업,해당 없음,물품 구매 — 시설의 운영·관리 업무를 맡긴 것이 아님,Y,N,N,N,N,확인 필요,납품·하역 장소(관내 도로·교량·터널 구간)만 시 시설 — 작업 지시·통제 범위를 확인해야 합니다,,,일반,75,,이행,2025-12-29,,,,,,예시 데이터(시연용)
