incident_id,occurred_at,disaster_type,asset_id,dept_id,summary,cause,casualties,recurrence_plan,plan_due,plan_done_at,note,event_class,event_area,serious,accident_type,place,basis_clause,reported_by,owner_staff_id,cause_due,investigated_at,investigated_by,cause_evidence,plan_set_due,plan_set_at,plan_set_by,plan_evidence,done_note,done_evidence,done_by,effect_due,effect_checked_at,effect_checked_by,effect_result,effect_note,effect_evidence,related_order_id,check_note
INC-001,2026-01-23,중대산업재해,,D01,하수처리시설 정비 중 추락(가상),안전난간 미설치·안전대 미착용,부상 1명,난간 전수 점검·작업 전 위험성평가 의무화,2026-03-04,2026-03-14,예시 데이터(시연용) · 예시 자료(시연용),산업재해,산업,확인 필요,추락,,법 제4조제1항제2호,SD01-1,SD01-1,2026-01-30,2026-01-29,SD01-1,사고조사보고서_INC-001.pdf,2026-02-13,2026-02-10,SM01-1,재발방지대책_결재문서_INC-001.pdf,안전난간 설치 완료 · 작업 전 위험성평가 절차 시행,안전난간_보수_사진대지.pdf,SD01-2,2026-06-14,2026-06-10,SM01-1,유효,3개월간 같은 작업에서 추락 위험 지적 0건,효과확인_현장점검표_202606.pdf,ORD-001,시설 번호(용인시 평생학습관)와 사고 설명(하수처리시설)이 맞지 않음 · 피해 「부상 1명」은 법 제2조제2호 중대산업재해 정의에 못 미침 — 원 기록 대조 필요
INC-002,2026-05-23,중대시민재해,,D02,도로 교량 난간 파손으로 보행자 경상(가상),정기점검 주기 초과,부상 1명,교량 난간 일제점검·보수,2026-06-22,,예시 데이터(시연용) · 예시 자료(시연용),시민재해,시민,확인 필요,시설물 파손,,법 제9조제2항제2호,SD02-1,SD02-1,2026-05-30,2026-05-29,SD02-1,교량난간_파손_조사서.pdf,2026-06-06,2026-06-05,SM02-1,교량난간_일제점검_계획.pdf,,,,,,,,,,,시설 번호(용인시문화복지행정타운문화예술원)와 사고 설명(도로 교량)이 맞지 않음 · 피해 「부상 1명」은 법 제2조제3호 중대시민재해 정의에 못 미침 — 원 기록 대조 필요
INC-003,2026-07-08,산업재해,ST2005-0000048,D05,슬러지 탈수기 점검 중 회전부에 손가락 끼임(가상),점검 전 전원 차단·잠금 절차 미이행 · 회전부 덮개를 떼어 둔 채 운전,"부상 1명(손가락 골절, 치료 4주)",탈수기 회전부 덮개 연동장치 설치 · 전원 차단·잠금 절차서 개정 및 전 직원 교육,2026-09-30,,예시 자료(시연용),산업재해,산업,해당 안 됨,끼임,슬러지 탈수기실,법 제4조제1항제2호,SD04-2,SD04-1,2026-07-15,2026-07-14,SD04-1,사고조사보고서_기흥레스피아_0708.pdf,2026-07-24,2026-07-24,SM02-1,재발방지대책_기흥레스피아.pdf,,,,,,,,,,ORD-007,
INC-004,2026-08-19,아차사고,ST2010-0000022,D05,"맨홀 진입 직전 가스 측정기 경보 — 황화수소 농도 높음, 진입 중지(가상)",,없음,,,,예시 자료(시연용),아차사고,산업,해당 안 됨,질식(위험),유입 맨홀,법정 대상 아님 — 예방 기록(위험성평가 반영),SD04-2,SD04-2,2026-08-26,,,,,,,,,,,,,,,,,,
INC-005,2026-07-22,시민 피해 사고,TU2009-0000101,D03,"터널 조명등 1기 낙하 — 주행 차량 앞유리 파손, 인명 피해 없음(가상)",조명 고정 볼트 부식 · 정기점검표에 조명 고정부 항목이 없음,인명 피해 없음 · 차량 1대 파손,터널 조명 전수 고정 상태 점검 · 정기점검표에 조명 고정부 항목 추가,2026-10-31,,예시 자료(시연용),시민재해,시민,해당 안 됨,낙하물,터널 상행 조명부,법 제9조제2항제2호 — 공중이용시설 해당 여부 확인 전,SD03-2,SD03-1,2026-07-29,2026-07-29,SD03-1,청명터널_조명낙하_조사서.pdf,2026-08-07,2026-08-07,SM02-2,터널조명_전수점검_계획.pdf,,,,,,,,,,,
INC-007,2026-03-15,산업재해,,D06,예초기 작업 중 튄 돌에 눈 부상(가상),보안경 미착용 · 비산방지망 미사용,"부상 1명(각막 찰과상, 치료 2주)",예초 작업 보안경 지급·착용 확인 · 이동식 비산방지망 사용 의무화,2026-04-30,2026-04-24,예시 자료(시연용),산업재해,산업,해당 안 됨,비래(튀는 물체),기흥호수공원 산책로 예초 구간,법 제4조제1항제2호,SD06-2,SD06-1,2026-03-22,2026-03-20,SD06-1,예초작업_사고조사서.pdf,2026-03-29,2026-03-27,SM02-1,예초작업_안전수칙_개정.pdf,보안경 40개 지급 · 비산방지망 6조 구입·배치,보안경_지급대장.pdf,SD06-1,2026-07-31,2026-07-15,SM02-2,유효,하절기 예초 작업 현장 3회 확인 — 착용률 100%,효과확인_예초현장_202607.pdf,ORD-017,
INC-008,2026-08-05,아차사고,AR2003-0006407,D09,관람석 안전난간 흔들림 — 이용자가 기대다 넘어질 뻔함(가상),난간 앵커 볼트 풀림 · 월 점검 항목에 흔들림 확인 없음,없음,관람석 난간 앵커 재고정 · 월 1회 흔들림 점검 항목 추가,2026-09-05,2026-09-03,예시 자료(시연용),아차사고,시민,해당 안 됨,추락(위험),2층 관람석,법정 대상 아님 — 예방 기록(위험성평가 반영),SD09-2,SD09-1,2026-08-12,2026-08-08,SD09-1,실내체육관_난간_조사서.pdf,2026-08-19,2026-08-12,SM02-2,관람석난간_보수계획.pdf,앵커 48개소 재고정 · 점검표 개정,난간보수_사진대지_0903.pdf,SD09-1,2026-10-05,,,,,,ORD-009,
INC-009,2026-09-03,산업재해,,D12,폐기물 포대 반복 운반 중 허리 부상(가상),중량물 운반 보조기구 없음 · 2인 1조 운반 기준 없음,"부상 1명(요추 염좌, 치료 3주)",,,,예시 자료(시연용),산업재해,산업,해당 안 됨,근골격계,재활용 선별장,법 제4조제1항제2호,SD12-2,SD12-1,2026-09-10,2026-09-10,SD12-1,선별장_근골격계_조사서.pdf,2026-09-17,,,,,,,,,,,,,,
INC-010,2025-11-10,아차사고,ST2005-0000048,D05,탈수기 청소 중 회전부에 장갑이 말려 들어갈 뻔함(가상),청소 중 설비 정지 확인 절차 없음,없음,회전부 청소 전 설비 정지 확인 · 경고 표지 부착,2025-12-10,2025-12-05,예시 자료(시연용),아차사고,산업,해당 안 됨,끼임,슬러지 탈수기실,법정 대상 아님 — 예방 기록(위험성평가 반영),SD04-2,SD04-1,2025-11-17,2025-11-14,SD04-1,,2025-11-24,2025-11-21,SM02-1,,경고 표지 부착 · 정지 확인 구두 교육,경고표지_부착사진.pdf,SD04-2,2026-02-28,2026-02-10,SM02-1,유효,3개월간 같은 유형 보고 없음,,,
