law_id,mst,title_ko,abbr_ko,law_kind,ministry,law_group,relation_type,is_related_law,status,superseded_by,supersedes,split_from,split_into,merged_into,merged_from,effective_from,effective_to,legacy_id,source_note
LAW-KR-000001,286927,항공안전법,항공안전법,act,,안전의무 다수 법령,중대산업재해+중대시민재해(공중교통수단),true,active,,,,,,,,,LAW-KR-AVIA,
LAW-KR-000002,228817,중대재해 처벌 등에 관한 법률,중처법,act,,기준법(중대재해처벌법),중대산업재해,true,active,,,,,,,,,LAW-KR-CDPA,
LAW-KR-000003,276497,도시가스사업법,도시가스사업법,act,,안전의무 다수 법령,중대산업재해,true,active,,,,,,,,,LAW-KR-CGAS,
LAW-KR-000004,276815,화학물질관리법,화관법,act,,안전의무 다수 법령,중대산업재해+중대시민재해(원료·제조물),true,active,,,,,,,,,LAW-KR-CHEM,
LAW-KR-000005,276921,건설기술 진흥법,건설기술진흥법,act,,안전의무 다수 법령,관계법령 의무이행(제4호),true,active,,,,,,,,,LAW-KR-CTEC,
LAW-KR-000006,282883,재난 및 안전관리 기본법,재난안전법,act,,안전의무 보유 법령,중대시민재해-공중이용시설,true,active,,,,,,,,,LAW-KR-DSMB,
LAW-KR-000007,259475,승강기 안전관리법,승강기법,act,,안전의무 보유 법령,중대산업재해+중대시민재해(공중이용시설),true,active,,,,,,,,,LAW-KR-ELEV,
LAW-KR-000008,284385,전기안전관리법,전기안전관리법,act,,안전의무 보유 법령,중대산업재해(+중대시민재해),true,active,,,,,,,,,LAW-KR-ELSA,
LAW-KR-000009,236977,소방시설 설치 및 관리에 관한 법률,소방시설법,act,,안전의무 보유 법령,중대산업재해+중대시민재해(공중이용시설),true,active,,,,,,,,,LAW-KR-FIRE,
LAW-KR-000010,277149,식품위생법,식품위생법,act,,안전의무 보유 법령,중대시민재해-원료·제조물,true,active,,,,,,,,,LAW-KR-FOOD,
LAW-KR-000011,283765,시설물의 안전 및 유지관리에 관한 특별법,시설물안전법,act,,중대시민재해 중심법,중대시민재해-공중이용시설,true,active,,,,,,,,,LAW-KR-FSAM,
LAW-KR-000012,259933,위험물안전관리법,위험물안전관리법,act,,안전의무 보유 법령,중대산업재해,true,active,,,,,,,,,LAW-KR-HAZM,
LAW-KR-000013,283919,고압가스 안전관리법,고압가스법,act,,안전의무 다수 법령,중대산업재해,true,active,,,,,,,,,LAW-KR-HPGS,
LAW-KR-000014,283355,연구실 안전환경 조성에 관한 법률,연구실안전법,act,,안전의무 다수 법령,중대산업재해,true,active,,,,,,,,,LAW-KR-LABS,
LAW-KR-000015,276549,액화석유가스의 안전관리 및 사업법,액화석유가스법,act,,안전의무 다수 법령,중대산업재해,true,active,,,,,,,,,LAW-KR-LPGS,
LAW-KR-000016,252901,해사안전기본법,해사안전기본법,act,,안전의무 보유 법령,중대산업재해+중대시민재해,true,active,,,,,,,,,LAW-KR-MARB,
LAW-KR-000017,276465,광산안전법,광산안전법,act,,안전의무 보유 법령,중대산업재해,true,active,,,,,,,,,LAW-KR-MINE,
LAW-KR-000018,247231,다중이용업소의 안전관리에 관한 특별법,다중이용업소법,act,,안전의무 소수 법령,중대시민재해-공중이용시설,true,active,,,,,,,,,LAW-KR-MUSE,
LAW-KR-000019,286119,원자력안전법,원자력안전법,act,,안전의무 다수 법령,중대산업재해(+중대시민재해),true,active,,,,,,,,,LAW-KR-NUKE,
LAW-KR-000020,283449,산업안전보건법,산안법,act,,중대산업재해 중심법,중대산업재해(핵심),true,active,,,,,,,,,LAW-KR-OSHA,
LAW-KR-000021,280129,철도안전법,철도안전법,act,,안전의무 다수 법령,중대산업재해+중대시민재해(공중교통수단),true,active,,,,,,,,,LAW-KR-RAIL,
LAW-KR-000022,260823,어린이안전관리에 관한 법률,어린이안전법,act,,안전의무 소수 법령,중대시민재해-공중이용시설·공중교통수단,true,active,,,,,,,,,LAW-KR-RL100,
LAW-KR-000023,288003,자연공원법,자연공원법,act,,안전의무 소수 법령,중대시민재해-원료·제조물,true,active,,,,,,,,,LAW-KR-RL101,
LAW-KR-000024,273419,도시공원 및 녹지 등에 관한 법률,도시공원녹지법,act,,안전의무 소수 법령,관계법령 의무이행(제4호),true,active,,,,,,,,,LAW-KR-RL102,
LAW-KR-000025,273399,공항시설법,공항시설법,act,,안전의무 핵심 법령,중대시민재해-공중이용시설·공중교통수단,true,active,,,,,,,,,LAW-KR-RL103,
LAW-KR-000026,283983,전시산업발전법,전시산업발전법,act,,안전의무 미도출 법령,중대시민재해-원료·제조물,true,active,,,,,,,,,LAW-KR-RL104,
LAW-KR-000027,246687,농어촌도로 정비법,농어촌도로법,act,,안전의무 소수 법령,중대시민재해-공중이용시설·공중교통수단,true,active,,,,,,,,,LAW-KR-RL105,
LAW-KR-000028,286949,철도산업발전기본법,철도산업법,act,,안전의무 소수 법령,중대시민재해-공중이용시설·공중교통수단,true,active,,,,,,,,,LAW-KR-RL106,
LAW-KR-000029,286933,해운법,해운법,act,,안전의무 다수 법령,중대시민재해-공중이용시설·공중교통수단,true,active,,,,,,,,,LAW-KR-RL107,
LAW-KR-000030,285915,농약관리법,농약관리법,act,,안전의무 보유 법령,중대시민재해-원료·제조물,true,active,,,,,,,,,LAW-KR-RL108,
LAW-KR-000031,286167,마약류 관리에 관한 법률,마약류관리법,act,,안전의무 보유 법령,중대시민재해-원료·제조물,true,active,,,,,,,,,LAW-KR-RL109,
LAW-KR-000032,276443,비료관리법,비료관리법,act,,안전의무 소수 법령,중대시민재해-원료·제조물,true,active,,,,,,,,,LAW-KR-RL110,
LAW-KR-000033,282555,생활화학제품 및 살생물제의 안전관리에 관한 법률,화학제품안전법,act,,안전의무 소수 법령,중대시민재해-원료·제조물,true,active,,,,,,,,,LAW-KR-RL111,
LAW-KR-000034,289781,의료기기법,의료기기법,act,,안전의무 다수 법령,중대시민재해-원료·제조물,true,active,,,,,,,,,LAW-KR-RL112,
LAW-KR-000035,276485,기업활동 규제완화에 관한 특별조치법,기업활동규제완화법,act,,안전의무 소수 법령,관계법령 의무이행(제4호),true,active,,,,,,,,,LAW-KR-RL113,
LAW-KR-000036,276245,전파법,전파법,act,,안전의무 보유 법령,중대시민재해-공중이용시설·공중교통수단,true,active,,,,,,,,,LAW-KR-RL114,
LAW-KR-000037,276057,공공기관의 운영에 관한 법률,공공기관운영법,act,,안전의무 미도출 법령,의무 미도출,true,active,,,,,,,,,LAW-KR-RL115,
LAW-KR-000038,277217,기상관측표준화법,기상관측표준화법,act,,안전의무 소수 법령,관계법령 의무이행(제4호),true,active,,,,,,,,,LAW-KR-RL116,
LAW-KR-000039,270843,항로표지법,항로표지법,act,,안전의무 다수 법령,중대시민재해-공중이용시설·공중교통수단,true,active,,,,,,,,,LAW-KR-RL117,
LAW-KR-000040,280029,계량에 관한 법률,계량법,act,,안전의무 소수 법령,관계법령 의무이행(제4호),true,active,,,,,,,,,LAW-KR-RL118,
LAW-KR-000041,285971,선박의 입항 및 출항 등에 관한 법률,선박입출항법,act,,안전의무 다수 법령,중대산업재해,true,active,,,,,,,,,LAW-KR-RL119,
LAW-KR-000042,284351,녹색건축물 조성 지원법,녹색건축법,act,,안전의무 소수 법령,중대시민재해-공중이용시설,true,active,,,,,,,,,LAW-KR-RL120,
LAW-KR-000043,243063,근로자참여 및 협력증진에 관한 법률,근로자참여협력법,act,,안전의무 소수 법령,관계법령 의무이행(제4호),true,active,,,,,,,,,LAW-KR-RL121,
LAW-KR-000044,286257,파견근로자 보호 등에 관한 법률,파견법,act,,안전의무 소수 법령,중대산업재해,true,active,,,,,,,,,LAW-KR-RL122,
LAW-KR-000045,284335,수소경제 육성 및 수소 안전관리에 관한 법률,수소법,act,,안전의무 보유 법령,중대산업재해,true,active,,,,,,,,,LAW-KR-RL123,
LAW-KR-000046,237427,지속가능한 기반시설 관리 기본법,기반시설관리법,act,,안전의무 다수 법령,중대시민재해-공중이용시설·공중교통수단,true,active,,,,,,,,,LAW-KR-RL124,
LAW-KR-000047,283033,미세먼지 저감 및 관리에 관한 특별법,미세먼지법,act,,안전의무 소수 법령,공통(환경),true,active,,,,,,,,,LAW-KR-RL125,
LAW-KR-000048,276767,악취방지법,악취방지법,act,,안전의무 보유 법령,공통(환경),true,active,,,,,,,,,LAW-KR-RL126,
LAW-KR-000049,283397,순환경제사회 전환 촉진법,순환경제사회법,act,,안전의무 미도출 법령,중대시민재해-원료·제조물,true,active,,,,,,,,,LAW-KR-RL127,
LAW-KR-000050,279801,환경오염피해 배상책임 및 구제에 관한 법률,환경오염피해구제법,act,,안전의무 소수 법령,중대산업재해,true,active,,,,,,,,,LAW-KR-RL128,
LAW-KR-000051,284109,환경분야 시험ㆍ검사 등에 관한 법률,환경시험검사법,act,,안전의무 보유 법령,공통(환경),true,active,,,,,,,,,LAW-KR-RL129,
LAW-KR-000052,286769,환경기술 및 환경산업 지원법,환경기술산업법,act,,안전의무 미도출 법령,중대산업재해,true,active,,,,,,,,,LAW-KR-RL130,
LAW-KR-000053,286775,물의 재이용 촉진 및 지원에 관한 법률,물재이용법,act,,안전의무 보유 법령,관계법령 의무이행(제4호),true,active,,,,,,,,,LAW-KR-RL131,
LAW-KR-000054,276791,지하수법,지하수법,act,,안전의무 보유 법령,관계법령 의무이행(제4호),true,active,,,,,,,,,LAW-KR-RL132,
LAW-KR-000055,279805,화학물질의 등록 및 평가 등에 관한 법률,화평법,act,,안전의무 다수 법령,중대시민재해-원료·제조물,true,active,,,,,,,,,LAW-KR-RL133,
LAW-KR-000056,276787,잔류성오염물질 관리법,잔류성물질법,act,,안전의무 보유 법령,중대시민재해-원료·제조물,true,active,,,,,,,,,LAW-KR-RL134,
LAW-KR-000057,276713,대기관리권역의 대기환경개선에 관한 특별법,대기관리권역법,act,,안전의무 소수 법령,중대시민재해-공중이용시설·공중교통수단,true,active,,,,,,,,,LAW-KR-RL135,
LAW-KR-000058,279295,온실가스 배출권의 할당 및 거래에 관한 법률,배출권거래법,act,,안전의무 미도출 법령,중대산업재해,true,active,,,,,,,,,LAW-KR-RL136,
LAW-KR-000059,,신에너지 및 재생에너지 개발ㆍ이용ㆍ보급 촉진법,신재생에너지법,act,,안전의무 보유 법령,중대시민재해-원료·제조물,true,active,,,,,,,,,LAW-KR-RL137,
LAW-KR-000060,284347,기후위기 대응을 위한 탄소중립ㆍ녹색성장 기본법,탄소중립기본법,act,,안전의무 미도출 법령,공통(환경),true,active,,,,,,,,,LAW-KR-RL138,
LAW-KR-000061,193381,제조물 책임법,제조물책임법,act,,안전의무 미도출 법령,중대시민재해-원료·제조물,true,active,,,,,,,,,LAW-KR-RL139,
LAW-KR-000062,284343,공유수면 관리 및 매립에 관한 법률,공유수면법,act,,안전의무 미도출 법령,의무 미도출,true,active,,,,,,,,,LAW-KR-RL140,
LAW-KR-000063,285157,수목원ㆍ정원의 조성 및 진흥에 관한 법률,수목원정원법,act,,안전의무 소수 법령,중대시민재해-공중이용시설·공중교통수단,true,active,,,,,,,,,LAW-KR-RL141,
LAW-KR-000064,283305,문화유산의 보존 및 활용에 관한 법률,문화유산법,act,,안전의무 소수 법령,관계법령 의무이행(제4호),true,active,,,,,,,,,LAW-KR-RL142,
LAW-KR-000065,283747,해양환경관리법,해양환경관리법,act,,안전의무 보유 법령,공통(환경),true,active,,,,,,,,,LAW-KR-RL143,
LAW-KR-000066,276753,소음ㆍ진동관리법,소음진동관리법,act,,안전의무 보유 법령,관계법령 의무이행(제4호),true,active,,,,,,,,,LAW-KR-RL144,
LAW-KR-000067,283441,물환경보전법,물환경보전법,act,,안전의무 보유 법령,중대시민재해-공중이용시설·공중교통수단,true,active,,,,,,,,,LAW-KR-RL145,
LAW-KR-000068,276833,환경영향평가법,환경영향평가법,act,,안전의무 보유 법령,관계법령 의무이행(제4호),true,active,,,,,,,,,LAW-KR-RL146,
LAW-KR-000069,283977,오존층 보호 등을 위한 특정물질의 관리에 관한 법률,오존층보호법,act,,안전의무 미도출 법령,의무 미도출,true,active,,,,,,,,,LAW-KR-RL147,
LAW-KR-000070,283445,자원의 절약과 재활용촉진에 관한 법률,자원재활용법,act,,안전의무 소수 법령,중대시민재해-원료·제조물,true,active,,,,,,,,,LAW-KR-RL148,
LAW-KR-000071,281911,토양환경보전법,토양환경보전법,act,,안전의무 보유 법령,공통(환경),true,active,,,,,,,,,LAW-KR-RL149,
LAW-KR-000072,284379,에너지법,에너지법,act,,안전의무 미도출 법령,중대산업재해,true,active,,,,,,,,,LAW-KR-RL150,
LAW-KR-000073,252871,해상교통안전법,해상교통안전법,act,,안전의무 보유 법령,중대시민재해-공중이용시설·공중교통수단,true,active,,,,,,,,,LAW-KR-RL151,
LAW-KR-000074,,도로의 구조ㆍ시설 기준에 관한 규칙,,act,,,,true,merged,,,,,LAW-KR-000114,,,,LAW-KR-RL152,20260914 도로법 가족 부령규칙으로 병합 — 이중 수록 정리(사용자 결정)
LAW-KR-000075,,도로의유지ㆍ보수등에관한규칙,,act,,,,true,merged,,,,,LAW-KR-000114,,,,LAW-KR-RL153,20260914 도로법 가족 부령규칙으로 병합 — 이중 수록 정리(사용자 결정)
LAW-KR-000076,245523,공공기관의 소방안전관리에 관한 규정,,act,,,,true,active,,,,,,,,,LAW-KR-RL154,
LAW-KR-000077,268077,교통사고처리 특례법,교통사고처리특례법,act,,안전의무 미도출 법령,의무 미도출,true,active,,,,,,,,,LAW-KR-RL155,
LAW-KR-000078,267421,수상에서의 수색ㆍ구조 등에 관한 법률,수상구조법,act,,안전의무 소수 법령,중대시민재해-공중이용시설·공중교통수단,true,active,,,,,,,,,LAW-KR-RL156,
LAW-KR-000079,283875,어선원 및 어선 재해보상보험법,어선원재해보험법,act,,안전의무 소수 법령,공통(재난),true,active,,,,,,,,,LAW-KR-RL157,
LAW-KR-000080,268881,풍수해ㆍ지진재해보험법,풍수해지진재해보험법,act,,안전의무 미도출 법령,의무 미도출,true,active,,,,,,,,,LAW-KR-RL158,
LAW-KR-000081,273371,농어업재해보험법,농어업재해보험법,act,,안전의무 소수 법령,공통(재난),true,active,,,,,,,,,LAW-KR-RL159,
LAW-KR-000082,283459,산업재해보상보험법,산재보험법,act,,안전의무 소수 법령,중대산업재해,true,active,,,,,,,,,LAW-KR-RL160,
LAW-KR-000083,279743,한국산업안전보건공단법,한국산업안전보건공단법,act,,안전의무 미도출 법령,중대산업재해,true,active,,,,,,,,,LAW-KR-RL161,
LAW-KR-000084,265973,한국원자력안전기술원법,한국원자력안전기술원법,act,,안전의무 미도출 법령,중대산업재해,true,active,,,,,,,,,LAW-KR-RL162,
LAW-KR-000085,283931,산업표준화법,산업표준화법,act,,안전의무 보유 법령,중대산업재해,true,active,,,,,,,,,LAW-KR-RL163,
LAW-KR-000086,266637,119구조ㆍ구급에 관한 법률,119구조구급법,act,,안전의무 보유 법령,관계법령 의무이행(제4호),true,active,,,,,,,,,LAW-KR-RL164,
LAW-KR-000087,281917,검역법,검역법,act,,안전의무 보유 법령,중대시민재해-공중이용시설·공중교통수단,true,active,,,,,,,,,LAW-KR-RL165,
LAW-KR-000088,266645,민방위기본법,민방위기본법,act,,안전의무 보유 법령,중대시민재해-공중이용시설·공중교통수단,true,active,,,,,,,,,LAW-KR-RL166,
LAW-KR-000089,259439,재해구호법,재해구호법,act,,안전의무 소수 법령,공통(재난),true,active,,,,,,,,,LAW-KR-RL167,
LAW-KR-000090,282479,경찰관 직무집행법,경찰관직무집행법,act,,안전의무 미도출 법령,의무 미도출,true,active,,,,,,,,,LAW-KR-RL168,
LAW-KR-000091,276679,의사상자 등 예우 및 지원에 관한 법률,의사상자법,act,,안전의무 미도출 법령,의무 미도출,true,active,,,,,,,,,LAW-KR-RL169,
LAW-KR-000092,283975,송유관 안전관리법,송유관안전관리법,act,,안전의무 소수 법령,관계법령 의무이행(제4호),true,active,,,,,,,,,LAW-KR-RL170,
LAW-KR-000093,259473,소방시설공사업법,소방시설공사업법,act,,안전의무 보유 법령,중대시민재해-공중이용시설·공중교통수단,true,active,,,,,,,,,LAW-KR-RL171,
LAW-KR-000094,276197,학교보건법,학교보건법,act,,안전의무 보유 법령,중대시민재해-공중이용시설·공중교통수단,true,active,,,,,,,,,LAW-KR-RL172,
LAW-KR-000095,276319,소하천정비법,소하천정비법,act,,안전의무 소수 법령,중대시민재해-공중이용시설·공중교통수단,true,active,,,,,,,,,LAW-KR-RL173,
LAW-KR-000096,276991,물류시설의 개발 및 운영에 관한 법률,물류시설법,act,,안전의무 소수 법령,중대시민재해-공중교통수단,true,active,,,,,,,,,LAW-KR-RL174,
LAW-KR-000097,284063,도시교통정비 촉진법,도시교통정비법,act,,안전의무 소수 법령,중대시민재해-공중이용시설·공중교통수단,true,active,,,,,,,,,LAW-KR-RL175,
LAW-KR-000098,284091,자연환경보전법,자연환경보전법,act,,안전의무 소수 법령,중대시민재해-공중이용시설·공중교통수단,true,active,,,,,,,,,LAW-KR-RL176,
LAW-KR-000099,265479,지역보건법,지역보건법,act,,안전의무 미도출 법령,의무 미도출,true,active,,,,,,,,,LAW-KR-RL177,
LAW-KR-000100,289591,축산법,축산법,act,,안전의무 소수 법령,중대시민재해-원료·제조물,true,active,,,,,,,,,LAW-KR-RL178,
LAW-KR-000101,243141,선박법,선박법,act,,안전의무 미도출 법령,중대시민재해-공중교통수단,true,active,,,,,,,,,LAW-KR-RL179,
LAW-KR-000102,273685,선박직원법,선박직원법,act,,안전의무 보유 법령,중대산업재해,true,active,,,,,,,,,LAW-KR-RL180,
LAW-KR-000103,289501,주택건설기준 등에 관한 규정,,act,,,,true,active,,,,,,,,,LAW-KR-RL181,
LAW-KR-000104,283991,환경친화적 자동차의 개발 및 보급 촉진에 관한 법률,친환경자동차법,act,,안전의무 소수 법령,중대시민재해-공중이용시설·공중교통수단,true,active,,,,,,,,,LAW-KR-RL182,
LAW-KR-000105,283929,산업집적활성화 및 공장설립에 관한 법률,산업집적법,act,,안전의무 소수 법령,중대산업재해,true,active,,,,,,,,,LAW-KR-RL183,
LAW-KR-000106,284367,산업입지 및 개발에 관한 법률,산업입지법,act,,안전의무 소수 법령,중대산업재해,true,active,,,,,,,,,LAW-KR-RL184,
LAW-KR-000107,279619,학교시설사업 촉진법,학교시설사업 촉진법,act,,안전의무 미도출 법령,중대시민재해-공중이용시설,true,active,,,,,,,,,LAW-KR-RL185,
LAW-KR-000108,277079,연안관리법,연안관리법,act,,안전의무 소수 법령,중대시민재해-공중이용시설·공중교통수단,true,active,,,,,,,,,LAW-KR-RL186,
LAW-KR-000109,282013,축산물 위생관리법,축산물위생관리법,act,,안전의무 보유 법령,관계법령 의무이행(제4호),true,active,,,,,,,,,LAW-KR-RL187,
LAW-KR-000110,285927,산림재난방지법,산림재난방지법,act,,안전의무 보유 법령,공통(재난),true,active,,,,,,,,,LAW-KR-RL188,
LAW-KR-000111,287993,환경오염시설의 통합관리에 관한 법률,환경오염시설법,act,,안전의무 소수 법령,공통(환경),true,active,,,,,,,,,LAW-KR-RL189,
LAW-KR-000112,267423,해양폐기물 및 해양오염퇴적물 관리법,해양폐기물관리법,act,,안전의무 소수 법령,중대산업재해,true,active,,,,,,,,,LAW-KR-RL190,
LAW-KR-000113,254099,교통안전법,교통안전법,act,,안전의무 보유 법령,중대시민재해-공중이용시설·공중교통수단,true,active,,,,,,,,,LAW-KR-RL21,
LAW-KR-000114,284465,도로법,도로법,act,,안전의무 보유 법령,중대시민재해-공중이용시설·공중교통수단,true,active,,,,,,LAW-KR-000074 LAW-KR-000075,,,LAW-KR-RL22,
LAW-KR-000115,267437,수상레저안전법,수상레저안전법,act,,안전의무 소수 법령,중대시민재해-공중이용시설·공중교통수단,true,active,,,,,,,,,LAW-KR-RL23,
LAW-KR-000116,281973,어선안전조업 및 어선원의 안전ㆍ보건 증진 등에 관한 법률,어선안전조업법,act,,안전의무 다수 법령,중대산업재해,true,active,,,,,,,,,LAW-KR-RL24,
LAW-KR-000117,248145,유선 및 도선 사업법,유선도선법,act,,안전의무 보유 법령,중대시민재해-공중이용시설·공중교통수단,true,active,,,,,,,,,LAW-KR-RL25,
LAW-KR-000118,260835,지진ㆍ화산재해대책법,지진화산재해대책법,act,,안전의무 보유 법령,공통,true,active,,,,,,,,,LAW-KR-RL26,
LAW-KR-000119,285605,체육시설의 설치ㆍ이용에 관한 법률,체육시설법,act,,안전의무 소수 법령,중대시민재해-공중이용시설·공중교통수단,true,active,,,,,,,,,LAW-KR-RL27,
LAW-KR-000120,283893,약사법,약사법,act,,안전의무 보유 법령,중대시민재해-원료·제조물,true,active,,,,,,,,,LAW-KR-RL28,
LAW-KR-000121,283763,건설기계관리법,건설기계관리법,act,,안전의무 소수 법령,중대산업재해,true,active,,,,,,,,,LAW-KR-RL29,
LAW-KR-000122,273437,건축법,건축법,act,,안전의무 보유 법령,중대산업재해,true,active,,,,,,,,,LAW-KR-RL30,
LAW-KR-000123,276559,에너지이용 합리화법,에너지이용합리화법,act,,안전의무 보유 법령,중대산업재해,true,active,,,,,,,,,LAW-KR-RL31,
LAW-KR-000124,268613,원자력시설 등의 방호 및 방사능 방재 대책법,방사능방재법,act,,안전의무 보유 법령,공통,true,active,,,,,,,,,LAW-KR-RL32,
LAW-KR-000125,268135,총포ㆍ도검ㆍ화약류 등의 안전관리에 관한 법률,총포화약법,act,,안전의무 보유 법령,중대산업재해,true,active,,,,,,,,,LAW-KR-RL33,
LAW-KR-000126,280429,응급의료에 관한 법률,응급의료법,act,,안전의무 보유 법령,중대시민재해-공중이용시설·공중교통수단,true,active,,,,,,,,,LAW-KR-RL34,
LAW-KR-000127,280445,감염병의 예방 및 관리에 관한 법률,감염병예방법,act,,안전의무 다수 법령,공통,true,active,,,,,,,,,LAW-KR-RL35,
LAW-KR-000128,276321,자연재해대책법,자연재해대책법,act,,안전의무 보유 법령,공통,true,active,,,,,,,,,LAW-KR-RL36,
LAW-KR-000129,281875,도로교통법,도로교통법,act,,안전의무 보유 법령,중대시민재해-공중이용시설·공중교통수단,true,active,,,,,,,,,LAW-KR-RL37,
LAW-KR-000130,286989,자동차관리법,자동차관리법,act,,안전의무 보유 법령,중대시민재해-공중이용시설·공중교통수단,true,active,,,,,,,,,LAW-KR-RL38,
LAW-KR-000131,277031,철도사업법,철도사업법,act,,안전의무 다수 법령,중대시민재해-공중이용시설·공중교통수단,true,active,,,,,,,,,LAW-KR-RL39,
LAW-KR-000132,283745,항공보안법,항공보안법,act,,안전의무 다수 법령,중대시민재해-공중이용시설·공중교통수단,true,active,,,,,,,,,LAW-KR-RL40,
LAW-KR-000133,273691,어선법,어선법,act,,안전의무 핵심 법령,중대산업재해,true,active,,,,,,,,,LAW-KR-RL41,
LAW-KR-000134,283707,항만법,항만법,act,,안전의무 다수 법령,공통,true,active,,,,,,,,,LAW-KR-RL42,
LAW-KR-000135,260239,급경사지 재해예방에 관한 법률,급경사지법,act,,안전의무 보유 법령,공통,true,active,,,,,,,,,LAW-KR-RL43,
LAW-KR-000136,284331,댐건설ㆍ관리 및 주변지역지원 등에 관한 법률,댐건설관리법,act,,안전의무 소수 법령,공통,true,active,,,,,,,,,LAW-KR-RL44,
LAW-KR-000137,284371,산지관리법,산지관리법,act,,안전의무 보유 법령,공통,true,active,,,,,,,,,LAW-KR-RL45,
LAW-KR-000138,284435,하천법,하천법,act,,안전의무 보유 법령,공통,true,active,,,,,,,,,LAW-KR-RL46,
LAW-KR-000139,283947,농어촌정비법,농어촌정비법,act,,안전의무 보유 법령,공통,true,active,,,,,,,,,LAW-KR-RL47,
LAW-KR-000140,218153,방조제 관리법,방조제관리법,act,,안전의무 소수 법령,공통,true,active,,,,,,,,,LAW-KR-RL48,
LAW-KR-000141,268865,사방사업법,사방사업법,act,,안전의무 소수 법령,공통,true,active,,,,,,,,,LAW-KR-RL49,
LAW-KR-000142,268869,산림보호법,산림보호법,act,,안전의무 보유 법령,공통,true,active,,,,,,,,,LAW-KR-RL50,
LAW-KR-000143,283899,의료법,의료법,act,,안전의무 다수 법령,중대시민재해-공중이용시설·공중교통수단,true,active,,,,,,,,,LAW-KR-RL51,
LAW-KR-000144,277179,산림복지 진흥에 관한 법률,산림복지법,act,,안전의무 소수 법령,중대시민재해-공중이용시설·공중교통수단,true,active,,,,,,,,,LAW-KR-RL52,
LAW-KR-000145,273435,건설산업기본법,건설산업기본법,act,,안전의무 소수 법령,중대산업재해,true,active,,,,,,,,,LAW-KR-RL53,
LAW-KR-000146,276695,건설폐기물의 재활용촉진에 관한 법률,건설폐기물재활용법,act,,안전의무 소수 법령,관계법령 의무이행(제4호),true,active,,,,,,,,,LAW-KR-RL54,
LAW-KR-000147,276467,광산피해의 방지 및 복구에 관한 법률,광산피해방지법,act,,안전의무 소수 법령,공통,true,active,,,,,,,,,LAW-KR-RL55,
LAW-KR-000148,283933,석유 및 석유대체연료 사업법,석유사업법,act,,안전의무 소수 법령,공통,true,active,,,,,,,,,LAW-KR-RL56,
LAW-KR-000149,283981,전기사업법,전기사업법,act,,안전의무 다수 법령,공통,true,active,,,,,,,,,LAW-KR-RL57,
LAW-KR-000150,284381,전기공사업법,전기공사업법,act,,안전의무 보유 법령,중대산업재해,true,active,,,,,,,,,LAW-KR-RL58,
LAW-KR-000151,284065,도시 및 주거환경정비법,도정법,act,,안전의무 미도출 법령,중대산업재해,true,active,,,,,,,,,LAW-KR-RL59,
LAW-KR-000152,289171,주택법,주택법,act,,안전의무 핵심 법령,공통,true,active,,,,,,,,,LAW-KR-RL60,
LAW-KR-000153,286459,소방기본법,소방기본법,act,,안전의무 소수 법령,공통,true,active,,,,,,,,,LAW-KR-RL61,
LAW-KR-000154,287811,대기환경보전법,대기환경보전법,act,,안전의무 보유 법령,공통,true,active,,,,,,,,,LAW-KR-RL62,
LAW-KR-000155,276593,전력기술관리법,전력기술관리법,act,,안전의무 다수 법령,중대산업재해,true,active,,,,,,,,,LAW-KR-RL63,
LAW-KR-000156,276591,전기용품 및 생활용품 안전관리법,전기생활용품안전법,act,,안전의무 보유 법령,중대시민재해-원료·제조물,true,active,,,,,,,,,LAW-KR-RL64,
LAW-KR-000157,284393,집단에너지사업법,집단에너지법,act,,안전의무 보유 법령,공통,true,active,,,,,,,,,LAW-KR-RL65,
LAW-KR-000158,259521,공중위생관리법,공중위생관리법,act,,안전의무 소수 법령,중대시민재해-공중이용시설·공중교통수단,true,active,,,,,,,,,LAW-KR-RL66,
LAW-KR-000159,272861,가축전염병 예방법,가축전염병예방법,act,,안전의무 보유 법령,관계법령 의무이행(제4호),true,active,,,,,,,,,LAW-KR-RL67,
LAW-KR-000160,228707,재해경감을 위한 기업의 자율활동 지원에 관한 법률,기업재해경감법,act,,안전의무 소수 법령,공통,true,active,,,,,,,,,LAW-KR-RL68,
LAW-KR-000161,283705,화재의 예방 및 안전관리에 관한 법률,화재예방법,act,,안전의무 보유 법령,공통,true,active,,,,,,,,,LAW-KR-RL69,
LAW-KR-000162,266691,건축물관리법,건축물관리법,act,,안전의무 보유 법령,공통,true,active,,,,,,,,,LAW-KR-RL70,
LAW-KR-000163,276765,실내공기질 관리법,실내공기질관리법,act,,안전의무 보유 법령,중대시민재해-공중이용시설·공중교통수단,true,active,,,,,,,,,LAW-KR-RL71,
LAW-KR-000164,273639,선원법,선원법,act,,안전의무 다수 법령,중대산업재해,true,active,,,,,,,,,LAW-KR-RL72,
LAW-KR-000165,283835,항만안전특별법,항만안전특별법,act,,안전의무 소수 법령,중대산업재해,true,active,,,,,,,,,LAW-KR-RL73,
LAW-KR-000166,283741,어린이놀이시설 안전관리법,어린이놀이시설안전관리법,act,,안전의무 보유 법령,관계법령 의무이행(제4호),true,active,,,,,,,,,LAW-KR-RL74,
LAW-KR-000167,283715,생활물류서비스산업발전법,생활물류서비스법,act,,안전의무 소수 법령,중대산업재해,true,active,,,,,,,,,LAW-KR-RL75,
LAW-KR-000168,258315,도시철도법,도시철도법,act,,안전의무 소수 법령,중대시민재해-공중이용시설·공중교통수단,true,active,,,,,,,,,LAW-KR-RL76,
LAW-KR-000169,284463,궤도운송법,궤도운송법,act,,안전의무 보유 법령,중대시민재해-공중이용시설·공중교통수단,true,active,,,,,,,,,LAW-KR-RL77,
LAW-KR-000170,265481,환자안전법,환자안전법,act,,안전의무 소수 법령,중대시민재해-공중이용시설·공중교통수단,true,active,,,,,,,,,LAW-KR-RL78,
LAW-KR-000171,259305,생활주변방사선 안전관리법,생활방사선법,act,,안전의무 보유 법령,중대시민재해-원료·제조물,true,active,,,,,,,,,LAW-KR-RL79,
LAW-KR-000172,243139,수상레저기구의 등록 및 검사에 관한 법률,수상레저기구등록법,act,,안전의무 핵심 법령,중대시민재해-공중이용시설·공중교통수단,true,active,,,,,,,,,LAW-KR-RL80,
LAW-KR-000173,271251,지하안전관리에 관한 특별법,지하안전법,act,,안전의무 보유 법령,중대시민재해-공중이용시설·공중교통수단,true,active,,,,,,,,,LAW-KR-RL81,
LAW-KR-000174,284311,수도법,수도법,act,,안전의무 보유 법령,중대시민재해-원료·제조물,true,active,,,,,,,,,LAW-KR-RL82,
LAW-KR-000175,276803,하수도법,하수도법,act,,안전의무 보유 법령,중대시민재해-공중이용시설·공중교통수단,true,active,,,,,,,,,LAW-KR-RL83,
LAW-KR-000176,276329,저수지ㆍ댐의 안전관리 및 재해예방에 관한 법률,저수지댐안전관리법,act,,안전의무 소수 법령,관계법령 의무이행(제4호),true,active,,,,,,,,,LAW-KR-RL84,
LAW-KR-000177,286613,철도의 건설 및 철도시설 유지관리에 관한 법률,철도건설법,act,,안전의무 다수 법령,중대시민재해-공중이용시설·공중교통수단,true,active,,,,,,,,,LAW-KR-RL85,
LAW-KR-000178,219239,기계설비법,기계설비법,act,,안전의무 보유 법령,중대시민재해-공중이용시설·공중교통수단,true,active,,,,,,,,,LAW-KR-RL86,
LAW-KR-000179,276749,석면안전관리법,석면안전관리법,act,,안전의무 보유 법령,중대시민재해-원료·제조물,true,active,,,,,,,,,LAW-KR-RL87,
LAW-KR-000180,260837,초고층 및 지하연계 복합건축물 재난관리에 관한 특별법,초고층재난관리법,act,,안전의무 보유 법령,중대시민재해-공중이용시설·공중교통수단,true,active,,,,,,,,,LAW-KR-RL88,
LAW-KR-000181,283743,주차장법,주차장법,act,,안전의무 보유 법령,중대시민재해-공중이용시설·공중교통수단,true,active,,,,,,,,,LAW-KR-RL89,
LAW-KR-000182,283673,공연법,공연법,act,,안전의무 보유 법령,중대시민재해-공중이용시설·공중교통수단,true,active,,,,,,,,,LAW-KR-RL90,
LAW-KR-000183,259173,장사 등에 관한 법률,장사법,act,,안전의무 보유 법령,중대시민재해-공중이용시설·공중교통수단,true,active,,,,,,,,,LAW-KR-RL91,
LAW-KR-000184,286391,여객자동차 운수사업법,여객자동차법,act,,안전의무 보유 법령,중대시민재해-공중이용시설·공중교통수단,true,active,,,,,,,,,LAW-KR-RL92,
LAW-KR-000185,259093,노인복지법,노인복지법,act,,안전의무 소수 법령,중대시민재해-공중이용시설·공중교통수단,true,active,,,,,,,,,LAW-KR-RL93,
LAW-KR-000186,276909,청소년활동 진흥법,청소년활동진흥법,act,,안전의무 소수 법령,중대시민재해-공중이용시설·공중교통수단,true,active,,,,,,,,,LAW-KR-RL94,
LAW-KR-000187,279659,관광진흥법,관광진흥법,act,,안전의무 소수 법령,중대시민재해-공중이용시설·공중교통수단,true,active,,,,,,,,,LAW-KR-RL95,
LAW-KR-000188,279665,도서관법,도서관법,act,,안전의무 소수 법령,중대시민재해-공중이용시설·공중교통수단,true,active,,,,,,,,,LAW-KR-RL96,
LAW-KR-000189,284079,박물관 및 미술관 진흥법,박물관미술관법,act,,안전의무 소수 법령,중대시민재해-공중이용시설·공중교통수단,true,active,,,,,,,,,LAW-KR-RL97,
LAW-KR-000190,286057,영유아보육법,영유아보육법,act,,안전의무 보유 법령,중대시민재해-공중이용시설·공중교통수단,true,active,,,,,,,,,LAW-KR-RL98,
LAW-KR-000191,289737,아동복지법,아동복지법,act,,안전의무 소수 법령,중대시민재해-원료·제조물,true,active,,,,,,,,,LAW-KR-RL99,
LAW-KR-000192,246611,선박안전법,선박안전법,act,,안전의무 보유 법령,중대산업재해+중대시민재해(공중교통수단),true,active,,,,,,,,,LAW-KR-SHIP,
LAW-KR-000193,284397,폐기물관리법,폐기물관리법,act,,안전의무 다수 법령,중대산업재해(+환경),true,active,,,,,,,,,LAW-KR-WAST,
LAW-KR-000195,285943,항만운송사업법,항만운송사업법,act,,안전의무 소수 법령,중대산업재해,true,active,,,,,,,,,,20260901 항만계열 보충수집
LAW-KR-000196,284405,항만공사법,항만공사법,act,,안전의무 소수 법령,중대산업재해,true,active,,,,,,,,,,20260901 항만계열 보충수집
LAW-KR-000197,284013,국토의 계획 및 이용에 관한 법률,국토계획법,act,,재난방지시설 정의 인용(재난안전법 시행령 제37조),공통(재난),true,active,,,,,,,,,,20260914 재난안전법 시행령 제37조 인용 법령 보충수집(E68)
LAW-KR-000198,284087,어촌ㆍ어항법,어촌어항법,act,,재난방지시설 정의 인용(재난안전법 시행령 제37조),공통(재난),true,active,,,,,,,,,,20260914 재난안전법 시행령 제37조 인용 법령 보충수집(E68)
LAW-KR-000199,276759,수자원의 조사ㆍ계획 및 관리에 관한 법률,수자원법,act,,재난방지시설 정의 인용(재난안전법 시행령 제37조),공통(재난),true,active,,,,,,,,,,20260914 재난안전법 시행령 제37조 인용 법령 보충수집(E68)
LAW-KR-000200,283979,유통산업발전법,유통산업발전법,act,,중대시민재해 59법 보충수집(대규모점포 — 공중이용시설),중대시민재해-공중이용시설,true,active,,,,,,,,,,20260914 사용자 지정 중대시민재해 59법 점검 — 정본에 없던 법 보충수집(E69)
LAW-KR-000201,265811,게임산업진흥에 관한 법률,,act,,A 보충수집 20260920a,,true,active,,,,,,,20241022,,,20260920a 묶음 A 보충수집 — 묶음 A 중처법 인용 16법
LAW-KR-000202,259603,교육시설 등의 안전 및 유지관리 등에 관한 법률,,act,,A 보충수집 20260920a,,true,active,,,,,,,20250207,,,20260920a 묶음 A 보충수집 — 묶음 A 중처법 인용 16법
LAW-KR-000203,283457,근로기준법,,act,,A 보충수집 20260920a,,true,active,,,,,,,20260820,,,20260920a 묶음 A 보충수집 — 묶음 A 중처법 인용 16법
LAW-KR-000204,286727,모자보건법,,act,,A 보충수집 20260920a,,true,active,,,,,,,20260910,,,20260920a 묶음 A 보충수집 — 묶음 A 중처법 인용 16법
LAW-KR-000205,223475,사격 및 사격장 안전관리에 관한 법률,,act,,A 보충수집 20260920a,,true,active,,,,,,,20210609,,,20260920a 묶음 A 보충수집 — 묶음 A 중처법 인용 16법
LAW-KR-000206,281985,소상공인 보호 및 지원에 관한 법률,,act,,A 보충수집 20260920a,,true,active,,,,,,,20260701,,,20260920a 묶음 A 보충수집 — 묶음 A 중처법 인용 16법
LAW-KR-000207,280155,소상공인기본법,,act,,A 보충수집 20260920a,,true,active,,,,,,,20260603,,,20260920a 묶음 A 보충수집 — 묶음 A 중처법 인용 16법
LAW-KR-000208,279649,영화 및 비디오물의 진흥에 관한 법률,,act,,A 보충수집 20260920a,,true,active,,,,,,,20260512,,,20260920a 묶음 A 보충수집 — 묶음 A 중처법 인용 16법
LAW-KR-000209,279749,위생용품 관리법,,act,,A 보충수집 20260920a,,true,active,,,,,,,20260512,,,20260920a 묶음 A 보충수집 — 묶음 A 중처법 인용 16법
LAW-KR-000210,270191,음악산업진흥에 관한 법률,,act,,A 보충수집 20260920a,,true,active,,,,,,,20250626,,,20260920a 묶음 A 보충수집 — 묶음 A 중처법 인용 16법
LAW-KR-000211,236053,전자문서 및 전자거래 기본법,,act,,A 보충수집 20260920a,,true,active,,,,,,,20221020,,,20260920a 묶음 A 보충수집 — 묶음 A 중처법 인용 16법
LAW-KR-000212,280271,전통시장 및 상점가 육성을 위한 특별법,,act,,A 보충수집 20260920a,,true,active,,,,,,,20260617,,,20260920a 묶음 A 보충수집 — 묶음 A 중처법 인용 16법
LAW-KR-000213,284391,지방공기업법,,act,,A 보충수집 20260920a,,true,active,,,,,,,20260918,,,20260920a 묶음 A 보충수집 — 묶음 A 중처법 인용 16법
LAW-KR-000214,249991,학원의 설립ㆍ운영 및 과외교습에 관한 법률,,act,,A 보충수집 20260920a,,true,active,,,,,,,20231019,,,20260920a 묶음 A 보충수집 — 묶음 A 중처법 인용 16법
LAW-KR-000215,280131,항공사업법,,act,,A 보충수집 20260920a,,true,active,,,,,,,20260603,,,20260920a 묶음 A 보충수집 — 묶음 A 중처법 인용 16법
LAW-KR-000216,281941,장애인복지법,,act,,A 보충수집 20260920a,,true,active,,,,,,,20260701,,,20260920a 묶음 A 보충수집 — 묶음 A 중처법 인용 16법
LAW-KR-000217,259283,건강기능식품에 관한 법률,,act,,B 보충수집 20260920b,,true,active,,,,,,,20240724,,,20260920b 묶음 B 보충수집 — 묶음 B 원료·제조물 법령
LAW-KR-000218,273431,농수산물 품질관리법,,act,,B 보충수집 20260920b,,true,active,,,,,,,20260827,,,20260920b 묶음 B 보충수집 — 묶음 B 원료·제조물 법령
LAW-KR-000219,276727,먹는물관리법,,act,,B 보충수집 20260920b,,true,active,,,,,,,20251001,,,20260920b 묶음 B 보충수집 — 묶음 B 원료·제조물 법령
LAW-KR-000220,255451,사료관리법,,act,,B 보충수집 20260920b,,true,active,,,,,,,20240425,,,20260920b 묶음 B 보충수집 — 묶음 B 원료·제조물 법령
LAW-KR-000221,283837,소비자기본법,,act,,B 보충수집 20260920b,,true,active,,,,,,,20260911,,,20260920b 묶음 B 보충수집 — 묶음 B 원료·제조물 법령
LAW-KR-000222,269925,수입식품안전관리 특별법,,act,,B 보충수집 20260920b,,true,active,,,,,,,20260101,,,20260920b 묶음 B 보충수집 — 묶음 B 원료·제조물 법령
LAW-KR-000223,276551,어린이제품 안전 특별법,,act,,B 보충수집 20260920b,,true,active,,,,,,,20251001,,,20260920b 묶음 B 보충수집 — 묶음 B 원료·제조물 법령
LAW-KR-000224,280055,제품안전기본법,,act,,B 보충수집 20260920b,,true,active,,,,,,,20260603,,,20260920b 묶음 B 보충수집 — 묶음 B 원료·제조물 법령
LAW-KR-000225,283421,학교급식법,,act,,B 보충수집 20260920b,,true,active,,,,,,,20270220,,,20260920b 묶음 B 보충수집 — 묶음 B 원료·제조물 법령
LAW-KR-000226,270323,화장품법,,act,,B 보충수집 20260920b,,true,active,,,,,,,20260402,,,20260920b 묶음 B 보충수집 — 묶음 B 원료·제조물 법령
LAW-KR-000227,213521,국민 안전교육 진흥 기본법,,act,,C 보충수집 20260920c,,true,active,,,,,,,20200129,,,20260920c 묶음 C 보충수집 — 묶음 C 정본 밖 11법 — 사용자 검수 O(09-20)
LAW-KR-000228,253665,노인ㆍ장애인 등 사회복지시설의 급식안전 지원에 관한 법률,,act,,C 보충수집 20260920c,,true,active,,,,,,,20240209,,,20260920c 묶음 C 보충수집 — 묶음 C 정본 밖 11법 — 사용자 검수 O(09-20)
LAW-KR-000229,248781,보행안전 및 편의증진에 관한 법률,,act,,C 보충수집 20260920c,,true,active,,,,,,,20230915,,,20260920c 묶음 C 보충수집 — 묶음 C 정본 밖 11법 — 사용자 검수 O(09-20)
LAW-KR-000230,254811,소규모 공공시설 안전관리 등에 관한 법률,,act,,C 보충수집 20260920c,,true,active,,,,,,,20240915,,,20260920c 묶음 C 보충수집 — 묶음 C 정본 밖 11법 — 사용자 검수 O(09-20)
LAW-KR-000231,269927,식품안전기본법,,act,,C 보충수집 20260920c,,true,active,,,,,,,20260319,,,20260920c 묶음 C 보충수집 — 묶음 C 정본 밖 11법 — 사용자 검수 O(09-20)
LAW-KR-000232,253663,어린이 식생활안전관리 특별법,,act,,C 보충수집 20260920c,,true,active,,,,,,,20230808,,,20260920c 묶음 C 보충수집 — 묶음 C 정본 밖 11법 — 사용자 검수 O(09-20)
LAW-KR-000233,265473,의료사고 피해구제 및 의료분쟁 조정 등에 관한 법률,,act,,C 보충수집 20260920c,,true,active,,,,,,,20250621,,,20260920c 묶음 C 보충수집 — 묶음 C 정본 밖 11법 — 사용자 검수 O(09-20)
LAW-KR-000234,276325,재난관리자원의 관리 등에 관한 법률,,act,,C 보충수집 20260920c,,true,active,,,,,,,20251001,,,20260920c 묶음 C 보충수집 — 묶음 C 정본 밖 11법 — 사용자 검수 O(09-20)
LAW-KR-000235,279761,정신건강증진 및 정신질환자 복지서비스 지원에 관한 법률,,act,,C 보충수집 20260920c,,true,active,,,,,,,20260212,,,20260920c 묶음 C 보충수집 — 묶음 C 정본 밖 11법 — 사용자 검수 O(09-20)
LAW-KR-000236,253319,국민보호와 공공안전을 위한 테러방지법,,act,,C 보충수집 20260920c,,true,active,,,,,,,20240209,,,20260920c 묶음 C 보충수집 — 묶음 C 정본 밖 11법 — 사용자 검수 O(09-20)
LAW-KR-000237,276327,재해위험 개선사업 및 이주대책에 관한 특별법,,act,,C 보충수집 20260920c,,true,active,,,,,,,20251001,,,20260920c 묶음 C 보충수집 — 묶음 C 정본 밖 11법 — 사용자 검수 O(09-20)
LAW-KR-000238,283709,공무원 재해보상법,,act,,D 보충수집 20260920d1,,true,active,,,,,,,20270228,,,20260920d1 묶음 D 보충수집 — 묶음 D 1순위 5법 — 사용자 검수 O(09-20 · 56법 분류 우선순위 1)
LAW-KR-000239,286627,국민체육진흥법,,act,,D 보충수집 20260920d1,,true,active,,,,,,,20260602,,,20260920d1 묶음 D 보충수집 — 묶음 D 1순위 5법 — 사용자 검수 O(09-20 · 56법 분류 우선순위 1)
LAW-KR-000240,276721,도시하천유역 침수피해방지대책법,,act,,D 보충수집 20260920d1,,true,active,,,,,,,20251001,,,20260920d1 묶음 D 보충수집 — 묶음 D 1순위 5법 — 사용자 검수 O(09-20 · 56법 분류 우선순위 1)
LAW-KR-000241,253647,진폐의 예방과 진폐근로자의 보호 등에 관한 법률,,act,,D 보충수집 20260920d1,,true,active,,,,,,,20230808,,,20260920d1 묶음 D 보충수집 — 묶음 D 1순위 5법 — 사용자 검수 O(09-20 · 56법 분류 우선순위 1)
LAW-KR-000242,279803,환경보건법,,act,,D 보충수집 20260920d1,,true,active,,,,,,,20260512,,,20260920d1 묶음 D 보충수집 — 묶음 D 1순위 5법 — 사용자 검수 O(09-20 · 56법 분류 우선순위 1)
LAW-KR-000243,284009,공동주택관리법,,act,,D 보충수집 20260920d2,,true,active,,,,,,,20260701,,,20260920d2 묶음 D 보충수집 — 묶음 D 나머지 9법
LAW-KR-000244,283381,방송통신발전 기본법,,act,,D 보충수집 20260920d2,,true,active,,,,,,,20260820,,,20260920d2 묶음 D 보충수집 — 묶음 D 나머지 9법
LAW-KR-000245,238763,비상대비에 관한 법률,,act,,D 보충수집 20260920d2,,true,active,,,,,,,20220705,,,20260920d2 묶음 D 보충수집 — 묶음 D 나머지 9법
LAW-KR-000246,279791,야생생물 보호 및 관리에 관한 법률,,act,,D 보충수집 20260920d2,,true,active,,,,,,,20260512,,,20260920d2 묶음 D 보충수집 — 묶음 D 나머지 9법
LAW-KR-000247,270841,연안사고 예방에 관한 법률,,act,,D 보충수집 20260920d2,,true,active,,,,,,,20251023,,,20260920d2 묶음 D 보충수집 — 묶음 D 나머지 9법
LAW-KR-000248,284315,원양산업발전법,,act,,D 보충수집 20260920d2,,true,active,,,,,,,20260918,,,20260920d2 묶음 D 보충수집 — 묶음 D 나머지 9법
LAW-KR-000249,232629,재난안전통신망법,,act,,D 보충수집 20260920d2,,true,active,,,,,,,20211209,,,20260920d2 묶음 D 보충수집 — 묶음 D 나머지 9법
LAW-KR-000250,280025,학교안전사고 예방 및 보상에 관한 법률,,act,,D 보충수집 20260920d2,,true,active,,,,,,,20251202,,,20260920d2 묶음 D 보충수집 — 묶음 D 나머지 9법
LAW-KR-000251,285153,해수욕장의 이용 및 관리에 관한 법률,,act,,D 보충수집 20260920d2,,true,active,,,,,,,20260701,,,20260920d2 묶음 D 보충수집 — 묶음 D 나머지 9법
