hazard_id,contract_id,hazard_place,hazard_factor,risk_level,measure
HZD-0001-1,CTR-0001,작업 구간,추락·낙하,높음,안전난간·안전대 착용·낙하물 방지망 설치
HZD-0001-2,CTR-0001,중장비 반입로,협착·충돌,보통,유도자 배치·작업구역 통제·후방감지기
HZD-0001-3,CTR-0001,전기 인입부,감전,보통,작업 전 검전·절연 보호구·활선작업 금지
HZD-0002-1,CTR-0002,작업 구간,추락·낙하,높음,안전난간·안전대 착용·낙하물 방지망 설치
HZD-0002-2,CTR-0002,중장비 반입로,협착·충돌,보통,유도자 배치·작업구역 통제·후방감지기
HZD-0002-3,CTR-0002,전기 인입부,감전,보통,작업 전 검전·절연 보호구·활선작업 금지
HZD-0002-4,CTR-0002,자재 적치장,전도·붕괴,보통,적재 높이 제한·받침 고정
HZD-0003-1,CTR-0003,작업 구간,추락·낙하,높음,안전난간·안전대 착용·낙하물 방지망 설치
HZD-0003-2,CTR-0003,중장비 반입로,협착·충돌,높음,유도자 배치·작업구역 통제·후방감지기
HZD-0003-3,CTR-0003,전기 인입부,감전,보통,작업 전 검전·절연 보호구·활선작업 금지
HZD-0003-4,CTR-0003,자재 적치장,전도·붕괴,보통,적재 높이 제한·받침 고정
HZD-0004-1,CTR-0004,작업 구간,추락·낙하,높음,안전난간·안전대 착용·낙하물 방지망 설치
HZD-0004-2,CTR-0004,중장비 반입로,협착·충돌,보통,유도자 배치·작업구역 통제·후방감지기
HZD-0004-3,CTR-0004,전기 인입부,감전,보통,작업 전 검전·절연 보호구·활선작업 금지
HZD-0005-1,CTR-0005,점검 통로,추락,보통,점검발판·안전대 부착설비
HZD-0005-2,CTR-0005,작업 구간,추락·전도,보통,안전난간·미끄럼 주의 표지·정리정돈
HZD-0006-1,CTR-0006,점검 통로,추락,보통,점검발판·안전대 부착설비
HZD-0006-2,CTR-0006,작업 구간,추락·전도,보통,안전난간·미끄럼 주의 표지·정리정돈
HZD-0006-3,CTR-0006,차도 인접 구간,차량 충돌,낮음,신호수 배치·차선 통제·반사조끼 착용
HZD-0007-1,CTR-0007,점검 통로,추락,보통,점검발판·안전대 부착설비
HZD-0007-2,CTR-0007,작업 구간,추락·전도,보통,안전난간·미끄럼 주의 표지·정리정돈
HZD-0007-3,CTR-0007,차도 인접 구간,차량 충돌,낮음,신호수 배치·차선 통제·반사조끼 착용
HZD-0007-4,CTR-0007,이동 동선,미끄러짐,낮음,작업 전 동선 점검·야간 조명
HZD-0008-1,CTR-0008,작업 구간,추락·전도,보통,안전난간·미끄럼 주의 표지·정리정돈
HZD-0008-2,CTR-0008,차도 인접 구간,차량 충돌,낮음,신호수 배치·차선 통제·반사조끼 착용
HZD-0008-3,CTR-0008,이동 동선,미끄러짐,낮음,작업 전 동선 점검·야간 조명
HZD-0009-1,CTR-0009,작업 구간,추락·전도,보통,안전난간·미끄럼 주의 표지·정리정돈
HZD-0009-2,CTR-0009,차도 인접 구간,차량 충돌,보통,신호수 배치·차선 통제·반사조끼 착용
HZD-0009-3,CTR-0009,이동 동선,미끄러짐,낮음,작업 전 동선 점검·야간 조명
HZD-0010-1,CTR-0010,작업 구간,추락·전도,보통,안전난간·미끄럼 주의 표지·정리정돈
HZD-0010-2,CTR-0010,차도 인접 구간,차량 충돌,높음,신호수 배치·차선 통제·반사조끼 착용
HZD-0011-1,CTR-0011,수배전반,감전·아크,높음,정전 작업 원칙·검전 확인·아크 보호복
HZD-0011-2,CTR-0011,작업 구간,추락·낙하,보통,안전난간·안전대 착용·낙하물 방지망 설치
HZD-0011-3,CTR-0011,중장비 반입로,협착·충돌,낮음,유도자 배치·작업구역 통제·후방감지기
HZD-0011-4,CTR-0011,전기 인입부,감전,보통,작업 전 검전·절연 보호구·활선작업 금지
HZD-0012-1,CTR-0012,작업 구간,추락·전도,보통,안전난간·미끄럼 주의 표지·정리정돈
HZD-0012-2,CTR-0012,차도 인접 구간,차량 충돌,보통,신호수 배치·차선 통제·반사조끼 착용
HZD-0012-3,CTR-0012,이동 동선,미끄러짐,낮음,작업 전 동선 점검·야간 조명
HZD-0013-1,CTR-0013,작업 구간,추락·낙하,높음,안전난간·안전대 착용·낙하물 방지망 설치
HZD-0013-2,CTR-0013,중장비 반입로,협착·충돌,낮음,유도자 배치·작업구역 통제·후방감지기
HZD-0014-1,CTR-0014,작업 구간,추락·낙하,높음,안전난간·안전대 착용·낙하물 방지망 설치
HZD-0014-2,CTR-0014,중장비 반입로,협착·충돌,낮음,유도자 배치·작업구역 통제·후방감지기
HZD-0014-3,CTR-0014,전기 인입부,감전,보통,작업 전 검전·절연 보호구·활선작업 금지
HZD-0015-1,CTR-0015,처리시설 내부,유해가스·질식,높음,가스 측정·송기마스크·구조 장비 대기
HZD-0015-2,CTR-0015,취급 구역,화학물질 노출,낮음,보호구 지급·MSDS 비치·국소배기
HZD-0015-3,CTR-0015,밀폐공간,질식,높음,산소·유해가스 측정·환기·감시인 배치
HZD-0016-1,CTR-0016,처리시설 내부,유해가스·질식,높음,가스 측정·송기마스크·구조 장비 대기
HZD-0016-2,CTR-0016,작업 구간,추락·전도,보통,안전난간·미끄럼 주의 표지·정리정돈
HZD-0016-3,CTR-0016,차도 인접 구간,차량 충돌,낮음,신호수 배치·차선 통제·반사조끼 착용
HZD-0016-4,CTR-0016,이동 동선,미끄러짐,낮음,작업 전 동선 점검·야간 조명
HZD-0017-1,CTR-0017,회전기기 정비,협착,높음,전원 차단·잠금표지(LOTO)
HZD-0017-2,CTR-0017,작업 구간,추락·낙하,보통,안전난간·안전대 착용·낙하물 방지망 설치
HZD-0017-3,CTR-0017,중장비 반입로,협착·충돌,보통,유도자 배치·작업구역 통제·후방감지기
HZD-0017-4,CTR-0017,전기 인입부,감전,보통,작업 전 검전·절연 보호구·활선작업 금지
HZD-0018-1,CTR-0018,점검 통로,추락,보통,점검발판·안전대 부착설비
HZD-0018-2,CTR-0018,작업 구간,추락·전도,보통,안전난간·미끄럼 주의 표지·정리정돈
HZD-0018-3,CTR-0018,차도 인접 구간,차량 충돌,보통,신호수 배치·차선 통제·반사조끼 착용
HZD-0018-4,CTR-0018,이동 동선,미끄러짐,낮음,작업 전 동선 점검·야간 조명
HZD-0019-1,CTR-0019,수배전반,감전·아크,높음,정전 작업 원칙·검전 확인·아크 보호복
HZD-0019-2,CTR-0019,작업 구간,추락·낙하,높음,안전난간·안전대 착용·낙하물 방지망 설치
HZD-0019-3,CTR-0019,중장비 반입로,협착·충돌,보통,유도자 배치·작업구역 통제·후방감지기
HZD-0020-1,CTR-0020,작업 구간,추락·전도,보통,안전난간·미끄럼 주의 표지·정리정돈
HZD-0020-2,CTR-0020,차도 인접 구간,차량 충돌,보통,신호수 배치·차선 통제·반사조끼 착용
HZD-0020-3,CTR-0020,이동 동선,미끄러짐,낮음,작업 전 동선 점검·야간 조명
HZD-0021-1,CTR-0021,회전기기 정비,협착,높음,전원 차단·잠금표지(LOTO)
HZD-0021-2,CTR-0021,작업 구간,추락·낙하,높음,안전난간·안전대 착용·낙하물 방지망 설치
HZD-0021-3,CTR-0021,중장비 반입로,협착·충돌,보통,유도자 배치·작업구역 통제·후방감지기
HZD-0021-4,CTR-0021,전기 인입부,감전,보통,작업 전 검전·절연 보호구·활선작업 금지
HZD-0022-1,CTR-0022,처리시설 내부,유해가스·질식,높음,가스 측정·송기마스크·구조 장비 대기
HZD-0022-2,CTR-0022,작업 구간,추락·전도,보통,안전난간·미끄럼 주의 표지·정리정돈
HZD-0022-3,CTR-0022,차도 인접 구간,차량 충돌,낮음,신호수 배치·차선 통제·반사조끼 착용
HZD-0023-1,CTR-0023,점검 통로,추락,보통,점검발판·안전대 부착설비
HZD-0023-2,CTR-0023,작업 구간,추락·전도,보통,안전난간·미끄럼 주의 표지·정리정돈
HZD-0024-1,CTR-0024,처리시설 내부,유해가스·질식,높음,가스 측정·송기마스크·구조 장비 대기
HZD-0024-2,CTR-0024,취급 구역,화학물질 노출,보통,보호구 지급·MSDS 비치·국소배기
HZD-0024-3,CTR-0024,밀폐공간,질식,낮음,산소·유해가스 측정·환기·감시인 배치
HZD-0025-1,CTR-0025,작업 구간,추락·낙하,높음,안전난간·안전대 착용·낙하물 방지망 설치
HZD-0025-2,CTR-0025,중장비 반입로,협착·충돌,낮음,유도자 배치·작업구역 통제·후방감지기
HZD-0025-3,CTR-0025,전기 인입부,감전,보통,작업 전 검전·절연 보호구·활선작업 금지
HZD-0026-1,CTR-0026,점검 통로,추락,보통,점검발판·안전대 부착설비
HZD-0026-2,CTR-0026,작업 구간,추락·전도,보통,안전난간·미끄럼 주의 표지·정리정돈
HZD-0026-3,CTR-0026,차도 인접 구간,차량 충돌,보통,신호수 배치·차선 통제·반사조끼 착용
HZD-0026-4,CTR-0026,이동 동선,미끄러짐,낮음,작업 전 동선 점검·야간 조명
HZD-0027-1,CTR-0027,작업 구간,추락·전도,보통,안전난간·미끄럼 주의 표지·정리정돈
HZD-0027-2,CTR-0027,차도 인접 구간,차량 충돌,낮음,신호수 배치·차선 통제·반사조끼 착용
HZD-0027-3,CTR-0027,이동 동선,미끄러짐,낮음,작업 전 동선 점검·야간 조명
HZD-0028-1,CTR-0028,회전기기 정비,협착,높음,전원 차단·잠금표지(LOTO)
HZD-0028-2,CTR-0028,작업 구간,추락·전도,보통,안전난간·미끄럼 주의 표지·정리정돈
HZD-0029-1,CTR-0029,점검 통로,추락,보통,점검발판·안전대 부착설비
HZD-0029-2,CTR-0029,작업 구간,추락·전도,보통,안전난간·미끄럼 주의 표지·정리정돈
HZD-0029-3,CTR-0029,차도 인접 구간,차량 충돌,보통,신호수 배치·차선 통제·반사조끼 착용
HZD-0029-4,CTR-0029,이동 동선,미끄러짐,낮음,작업 전 동선 점검·야간 조명
HZD-0030-1,CTR-0030,작업 구간,추락·낙하,높음,안전난간·안전대 착용·낙하물 방지망 설치
HZD-0030-2,CTR-0030,중장비 반입로,협착·충돌,낮음,유도자 배치·작업구역 통제·후방감지기
HZD-0030-3,CTR-0030,전기 인입부,감전,보통,작업 전 검전·절연 보호구·활선작업 금지
HZD-0030-4,CTR-0030,자재 적치장,전도·붕괴,보통,적재 높이 제한·받침 고정
HZD-0031-1,CTR-0031,점검 통로,추락,보통,점검발판·안전대 부착설비
HZD-0031-2,CTR-0031,작업 구간,추락·전도,보통,안전난간·미끄럼 주의 표지·정리정돈
HZD-0031-3,CTR-0031,차도 인접 구간,차량 충돌,보통,신호수 배치·차선 통제·반사조끼 착용
HZD-0032-1,CTR-0032,수배전반,감전·아크,높음,정전 작업 원칙·검전 확인·아크 보호복
HZD-0032-2,CTR-0032,작업 구간,추락·낙하,낮음,안전난간·안전대 착용·낙하물 방지망 설치
HZD-0032-3,CTR-0032,중장비 반입로,협착·충돌,보통,유도자 배치·작업구역 통제·후방감지기
HZD-0033-1,CTR-0033,작업 구간,추락·전도,보통,안전난간·미끄럼 주의 표지·정리정돈
HZD-0033-2,CTR-0033,차도 인접 구간,차량 충돌,보통,신호수 배치·차선 통제·반사조끼 착용
HZD-0033-3,CTR-0033,이동 동선,미끄러짐,낮음,작업 전 동선 점검·야간 조명
HZD-0034-1,CTR-0034,고소 전지 작업,추락,낮음,고소작업대 사용·안전대 착용
HZD-0034-2,CTR-0034,작업 구간,추락·전도,보통,안전난간·미끄럼 주의 표지·정리정돈
HZD-0034-3,CTR-0034,차도 인접 구간,차량 충돌,보통,신호수 배치·차선 통제·반사조끼 착용
HZD-0035-1,CTR-0035,작업 구간,추락·전도,보통,안전난간·미끄럼 주의 표지·정리정돈
HZD-0035-2,CTR-0035,차도 인접 구간,차량 충돌,보통,신호수 배치·차선 통제·반사조끼 착용
HZD-0036-1,CTR-0036,점검 통로,추락,보통,점검발판·안전대 부착설비
HZD-0036-2,CTR-0036,작업 구간,추락·전도,보통,안전난간·미끄럼 주의 표지·정리정돈
HZD-0036-3,CTR-0036,차도 인접 구간,차량 충돌,높음,신호수 배치·차선 통제·반사조끼 착용
HZD-0037-1,CTR-0037,고소 전지 작업,추락,높음,고소작업대 사용·안전대 착용
HZD-0037-2,CTR-0037,작업 구간,추락·낙하,높음,안전난간·안전대 착용·낙하물 방지망 설치
HZD-0037-3,CTR-0037,중장비 반입로,협착·충돌,보통,유도자 배치·작업구역 통제·후방감지기
HZD-0037-4,CTR-0037,전기 인입부,감전,보통,작업 전 검전·절연 보호구·활선작업 금지
HZD-0038-1,CTR-0038,고소 전지 작업,추락,보통,고소작업대 사용·안전대 착용
HZD-0038-2,CTR-0038,작업 구간,추락·전도,보통,안전난간·미끄럼 주의 표지·정리정돈
HZD-0038-3,CTR-0038,차도 인접 구간,차량 충돌,낮음,신호수 배치·차선 통제·반사조끼 착용
HZD-0038-4,CTR-0038,이동 동선,미끄러짐,낮음,작업 전 동선 점검·야간 조명
HZD-0039-1,CTR-0039,작업 구간,추락·전도,보통,안전난간·미끄럼 주의 표지·정리정돈
HZD-0039-2,CTR-0039,차도 인접 구간,차량 충돌,높음,신호수 배치·차선 통제·반사조끼 착용
HZD-0039-3,CTR-0039,이동 동선,미끄러짐,낮음,작업 전 동선 점검·야간 조명
HZD-0040-1,CTR-0040,작업 구간,추락·낙하,높음,안전난간·안전대 착용·낙하물 방지망 설치
HZD-0040-2,CTR-0040,중장비 반입로,협착·충돌,보통,유도자 배치·작업구역 통제·후방감지기
HZD-0040-3,CTR-0040,전기 인입부,감전,보통,작업 전 검전·절연 보호구·활선작업 금지
HZD-0041-1,CTR-0041,점검 통로,추락,보통,점검발판·안전대 부착설비
HZD-0041-2,CTR-0041,작업 구간,추락·전도,보통,안전난간·미끄럼 주의 표지·정리정돈
HZD-0041-3,CTR-0041,차도 인접 구간,차량 충돌,보통,신호수 배치·차선 통제·반사조끼 착용
HZD-0042-1,CTR-0042,하역 구역,차량 충돌,보통,하역 시간 분리·유도자 배치
HZD-0042-2,CTR-0042,창고,전도,낮음,적재 기준 준수·지게차 운행로 분리
HZD-0043-1,CTR-0043,작업 구간,추락·전도,보통,안전난간·미끄럼 주의 표지·정리정돈
HZD-0043-2,CTR-0043,차도 인접 구간,차량 충돌,높음,신호수 배치·차선 통제·반사조끼 착용
HZD-0043-3,CTR-0043,이동 동선,미끄러짐,낮음,작업 전 동선 점검·야간 조명
HZD-0044-1,CTR-0044,작업 구간,추락·낙하,높음,안전난간·안전대 착용·낙하물 방지망 설치
HZD-0044-2,CTR-0044,중장비 반입로,협착·충돌,보통,유도자 배치·작업구역 통제·후방감지기
HZD-0045-1,CTR-0045,취급 구역,화학물질 노출,낮음,보호구 지급·MSDS 비치·국소배기
HZD-0045-2,CTR-0045,밀폐공간,질식,낮음,산소·유해가스 측정·환기·감시인 배치
HZD-0045-3,CTR-0045,적재 구역,전도·낙하,보통,적재 높이 제한·고정
HZD-0046-1,CTR-0046,취급 구역,화학물질 노출,낮음,보호구 지급·MSDS 비치·국소배기
HZD-0046-2,CTR-0046,밀폐공간,질식,보통,산소·유해가스 측정·환기·감시인 배치
HZD-0046-3,CTR-0046,적재 구역,전도·낙하,보통,적재 높이 제한·고정
HZD-0047-1,CTR-0047,하역 구역,차량 충돌,보통,하역 시간 분리·유도자 배치
HZD-0047-2,CTR-0047,창고,전도,낮음,적재 기준 준수·지게차 운행로 분리
HZD-0048-1,CTR-0048,점검 통로,추락,보통,점검발판·안전대 부착설비
HZD-0048-2,CTR-0048,작업 구간,추락·전도,보통,안전난간·미끄럼 주의 표지·정리정돈
HZD-0049-1,CTR-0049,처리시설 내부,유해가스·질식,높음,가스 측정·송기마스크·구조 장비 대기
HZD-0049-2,CTR-0049,작업 구간,추락·전도,보통,안전난간·미끄럼 주의 표지·정리정돈
HZD-0049-3,CTR-0049,차도 인접 구간,차량 충돌,낮음,신호수 배치·차선 통제·반사조끼 착용
HZD-0049-4,CTR-0049,이동 동선,미끄러짐,낮음,작업 전 동선 점검·야간 조명
HZD-0050-1,CTR-0050,작업 구간,추락·전도,보통,안전난간·미끄럼 주의 표지·정리정돈
HZD-0050-2,CTR-0050,차도 인접 구간,차량 충돌,낮음,신호수 배치·차선 통제·반사조끼 착용
HZD-0050-3,CTR-0050,이동 동선,미끄러짐,낮음,작업 전 동선 점검·야간 조명
HZD-0051-1,CTR-0051,취급 구역,화학물질 노출,높음,보호구 지급·MSDS 비치·국소배기
HZD-0051-2,CTR-0051,밀폐공간,질식,보통,산소·유해가스 측정·환기·감시인 배치
HZD-0051-3,CTR-0051,적재 구역,전도·낙하,보통,적재 높이 제한·고정
HZD-0052-1,CTR-0052,점검 통로,추락,보통,점검발판·안전대 부착설비
HZD-0052-2,CTR-0052,작업 구간,추락·전도,보통,안전난간·미끄럼 주의 표지·정리정돈
HZD-0053-1,CTR-0053,작업 구간,추락·낙하,높음,안전난간·안전대 착용·낙하물 방지망 설치
HZD-0053-2,CTR-0053,중장비 반입로,협착·충돌,보통,유도자 배치·작업구역 통제·후방감지기
HZD-0054-1,CTR-0054,작업 구간,추락·전도,보통,안전난간·미끄럼 주의 표지·정리정돈
HZD-0054-2,CTR-0054,차도 인접 구간,차량 충돌,낮음,신호수 배치·차선 통제·반사조끼 착용
HZD-0054-3,CTR-0054,이동 동선,미끄러짐,낮음,작업 전 동선 점검·야간 조명
HZD-0055-1,CTR-0055,점검 통로,추락,보통,점검발판·안전대 부착설비
HZD-0055-2,CTR-0055,작업 구간,추락·전도,보통,안전난간·미끄럼 주의 표지·정리정돈
HZD-0055-3,CTR-0055,차도 인접 구간,차량 충돌,높음,신호수 배치·차선 통제·반사조끼 착용
HZD-0056-1,CTR-0056,작업 구간,추락·전도,보통,안전난간·미끄럼 주의 표지·정리정돈
HZD-0056-2,CTR-0056,차도 인접 구간,차량 충돌,보통,신호수 배치·차선 통제·반사조끼 착용
HZD-0057-1,CTR-0057,점검 통로,추락,보통,점검발판·안전대 부착설비
HZD-0057-2,CTR-0057,작업 구간,추락·전도,보통,안전난간·미끄럼 주의 표지·정리정돈
HZD-0058-1,CTR-0058,점검 통로,추락,보통,점검발판·안전대 부착설비
HZD-0058-2,CTR-0058,작업 구간,추락·전도,보통,안전난간·미끄럼 주의 표지·정리정돈
HZD-0058-3,CTR-0058,차도 인접 구간,차량 충돌,보통,신호수 배치·차선 통제·반사조끼 착용
HZD-0058-4,CTR-0058,이동 동선,미끄러짐,낮음,작업 전 동선 점검·야간 조명
HZD-0059-1,CTR-0059,작업 구간,추락·전도,보통,안전난간·미끄럼 주의 표지·정리정돈
HZD-0059-2,CTR-0059,차도 인접 구간,차량 충돌,보통,신호수 배치·차선 통제·반사조끼 착용
HZD-0059-3,CTR-0059,이동 동선,미끄러짐,낮음,작업 전 동선 점검·야간 조명
HZD-0060-1,CTR-0060,점검 통로,추락,보통,점검발판·안전대 부착설비
HZD-0060-2,CTR-0060,작업 구간,추락·전도,보통,안전난간·미끄럼 주의 표지·정리정돈
HZD-0061-1,CTR-0061,점검 통로,추락,보통,점검발판·안전대 부착설비
HZD-0061-2,CTR-0061,작업 구간,추락·전도,보통,안전난간·미끄럼 주의 표지·정리정돈
HZD-0061-3,CTR-0061,차도 인접 구간,차량 충돌,낮음,신호수 배치·차선 통제·반사조끼 착용
HZD-0061-4,CTR-0061,이동 동선,미끄러짐,낮음,작업 전 동선 점검·야간 조명
HZD-0062-1,CTR-0062,처리시설 내부,유해가스·질식,높음,가스 측정·송기마스크·구조 장비 대기
HZD-0062-2,CTR-0062,작업 구간,추락·전도,보통,안전난간·미끄럼 주의 표지·정리정돈
HZD-0063-1,CTR-0063,처리시설 내부,유해가스·질식,높음,가스 측정·송기마스크·구조 장비 대기
HZD-0063-2,CTR-0063,작업 구간,추락·전도,보통,안전난간·미끄럼 주의 표지·정리정돈
HZD-0064-1,CTR-0064,처리시설 내부,유해가스·질식,높음,가스 측정·송기마스크·구조 장비 대기
HZD-0064-2,CTR-0064,작업 구간,추락·전도,보통,안전난간·미끄럼 주의 표지·정리정돈
HZD-0065-1,CTR-0065,점검 통로,추락,보통,점검발판·안전대 부착설비
HZD-0065-2,CTR-0065,작업 구간,추락·전도,보통,안전난간·미끄럼 주의 표지·정리정돈
HZD-0066-1,CTR-0066,작업 구간,추락·전도,보통,안전난간·미끄럼 주의 표지·정리정돈
HZD-0066-2,CTR-0066,차도 인접 구간,차량 충돌,보통,신호수 배치·차선 통제·반사조끼 착용
HZD-0067-1,CTR-0067,수배전반,감전·아크,높음,정전 작업 원칙·검전 확인·아크 보호복
HZD-0067-2,CTR-0067,작업 구간,추락·낙하,보통,안전난간·안전대 착용·낙하물 방지망 설치
HZD-0067-3,CTR-0067,중장비 반입로,협착·충돌,보통,유도자 배치·작업구역 통제·후방감지기
HZD-0068-1,CTR-0068,작업 구간,추락·전도,보통,안전난간·미끄럼 주의 표지·정리정돈
HZD-0068-2,CTR-0068,차도 인접 구간,차량 충돌,보통,신호수 배치·차선 통제·반사조끼 착용
HZD-0069-1,CTR-0069,하역 구역,차량 충돌,보통,하역 시간 분리·유도자 배치
HZD-0069-2,CTR-0069,창고,전도,낮음,적재 기준 준수·지게차 운행로 분리
HZD-0070-1,CTR-0070,작업 구간,추락·전도,보통,안전난간·미끄럼 주의 표지·정리정돈
HZD-0070-2,CTR-0070,차도 인접 구간,차량 충돌,높음,신호수 배치·차선 통제·반사조끼 착용
HZD-0070-3,CTR-0070,이동 동선,미끄러짐,낮음,작업 전 동선 점검·야간 조명
HZD-0071-1,CTR-0071,하역 구역,차량 충돌,보통,하역 시간 분리·유도자 배치
HZD-0071-2,CTR-0071,창고,전도,낮음,적재 기준 준수·지게차 운행로 분리
