asset_id,asset_name,asset_gbn,asset_kind,asset_class,safety_grade,completed_ymd,addr,dept_id,source,sapa_l2_result,sapa_basis,need_data,verified,subject_tier,subject_name,subject_source,subject_note,mgmt_class,mgmt_laws,res_storage_k,res_dam_height,res_emergency_plan
AR1998-0002431,용인도시공사 청사,건축물,기타,3종,B등급,19980529,경기도 용인시 처인구 ,D09,FMS,검토필요,시행령 별표3 제5호 2)3),연면적·층수·용도,N,용인도시공사,(추정) 용인도시공사,estimated,명칭 추정 — 관리주체 원본 미확인,중처법 공중이용시설,시설물의 안전 및 유지관리에 관한 특별법 · 석면안전관리법 · 기계설비법,,,
AR2003-0006407,용인시 실내체육관,건축물,다중이용건축물,2종,B등급,20030402,경기도 용인시 처인구 경안천로 76 (마평동),D09,FMS,검토필요,시행령 별표3 제5호 2)3),연면적·층수·용도,N,용인도시공사,용인도시공사,api,지방공기업 — 중처법 제2조제9호나목의 별도 경영책임자,중처법 공중이용시설,시설물의 안전 및 유지관리에 관한 특별법 · 석면안전관리법 · 기계설비법,,,
AR2004-0004612,용인시 평생학습관,건축물,다중이용건축물,2종,B등급,20040715,경기도 용인시 수지구 문정로7번길 15 (풍덕천동),D09,FMS,검토필요,시행령 별표3 제5호 2)3),연면적·층수·용도,N,용인시,용인시 평생학습관,api,용인시 본청·소속기관,중처법 공중이용시설,시설물의 안전 및 유지관리에 관한 특별법 · 석면안전관리법 · 기계설비법,,,
AR2005-0002918,용인시문화복지행정타운본청사,건축물,대형건축물,2종,B등급,20050625,경기도 용인시 처인구 중부대로 1199 (삼가동),D09,FMS,검토필요,시행령 별표3 제5호 2)3),연면적·층수·용도,N,용인시,용인시 재산관리과,api,용인시 본청·소속기관,중처법 공중이용시설,시설물의 안전 및 유지관리에 관한 특별법 · 석면안전관리법 · 기계설비법,,,
AR2005-0003904,용인시문화복지행정타운문화예술원,건축물,다중이용건축물,2종,B등급,20050625,경기도 용인시 처인구 중부대로,D09,FMS,검토필요,시행령 별표3 제5호 2)3),연면적·층수·용도,N,용인시,용인시 재산관리과,api,용인시 본청·소속기관,중처법 공중이용시설,시설물의 안전 및 유지관리에 관한 특별법 · 석면안전관리법 · 기계설비법,,,
AR2005-0003905,용인시문화복지행정타운복지센타,건축물,다중이용건축물,2종,B등급,20050625,경기도 용인시 처인구 중부대로,D09,FMS,검토필요,시행령 별표3 제5호 2)3),연면적·층수·용도,N,용인시,용인시 재산관리과,api,용인시 본청·소속기관,중처법 공중이용시설,시설물의 안전 및 유지관리에 관한 특별법 · 석면안전관리법 · 기계설비법,,,
AR2009-0002925,용인시민체육센터,건축물,다중이용건축물,2종,B등급,20091203,경기도 용인시 처인구 포곡읍 금어로 317,D09,FMS,검토필요,시행령 별표3 제5호 2)3),연면적·층수·용도,N,용인도시공사,용인도시공사,api,지방공기업 — 중처법 제2조제9호나목의 별도 경영책임자,중처법 공중이용시설,시설물의 안전 및 유지관리에 관한 특별법 · 석면안전관리법 · 기계설비법,,,
AR2010-0002931,용인종합운동장,건축물,다중이용건축물,2종,B등급,19950926,경기도 용인시 처인구 경안천로,D09,FMS,검토필요,시행령 별표3 제5호 2)3),연면적·층수·용도,N,용인도시공사,용인도시공사,api,지방공기업 — 중처법 제2조제9호나목의 별도 경영책임자,중처법 공중이용시설,시설물의 안전 및 유지관리에 관한 특별법 · 석면안전관리법 · 기계설비법,,,
AR2012-0002015,아르피아스포츠센터,건축물,다중이용건축물,2종,B등급,20120527,경기도 용인시 수지구 포은대로 499 (죽전동),D09,FMS,검토필요,시행령 별표3 제5호 2)3),연면적·층수·용도,N,용인도시공사,용인도시공사,api,지방공기업 — 중처법 제2조제9호나목의 별도 경영책임자,중처법 공중이용시설,시설물의 안전 및 유지관리에 관한 특별법 · 석면안전관리법 · 기계설비법,,,
AR2018-0000223,용인미르스타디움,건축물,대형건축물,1종,불명,20171120,경기도 용인시 처인구 삼가동,D09,FMS,검토필요,시행령 별표3 제5호 2)3),연면적·층수·용도,N,용인도시공사,용인도시공사,api,지방공기업 — 중처법 제2조제9호나목의 별도 경영책임자,중처법 공중이용시설,시설물의 안전 및 유지관리에 관한 특별법 · 석면안전관리법 · 기계설비법,,,
AR2018-0002175,남사 스포츠센터,건축물,다중이용건축물,2종,불명,20180626,경기도 용인시 처인구 남사면,D09,FMS,검토필요,시행령 별표3 제5호 2)3),연면적·층수·용도,N,용인도시공사,용인도시공사,api,지방공기업 — 중처법 제2조제9호나목의 별도 경영책임자,중처법 공중이용시설,시설물의 안전 및 유지관리에 관한 특별법 · 석면안전관리법 · 기계설비법,,,
BR1992-0000156,용인고가육교,교량,도로교량,2종,C등급,19921222,경기도 용인시 처인구 김량장동,D03,FMS,검토필요,시행령 제3조제4호 가목,연장(m),N,용인시,용인시 처인구청 도로과,api,용인시 본청·소속기관,중처법 공중이용시설,시설물의 안전 및 유지관리에 관한 특별법 · 도로법 · 보행안전 및 편의증진에 관한 법률,,,
BR1992-0000904,오산천보도교,교량,도로교량,2종,B등급,19921231,경기도 용인시 기흥구 구갈동,D03,FMS,검토필요,시행령 제3조제4호 가목,연장(m),N,용인시,용인시 기흥구청 도로과,api,용인시 본청·소속기관,중처법 공중이용시설,시설물의 안전 및 유지관리에 관한 특별법 · 도로법 · 보행안전 및 편의증진에 관한 법률,,,
BR1993-0000845,전궁교,교량,도로교량,2종,B등급,19931006,경기도 용인시 처인구 남사면 전궁리,D03,FMS,검토필요,시행령 제3조제4호 가목,연장(m),N,용인시,용인시 처인구청 도로과,api,용인시 본청·소속기관,중처법 공중이용시설,시설물의 안전 및 유지관리에 관한 특별법 · 도로법 · 보행안전 및 편의증진에 관한 법률,,,
BR1996-0000136,(신)왕산교,교량,도로교량,2종,C등급,19960903,경기도 용인시 처인구 모현면 왕산리,D03,FMS,검토필요,시행령 제3조제4호 가목,연장(m),N,용인시,용인시 처인구청 도로과,api,용인시 본청·소속기관,중처법 공중이용시설,시설물의 안전 및 유지관리에 관한 특별법 · 도로법 · 보행안전 및 편의증진에 관한 법률,,,
BR1997-0000183,보라횡단교,교량,도로교량,1종,B등급,19971215,경기도 용인시 기흥구 보라동,D03,FMS,검토필요,시행령 제3조제4호 가목,연장(m),N,용인시,용인시 기흥구청 도로과,api,용인시 본청·소속기관,중처법 공중이용시설,시설물의 안전 및 유지관리에 관한 특별법 · 도로법 · 보행안전 및 편의증진에 관한 법률,,,
BR1997-0000185,하갈교,교량,도로교량,2종,B등급,19971215,경기도 용인시 기흥구 하갈동,D03,FMS,검토필요,시행령 제3조제4호 가목,연장(m),N,용인시,용인시 기흥구청 도로과,api,용인시 본청·소속기관,중처법 공중이용시설,시설물의 안전 및 유지관리에 관한 특별법 · 도로법 · 보행안전 및 편의증진에 관한 법률,,,
BR1999-0000081,오산천교,교량,도로교량,2종,C등급,19990731,경기도 용인시 기흥구 농서동,D03,FMS,검토필요,시행령 제3조제4호 가목,연장(m),N,용인시,용인시 기흥구청 도로과,api,용인시 본청·소속기관,중처법 공중이용시설,시설물의 안전 및 유지관리에 관한 특별법 · 도로법 · 보행안전 및 편의증진에 관한 법률,,,
BR1999-0000261,영덕고가차도(상),교량,도로교량,1종,B등급,19991225,경기도 용인시 기흥구 영덕동,D03,FMS,검토필요,시행령 제3조제4호 가목,연장(m),N,용인시,용인시 기흥구청 도로과,api,용인시 본청·소속기관,중처법 공중이용시설,시설물의 안전 및 유지관리에 관한 특별법 · 도로법 · 보행안전 및 편의증진에 관한 법률,,,
BR1999-0000262,영덕고가차도(하),교량,도로교량,1종,B등급,19991225,경기도 용인시 기흥구 영덕동,D03,FMS,검토필요,시행령 제3조제4호 가목,연장(m),N,용인시,용인시 기흥구청 도로과,api,용인시 본청·소속기관,중처법 공중이용시설,시설물의 안전 및 유지관리에 관한 특별법 · 도로법 · 보행안전 및 편의증진에 관한 법률,,,
BR2000-0000080,독정교,교량,도로교량,2종,B등급,20000531,경기도 용인시 기흥구 보정동,D03,FMS,검토필요,시행령 제3조제4호 가목,연장(m),N,용인시,용인시 기흥구청 도로과,api,용인시 본청·소속기관,중처법 공중이용시설,시설물의 안전 및 유지관리에 관한 특별법 · 도로법 · 보행안전 및 편의증진에 관한 법률,,,
BR2000-0000084,보정교,교량,도로교량,2종,B등급,20000531,경기도 용인시 기흥구 보정동,D03,FMS,검토필요,시행령 제3조제4호 가목,연장(m),N,용인시,용인시 기흥구청 도로과,api,용인시 본청·소속기관,중처법 공중이용시설,시설물의 안전 및 유지관리에 관한 특별법 · 도로법 · 보행안전 및 편의증진에 관한 법률,,,
BR2000-0000090,죽전고가차도,교량,도로교량,1종,B등급,20000531,경기도 용인시 수지구 죽전동,D03,FMS,검토필요,시행령 제3조제4호 가목,연장(m),N,용인시,용인시 수지구청 건설도로과,api,용인시 본청·소속기관,중처법 공중이용시설,시설물의 안전 및 유지관리에 관한 특별법 · 도로법 · 보행안전 및 편의증진에 관한 법률,,,
BR2000-0000151,상하교,교량,도로교량,1종,C등급,20001030,경기도 용인시 기흥구 상하동,D03,FMS,검토필요,시행령 제3조제4호 가목,연장(m),N,용인시,용인시 기흥구청 도로과,api,용인시 본청·소속기관,중처법 공중이용시설,시설물의 안전 및 유지관리에 관한 특별법 · 도로법 · 보행안전 및 편의증진에 관한 법률,,,
BR2004-0000628,(신)수포교,교량,도로교량,2종,C등급,19971231,경기도 용인시 처인구 유방동,D03,FMS,검토필요,시행령 제3조제4호 가목,연장(m),N,용인시,용인시 처인구청 도로과,api,용인시 본청·소속기관,중처법 공중이용시설,시설물의 안전 및 유지관리에 관한 특별법 · 도로법 · 보행안전 및 편의증진에 관한 법률,,,
BR2004-0001988,풍덕고가차도,교량,도로교량,1종,B등급,20040830,경기도 용인시 수지구 풍덕천동,D03,FMS,검토필요,시행령 제3조제4호 가목,연장(m),N,용인시,용인시 수지구청 건설도로과,api,용인시 본청·소속기관,중처법 공중이용시설,시설물의 안전 및 유지관리에 관한 특별법 · 도로법 · 보행안전 및 편의증진에 관한 법률,,,
BR2004-0001989,풍덕고가(RAMP-A교),교량,도로교량,1종,B등급,20040830,경기도 용인시 수지구 풍덕천동,D03,FMS,검토필요,시행령 제3조제4호 가목,연장(m),N,용인시,용인시 수지구청 건설도로과,api,용인시 본청·소속기관,중처법 공중이용시설,시설물의 안전 및 유지관리에 관한 특별법 · 도로법 · 보행안전 및 편의증진에 관한 법률,,,
BR2004-0001990,풍덕고가(RAMP-B교),교량,도로교량,1종,B등급,20040830,경기도 용인시 수지구 풍덕천동,D03,FMS,검토필요,시행령 제3조제4호 가목,연장(m),N,용인시,용인시 수지구청 건설도로과,api,용인시 본청·소속기관,중처법 공중이용시설,시설물의 안전 및 유지관리에 관한 특별법 · 도로법 · 보행안전 및 편의증진에 관한 법률,,,
BR2004-0002027,신갈제1고가차도,교량,도로교량,1종,C등급,20041031,경기도 용인시 기흥구 신갈동,D03,FMS,검토필요,시행령 제3조제4호 가목,연장(m),N,용인시,용인시 기흥구청 도로과,api,용인시 본청·소속기관,중처법 공중이용시설,시설물의 안전 및 유지관리에 관한 특별법 · 도로법 · 보행안전 및 편의증진에 관한 법률,,,
BR2004-0002028,신갈제2고가차도,교량,도로교량,1종,B등급,20041031,경기도 용인시 기흥구 신갈동,D03,FMS,검토필요,시행령 제3조제4호 가목,연장(m),N,용인시,용인시 기흥구청 도로과,api,용인시 본청·소속기관,중처법 공중이용시설,시설물의 안전 및 유지관리에 관한 특별법 · 도로법 · 보행안전 및 편의증진에 관한 법률,,,
BR2004-0002101,공세1교,교량,도로교량,1종,B등급,20041015,경기도 용인시 기흥구 공세동,D03,FMS,검토필요,시행령 제3조제4호 가목,연장(m),N,용인시,용인시 기흥구청 도로과,api,용인시 본청·소속기관,중처법 공중이용시설,시설물의 안전 및 유지관리에 관한 특별법 · 도로법 · 보행안전 및 편의증진에 관한 법률,,,
BR2004-0002102,공세2교,교량,도로교량,1종,B등급,20041015,경기도 용인시 기흥구 공세동,D03,FMS,검토필요,시행령 제3조제4호 가목,연장(m),N,용인시,용인시 기흥구청 도로과,api,용인시 본청·소속기관,중처법 공중이용시설,시설물의 안전 및 유지관리에 관한 특별법 · 도로법 · 보행안전 및 편의증진에 관한 법률,,,
BR2004-0002103,상갈육교,교량,도로교량,1종,B등급,20041015,경기도 용인시 기흥구 상갈동,D03,FMS,검토필요,시행령 제3조제4호 가목,연장(m),N,용인시,용인시 기흥구청 도로과,api,용인시 본청·소속기관,중처법 공중이용시설,시설물의 안전 및 유지관리에 관한 특별법 · 도로법 · 보행안전 및 편의증진에 관한 법률,,,
BR2005-0000279,남리교(상행선),교량,도로교량,1종,C등급,20041230,경기도 용인시 처인구 남동,D03,FMS,검토필요,시행령 제3조제4호 가목,연장(m),N,용인시,용인시 처인구청 도로과,api,용인시 본청·소속기관,중처법 공중이용시설,시설물의 안전 및 유지관리에 관한 특별법 · 도로법 · 보행안전 및 편의증진에 관한 법률,,,
BR2005-0000280,남리교(하행선),교량,도로교량,1종,C등급,20041230,경기도 용인시 처인구 남동,D03,FMS,검토필요,시행령 제3조제4호 가목,연장(m),N,용인시,용인시 처인구청 도로과,api,용인시 본청·소속기관,중처법 공중이용시설,시설물의 안전 및 유지관리에 관한 특별법 · 도로법 · 보행안전 및 편의증진에 관한 법률,,,
BR2005-0000281,기선교,교량,도로교량,1종,B등급,20041230,경기도 용인시 처인구 남동,D03,FMS,검토필요,시행령 제3조제4호 가목,연장(m),N,용인시,용인시 처인구청 도로과,api,용인시 본청·소속기관,중처법 공중이용시설,시설물의 안전 및 유지관리에 관한 특별법 · 도로법 · 보행안전 및 편의증진에 관한 법률,,,
BR2005-0000282,마평육교(상행선),교량,도로교량,1종,B등급,20041230,경기도 용인시 처인구 마평동,D03,FMS,검토필요,시행령 제3조제4호 가목,연장(m),N,용인시,용인시 처인구청 도로과,api,용인시 본청·소속기관,중처법 공중이용시설,시설물의 안전 및 유지관리에 관한 특별법 · 도로법 · 보행안전 및 편의증진에 관한 법률,,,
BR2005-0000283,마평육교(하행선),교량,도로교량,1종,B등급,20041230,경기도 용인시 처인구 마평동,D03,FMS,검토필요,시행령 제3조제4호 가목,연장(m),N,용인시,용인시 처인구청 도로과,api,용인시 본청·소속기관,중처법 공중이용시설,시설물의 안전 및 유지관리에 관한 특별법 · 도로법 · 보행안전 및 편의증진에 관한 법률,,,
BR2005-0000637,탄천 1교,교량,도로교량,1종,B등급,20041229,경기도 용인시 수지구 죽전동,D03,FMS,검토필요,시행령 제3조제4호 가목,연장(m),N,용인시,용인시 수지구청 건설도로과,api,용인시 본청·소속기관,중처법 공중이용시설,시설물의 안전 및 유지관리에 관한 특별법 · 도로법 · 보행안전 및 편의증진에 관한 법률,,,
BR2005-0000638,현메교,교량,도로교량,1종,B등급,20041229,경기도 용인시 수지구 죽전동,D03,FMS,검토필요,시행령 제3조제4호 가목,연장(m),N,용인시,용인시 수지구청 건설도로과,api,용인시 본청·소속기관,중처법 공중이용시설,시설물의 안전 및 유지관리에 관한 특별법 · 도로법 · 보행안전 및 편의증진에 관한 법률,,,
BR2005-0000639,동아고가교,교량,도로교량,1종,B등급,20041229,경기도 용인시 기흥구 보정동,D03,FMS,검토필요,시행령 제3조제4호 가목,연장(m),N,용인시,용인시 기흥구청 도로과,api,용인시 본청·소속기관,중처법 공중이용시설,시설물의 안전 및 유지관리에 관한 특별법 · 도로법 · 보행안전 및 편의증진에 관한 법률,,,
BR2005-0000717,신국도43호선 연결램프교,교량,도로교량,1종,B등급,20041229,경기도 용인시 수지구 죽전동,D03,FMS,검토필요,시행령 제3조제4호 가목,연장(m),N,용인시,용인시 수지구청 건설도로과,api,용인시 본청·소속기관,중처법 공중이용시설,시설물의 안전 및 유지관리에 관한 특별법 · 도로법 · 보행안전 및 편의증진에 관한 법률,,,
BR2006-0000127,상마곡교(죽전방향),교량,도로교량,1종,B등급,20051229,경기도 용인시 기흥구 마북동,D03,FMS,검토필요,시행령 제3조제4호 가목,연장(m),N,용인시,용인시 기흥구청 도로과,api,용인시 본청·소속기관,중처법 공중이용시설,시설물의 안전 및 유지관리에 관한 특별법 · 도로법 · 보행안전 및 편의증진에 관한 법률,,,
BR2006-0000128,상마곡교(동백방향),교량,도로교량,2종,B등급,20051229,경기도 용인시 기흥구 마북동,D03,FMS,검토필요,시행령 제3조제4호 가목,연장(m),N,용인시,용인시 기흥구청 도로과,api,용인시 본청·소속기관,중처법 공중이용시설,시설물의 안전 및 유지관리에 관한 특별법 · 도로법 · 보행안전 및 편의증진에 관한 법률,,,
BR2006-0000743,우당육교,교량,도로교량,1종,B등급,20051229,경기도 용인시 기흥구 마북동,D03,FMS,검토필요,시행령 제3조제4호 가목,연장(m),N,용인시,용인시 기흥구청 도로과,api,용인시 본청·소속기관,중처법 공중이용시설,시설물의 안전 및 유지관리에 관한 특별법 · 도로법 · 보행안전 및 편의증진에 관한 법률,,,
BR2006-0000827,언동육교,교량,도로교량,2종,B등급,20051229,경기도 용인시 기흥구 언남동,D03,FMS,검토필요,시행령 제3조제4호 가목,연장(m),N,용인시,용인시 기흥구청 도로과,api,용인시 본청·소속기관,중처법 공중이용시설,시설물의 안전 및 유지관리에 관한 특별법 · 도로법 · 보행안전 및 편의증진에 관한 법률,,,
BR2007-0000723,수역교,교량,도로교량,2종,C등급,20030630,경기도 용인시 처인구 이동면 어비리,D03,FMS,검토필요,시행령 제3조제4호 가목,연장(m),N,용인시,용인시 처인구청 도로과,api,용인시 본청·소속기관,중처법 공중이용시설,시설물의 안전 및 유지관리에 관한 특별법 · 도로법 · 보행안전 및 편의증진에 관한 법률,,,
BR2007-0000724,봉천교,교량,도로교량,2종,C등급,19920816,경기도 용인시 처인구 백암면 용천리,D03,FMS,검토필요,시행령 제3조제4호 가목,연장(m),N,용인시,용인시 처인구청 도로과,api,용인시 본청·소속기관,중처법 공중이용시설,시설물의 안전 및 유지관리에 관한 특별법 · 도로법 · 보행안전 및 편의증진에 관한 법률,,,
BR2007-0000725,남리대교,교량,도로교량,2종,C등급,19940712,경기도 용인시 처인구 남동,D03,FMS,검토필요,시행령 제3조제4호 가목,연장(m),N,용인시,용인시 처인구청 도로과,api,용인시 본청·소속기관,중처법 공중이용시설,시설물의 안전 및 유지관리에 관한 특별법 · 도로법 · 보행안전 및 편의증진에 관한 법률,,,
BR2007-0000726,유림교,교량,도로교량,2종,C등급,19990109,경기도 용인시 처인구 유방동,D03,FMS,검토필요,시행령 제3조제4호 가목,연장(m),N,용인시,용인시 처인구청 도로과,api,용인시 본청·소속기관,중처법 공중이용시설,시설물의 안전 및 유지관리에 관한 특별법 · 도로법 · 보행안전 및 편의증진에 관한 법률,,,
BR2008-0000456,신역1교,교량,도로교량,1종,B등급,20071130,경기도 용인시 기흥구 신갈동,D03,FMS,검토필요,시행령 제3조제4호 가목,연장(m),N,용인시,용인시 기흥구청 도로과,api,용인시 본청·소속기관,중처법 공중이용시설,시설물의 안전 및 유지관리에 관한 특별법 · 도로법 · 보행안전 및 편의증진에 관한 법률,,,
BR2008-0000457,흥덕IC교,교량,도로교량,2종,B등급,20071130,경기도 용인시 기흥구 신갈동,D03,FMS,검토필요,시행령 제3조제4호 가목,연장(m),N,용인시,용인시 기흥구청 도로과,api,용인시 본청·소속기관,중처법 공중이용시설,시설물의 안전 및 유지관리에 관한 특별법 · 도로법 · 보행안전 및 편의증진에 관한 법률,,,
BR2008-0000636,풍덕천제2고가차도,교량,도로교량,1종,B등급,20080430,경기도 용인시 수지구 죽전동,D03,FMS,검토필요,시행령 제3조제4호 가목,연장(m),N,용인시,용인시 수지구청 건설도로과,api,용인시 본청·소속기관,중처법 공중이용시설,시설물의 안전 및 유지관리에 관한 특별법 · 도로법 · 보행안전 및 편의증진에 관한 법률,,,
BR2008-0000700,공세교,교량,도로교량,2종,B등급,20080328,경기도 용인시 기흥구 공세동,D03,FMS,검토필요,시행령 제3조제4호 가목,연장(m),N,용인시,용인시 기흥구청 도로과,api,용인시 본청·소속기관,중처법 공중이용시설,시설물의 안전 및 유지관리에 관한 특별법 · 도로법 · 보행안전 및 편의증진에 관한 법률,,,
BR2008-0001067,죽전2교,교량,도로교량,2종,C등급,20011224,경기도 용인시 수지구 죽전동,D03,FMS,검토필요,시행령 제3조제4호 가목,연장(m),N,용인시,용인시 수지구청 건설도로과,api,용인시 본청·소속기관,중처법 공중이용시설,시설물의 안전 및 유지관리에 관한 특별법 · 도로법 · 보행안전 및 편의증진에 관한 법률,,,
BR2008-0001312,마성 1R-A교,교량,도로교량,1종,불명,20190520,경기도 용인시 처인구 포곡읍 마성리,D03,FMS,검토필요,시행령 별표3 제1호,연장·최대경간장·상부구조형식,N,용인시,용인시 처인구청 도로과,api,용인시 본청·소속기관,중처법 공중이용시설,시설물의 안전 및 유지관리에 관한 특별법 · 도로법 · 보행안전 및 편의증진에 관한 법률,,,
BR2008-0001313,마성 1R-B교,교량,도로교량,1종,불명,20190520,경기도 용인시 처인구 포곡읍 마성리,D03,FMS,검토필요,시행령 별표3 제1호,연장·최대경간장·상부구조형식,N,용인시,용인시 처인구청 도로과,api,용인시 본청·소속기관,중처법 공중이용시설,시설물의 안전 및 유지관리에 관한 특별법 · 도로법 · 보행안전 및 편의증진에 관한 법률,,,
BR2008-0001314,마성 2연결교,교량,도로교량,1종,불명,20190520,경기도 용인시 처인구 포곡읍 마성리,D03,FMS,검토필요,시행령 별표3 제1호,연장·최대경간장·상부구조형식,N,용인시,용인시 처인구청 도로과,api,용인시 본청·소속기관,중처법 공중이용시설,시설물의 안전 및 유지관리에 관한 특별법 · 도로법 · 보행안전 및 편의증진에 관한 법률,,,
BR2008-0001315,마성 2R-D교,교량,도로교량,2종,불명,20190520,경기도 용인시 처인구 포곡읍 마성리,D03,FMS,검토필요,시행령 별표3 제1호,연장·최대경간장·상부구조형식,N,용인시,용인시 처인구청 도로과,api,용인시 본청·소속기관,중처법 공중이용시설,시설물의 안전 및 유지관리에 관한 특별법 · 도로법 · 보행안전 및 편의증진에 관한 법률,,,
BR2009-0000178,제34호교통광장RAMP교,교량,도로교량,1종,B등급,20081210,경기도 용인시 기흥구 영덕동,D03,FMS,검토필요,시행령 제3조제4호 가목,연장(m),N,용인시,용인시 기흥구청 도로과,api,용인시 본청·소속기관,중처법 공중이용시설,시설물의 안전 및 유지관리에 관한 특별법 · 도로법 · 보행안전 및 편의증진에 관한 법률,,,
BR2009-0000427,하갈2교,교량,도로교량,1종,B등급,20090531,경기도 용인시 기흥구 하갈동,D03,FMS,검토필요,시행령 제3조제4호 가목,연장(m),N,용인시,용인시 기흥구청 도로과,api,용인시 본청·소속기관,중처법 공중이용시설,시설물의 안전 및 유지관리에 관한 특별법 · 도로법 · 보행안전 및 편의증진에 관한 법률,,,
BR2009-0000429,기흥교,교량,도로교량,1종,B등급,20090530,경기도 용인시 기흥구 고매동,D03,FMS,검토필요,시행령 제3조제4호 가목,연장(m),N,용인시,용인시 기흥구청 도로과,api,용인시 본청·소속기관,중처법 공중이용시설,시설물의 안전 및 유지관리에 관한 특별법 · 도로법 · 보행안전 및 편의증진에 관한 법률,,,
BR2009-0000430,기흥1교,교량,도로교량,1종,B등급,20090530,경기도 용인시 기흥구 농서동,D03,FMS,검토필요,시행령 제3조제4호 가목,연장(m),N,용인시,용인시 기흥구청 도로과,api,용인시 본청·소속기관,중처법 공중이용시설,시설물의 안전 및 유지관리에 관한 특별법 · 도로법 · 보행안전 및 편의증진에 관한 법률,,,
BR2009-0000597,영덕교,교량,도로교량,1종,B등급,20090829,경기도 용인시 기흥구 영덕동,D03,FMS,검토필요,시행령 제3조제4호 가목,연장(m),N,용인시,용인시 기흥구청 도로과,api,용인시 본청·소속기관,중처법 공중이용시설,시설물의 안전 및 유지관리에 관한 특별법 · 도로법 · 보행안전 및 편의증진에 관한 법률,,,
BR2009-0000598,영덕1교,교량,도로교량,1종,B등급,20090829,경기도 용인시 기흥구 영덕동,D03,FMS,검토필요,시행령 제3조제4호 가목,연장(m),N,용인시,용인시 기흥구청 도로과,api,용인시 본청·소속기관,중처법 공중이용시설,시설물의 안전 및 유지관리에 관한 특별법 · 도로법 · 보행안전 및 편의증진에 관한 법률,,,
BR2009-0000599,하갈1교,교량,도로교량,1종,C등급,20090829,경기도 용인시 기흥구 하갈동,D03,FMS,검토필요,시행령 제3조제4호 가목,연장(m),N,용인시,용인시 기흥구청 도로과,api,용인시 본청·소속기관,중처법 공중이용시설,시설물의 안전 및 유지관리에 관한 특별법 · 도로법 · 보행안전 및 편의증진에 관한 법률,,,
BR2009-0000600,청명RAMP-B1교,교량,도로교량,1종,B등급,20090829,경기도 용인시 기흥구 하갈동,D03,FMS,검토필요,시행령 제3조제4호 가목,연장(m),N,용인시,용인시 기흥구청 도로과,api,용인시 본청·소속기관,중처법 공중이용시설,시설물의 안전 및 유지관리에 관한 특별법 · 도로법 · 보행안전 및 편의증진에 관한 법률,,,
BR2009-0000601,청명RAMP-C교,교량,도로교량,1종,B등급,20090829,경기도 용인시 기흥구 하갈동,D03,FMS,검토필요,시행령 제3조제4호 가목,연장(m),N,용인시,용인시 기흥구청 도로과,api,용인시 본청·소속기관,중처법 공중이용시설,시설물의 안전 및 유지관리에 관한 특별법 · 도로법 · 보행안전 및 편의증진에 관한 법률,,,
BR2010-0000471,청덕고가차도,교량,도로교량,1종,B등급,20090630,경기도 용인시 기흥구 청덕동,D03,FMS,검토필요,시행령 제3조제4호 가목,연장(m),N,용인시,용인시 기흥구청 도로과,api,용인시 본청·소속기관,중처법 공중이용시설,시설물의 안전 및 유지관리에 관한 특별법 · 도로법 · 보행안전 및 편의증진에 관한 법률,,,
BR2011-0001084,갈천교,교량,도로교량,2종,B등급,20110726,경기도 용인시 기흥구 상갈동,D03,FMS,검토필요,시행령 제3조제4호 가목,연장(m),N,용인시,용인시 기흥구청 도로과,api,용인시 본청·소속기관,중처법 공중이용시설,시설물의 안전 및 유지관리에 관한 특별법 · 도로법 · 보행안전 및 편의증진에 관한 법률,,,
BR2012-0000256,유운교,교량,도로교량,2종,C등급,20031231,경기도 용인시 처인구 옥현로,D03,FMS,검토필요,시행령 제3조제4호 가목,연장(m),N,용인시,용인시 처인구청 도로과,api,용인시 본청·소속기관,중처법 공중이용시설,시설물의 안전 및 유지관리에 관한 특별법 · 도로법 · 보행안전 및 편의증진에 관한 법률,,,
BR2013-0000007,동백2교 상행(동백방향),교량,도로교량,1종,B등급,20120930,경기도 용인시 기흥구 동백동,D03,FMS,검토필요,시행령 제3조제4호 가목,연장(m),N,용인시,용인시 기흥구청 도로과,api,용인시 본청·소속기관,중처법 공중이용시설,시설물의 안전 및 유지관리에 관한 특별법 · 도로법 · 보행안전 및 편의증진에 관한 법률,,,
BR2013-0000008,동백2교 하행(마성방향),교량,도로교량,1종,B등급,20120930,경기도 용인시 기흥구 동백동,D03,FMS,검토필요,시행령 제3조제4호 가목,연장(m),N,용인시,용인시 기흥구청 도로과,api,용인시 본청·소속기관,중처법 공중이용시설,시설물의 안전 및 유지관리에 관한 특별법 · 도로법 · 보행안전 및 편의증진에 관한 법률,,,
BR2013-0000319,상미교,교량,도로교량,1종,B등급,20111127,경기도 용인시 기흥구 신갈동,D03,FMS,검토필요,시행령 제3조제4호 가목,연장(m),N,용인시,용인시 기흥구청 도로과,api,용인시 본청·소속기관,중처법 공중이용시설,시설물의 안전 및 유지관리에 관한 특별법 · 도로법 · 보행안전 및 편의증진에 관한 법률,,,
BR2013-0000320,신갈교,교량,도로교량,1종,B등급,20111127,경기도 용인시 기흥구 신갈동,D03,FMS,검토필요,시행령 제3조제4호 가목,연장(m),N,용인시,용인시 기흥구청 도로과,api,용인시 본청·소속기관,중처법 공중이용시설,시설물의 안전 및 유지관리에 관한 특별법 · 도로법 · 보행안전 및 편의증진에 관한 법률,,,
BR2013-0000652,삼막곡교,교량,도로교량,2종,B등급,20081001,경기도 용인시 기흥구 보정동,D03,FMS,검토필요,시행령 제3조제4호 가목,연장(m),N,용인시,용인시 기흥구청 도로과,api,용인시 본청·소속기관,중처법 공중이용시설,시설물의 안전 및 유지관리에 관한 특별법 · 도로법 · 보행안전 및 편의증진에 관한 법률,,,
BR2013-0000653,마복교,교량,도로교량,2종,B등급,20081001,경기도 용인시 기흥구 보정동,D03,FMS,검토필요,시행령 제3조제4호 가목,연장(m),N,용인시,용인시 기흥구청 도로과,api,용인시 본청·소속기관,중처법 공중이용시설,시설물의 안전 및 유지관리에 관한 특별법 · 도로법 · 보행안전 및 편의증진에 관한 법률,,,
BR2015-0000118,고매2교(성남방향),교량,도로교량,1종,B등급,20150430,경기도 용인시 기흥구 고매로,D03,FMS,검토필요,시행령 제3조제4호 가목,연장(m),N,용인시,용인시 기흥구청 도로과,api,용인시 본청·소속기관,중처법 공중이용시설,시설물의 안전 및 유지관리에 관한 특별법 · 도로법 · 보행안전 및 편의증진에 관한 법률,,,
BR2015-0000119,고매2교(오산방향),교량,도로교량,1종,B등급,20150430,경기도 용인시 기흥구 고매로,D03,FMS,검토필요,시행령 제3조제4호 가목,연장(m),N,용인시,용인시 기흥구청 도로과,api,용인시 본청·소속기관,중처법 공중이용시설,시설물의 안전 및 유지관리에 관한 특별법 · 도로법 · 보행안전 및 편의증진에 관한 법률,,,
BR2019-0000041,초부교,교량,도로교량,2종,불명,20190104,경기도 용인시 처인구 모현면 초부리,D03,FMS,검토필요,시행령 별표3 제1호,연장·최대경간장·상부구조형식,N,용인시,용인시 처인구청 도로과,api,용인시 본청·소속기관,중처법 공중이용시설,시설물의 안전 및 유지관리에 관한 특별법 · 도로법 · 보행안전 및 편의증진에 관한 법률,,,
BR2019-0000061,구갈1교(수원방향),교량,도로교량,2종,불명,20190420,경기도 용인시 기흥구 상하동,D03,FMS,검토필요,시행령 별표3 제1호,연장·최대경간장·상부구조형식,N,용인시,용인시 기흥구청 도로과,api,용인시 본청·소속기관,중처법 공중이용시설,시설물의 안전 및 유지관리에 관한 특별법 · 도로법 · 보행안전 및 편의증진에 관한 법률,,,
BR2019-0000062,구갈1교(용인방향),교량,도로교량,2종,불명,20190420,경기도 용인시 기흥구 상하동,D03,FMS,검토필요,시행령 별표3 제1호,연장·최대경간장·상부구조형식,N,용인시,용인시 기흥구청 도로과,api,용인시 본청·소속기관,중처법 공중이용시설,시설물의 안전 및 유지관리에 관한 특별법 · 도로법 · 보행안전 및 편의증진에 관한 법률,,,
BR2019-0000063,상갈2교(수원방향),교량,도로교량,2종,불명,20190420,경기도 용인시 기흥구 구갈동,D03,FMS,검토필요,시행령 별표3 제1호,연장·최대경간장·상부구조형식,N,용인시,용인시 기흥구청 도로과,api,용인시 본청·소속기관,중처법 공중이용시설,시설물의 안전 및 유지관리에 관한 특별법 · 도로법 · 보행안전 및 편의증진에 관한 법률,,,
BR2019-0000064,상갈4교(수원방향),교량,도로교량,2종,불명,20190420,경기도 용인시 기흥구 구갈동,D03,FMS,검토필요,시행령 별표3 제1호,연장·최대경간장·상부구조형식,N,용인시,용인시 기흥구청 도로과,api,용인시 본청·소속기관,중처법 공중이용시설,시설물의 안전 및 유지관리에 관한 특별법 · 도로법 · 보행안전 및 편의증진에 관한 법률,,,
BR2019-0000065,상갈4교(용인방향),교량,도로교량,2종,불명,20190420,경기도 용인시 기흥구 구갈동,D03,FMS,검토필요,시행령 별표3 제1호,연장·최대경간장·상부구조형식,N,용인시,용인시 기흥구청 도로과,api,용인시 본청·소속기관,중처법 공중이용시설,시설물의 안전 및 유지관리에 관한 특별법 · 도로법 · 보행안전 및 편의증진에 관한 법률,,,
BR2019-0000066,신갈고가교(수원방향),교량,도로교량,1종,불명,20190420,경기도 용인시 기흥구 상갈동,D03,FMS,검토필요,시행령 별표3 제1호,연장·최대경간장·상부구조형식,N,용인시,용인시 기흥구청 도로과,api,용인시 본청·소속기관,중처법 공중이용시설,시설물의 안전 및 유지관리에 관한 특별법 · 도로법 · 보행안전 및 편의증진에 관한 법률,,,
BR2019-0000067,신갈고가교(용인방향),교량,도로교량,1종,불명,20190420,경기도 용인시 기흥구 상갈동,D03,FMS,검토필요,시행령 별표3 제1호,연장·최대경간장·상부구조형식,N,용인시,용인시 기흥구청 도로과,api,용인시 본청·소속기관,중처법 공중이용시설,시설물의 안전 및 유지관리에 관한 특별법 · 도로법 · 보행안전 및 편의증진에 관한 법률,,,
BR2019-0000068,어정1교(수원방향),교량,도로교량,2종,불명,20190420,경기도 용인시 기흥구 상하동,D03,FMS,검토필요,시행령 별표3 제1호,연장·최대경간장·상부구조형식,N,용인시,용인시 기흥구청 도로과,api,용인시 본청·소속기관,중처법 공중이용시설,시설물의 안전 및 유지관리에 관한 특별법 · 도로법 · 보행안전 및 편의증진에 관한 법률,,,
BR2019-0000069,어정1교(용인방향),교량,도로교량,2종,불명,20190420,경기도 용인시 기흥구 상하동,D03,FMS,검토필요,시행령 별표3 제1호,연장·최대경간장·상부구조형식,N,용인시,용인시 기흥구청 도로과,api,용인시 본청·소속기관,중처법 공중이용시설,시설물의 안전 및 유지관리에 관한 특별법 · 도로법 · 보행안전 및 편의증진에 관한 법률,,,
BR2019-0000070,어정R-D1교,교량,도로교량,2종,불명,20190420,경기도 용인시 기흥구 구갈동,D03,FMS,검토필요,시행령 별표3 제1호,연장·최대경간장·상부구조형식,N,용인시,용인시 기흥구청 도로과,api,용인시 본청·소속기관,중처법 공중이용시설,시설물의 안전 및 유지관리에 관한 특별법 · 도로법 · 보행안전 및 편의증진에 관한 법률,,,
BR2020-0000150,영덕교(신갈~수지),교량,도로교량,1종,불명,20201028,경기도 용인시 기흥구 영덕동,D03,FMS,검토필요,시행령 별표3 제1호,연장·최대경간장·상부구조형식,N,용인시,용인시 기흥구청 도로과,api,용인시 본청·소속기관,중처법 공중이용시설,시설물의 안전 및 유지관리에 관한 특별법 · 도로법 · 보행안전 및 편의증진에 관한 법률,,,
CS1960-0000004,신갈오거리복개구조물,교량,복개구조물,2종,B등급,19601231,경기도 용인시 기흥구 신갈동,D03,FMS,검토필요,시행령 제3조제4호 가목,연장(m),N,용인시,용인시 기흥구청 도로과,api,용인시 본청·소속기관,중처법 공중이용시설,시설물의 안전 및 유지관리에 관한 특별법 · 도로법 · 보행안전 및 편의증진에 관한 법률,,,
CS1999-0000001,고매복개천교,교량,복개구조물,2종,B등급,19990731,경기도 용인시 기흥구 고매동,D03,FMS,검토필요,시행령 제3조제4호 가목,연장(m),N,용인시,용인시 기흥구청 도로과,api,용인시 본청·소속기관,중처법 공중이용시설,시설물의 안전 및 유지관리에 관한 특별법 · 도로법 · 보행안전 및 편의증진에 관한 법률,,,
CS2004-0000197,남산3교,교량,복개구조물,2종,B등급,20040701,경기도 용인시 기흥구 마북동,D03,FMS,검토필요,시행령 제3조제4호 가목,연장(m),N,용인시,용인시 기흥구청 도로과,api,용인시 본청·소속기관,중처법 공중이용시설,시설물의 안전 및 유지관리에 관한 특별법 · 도로법 · 보행안전 및 편의증진에 관한 법률,,,
CS2010-0000007,복개BOX,교량,복개구조물,2종,B등급,20090630,경기도 용인시 기흥구 청덕동,D03,FMS,검토필요,시행령 제3조제4호 가목,연장(m),N,용인시,용인시 기흥구청 도로과,api,용인시 본청·소속기관,중처법 공중이용시설,시설물의 안전 및 유지관리에 관한 특별법 · 도로법 · 보행안전 및 편의증진에 관한 법률,,,
RW2002-0000002,이현중학교 앞 옹벽,옹벽,도로옹벽,2종,A등급,20020719,경기도 용인시 수지구 풍덕천동,D03,FMS,검토필요,중처법 제2조제4호 단서,교육시설 부대시설 여부,N,용인시,용인시 수지구청 건설도로과,api,용인시 본청·소속기관,중처법 공중이용시설,시설물의 안전 및 유지관리에 관한 특별법 · 도로법 · 급경사지 재해예방에 관한 법률,,,
RW2005-0000071,용인죽전1공구 내 RC옹벽 3호,옹벽,도로옹벽,2종,A등급,20041229,경기도 용인시 수지구 죽전동,D03,FMS,검토필요,시행령 별표3 제8호,노출높이·수평연장,N,용인시,용인시 수지구청 건설도로과,api,용인시 본청·소속기관,중처법 공중이용시설,시설물의 안전 및 유지관리에 관한 특별법 · 도로법 · 급경사지 재해예방에 관한 법률,,,
RW2006-0000050,동백연수원간 보강토옹벽 1호,옹벽,도로옹벽,2종,A등급,20051229,경기도 용인시 기흥구 청덕동,D03,FMS,검토필요,시행령 별표3 제8호,노출높이·수평연장,N,용인시,용인시 기흥구청 도로과,api,용인시 본청·소속기관,중처법 공중이용시설,시설물의 안전 및 유지관리에 관한 특별법 · 도로법 · 급경사지 재해예방에 관한 법률,,,
RW2006-0000051,동백연수원간 보강토옹벽 2호,옹벽,도로옹벽,2종,A등급,20051229,경기도 용인시 기흥구 청덕동,D03,FMS,검토필요,시행령 별표3 제8호,노출높이·수평연장,N,용인시,용인시 기흥구청 도로과,api,용인시 본청·소속기관,중처법 공중이용시설,시설물의 안전 및 유지관리에 관한 특별법 · 도로법 · 급경사지 재해예방에 관한 법률,,,
RW2007-0000127,동백동 도로옹벽,옹벽,도로옹벽,2종,A등급,20070813,경기도 용인시 기흥구 동백동,D03,FMS,검토필요,시행령 별표3 제8호,노출높이·수평연장,N,용인시,용인시 기흥구청 도로과,api,용인시 본청·소속기관,중처법 공중이용시설,시설물의 안전 및 유지관리에 관한 특별법 · 도로법 · 급경사지 재해예방에 관한 법률,,,
RW2008-0000019,용인보라도로옹벽,옹벽,도로옹벽,2종,A등급,20080103,경기도 용인시 기흥구 보라동,D03,FMS,검토필요,시행령 별표3 제8호,노출높이·수평연장,N,용인시,용인시 기흥구청 도로과,api,용인시 본청·소속기관,중처법 공중이용시설,시설물의 안전 및 유지관리에 관한 특별법 · 도로법 · 급경사지 재해예방에 관한 법률,,,
RW2008-0000077,강재틀 옹벽,옹벽,도로옹벽,2종,A등급,20080328,경기도 용인시 기흥구 공세동,D03,FMS,검토필요,시행령 별표3 제8호,노출높이·수평연장,N,용인시,용인시 기흥구청 도로과,api,용인시 본청·소속기관,중처법 공중이용시설,시설물의 안전 및 유지관리에 관한 특별법 · 도로법 · 급경사지 재해예방에 관한 법률,,,
RW2008-0000173,용인시청소년수련원 대운동장 보강토옹벽,옹벽,기타옹벽,2종,A등급,20081224,경기도 용인시 처인구 양지면,D03,FMS,검토필요,시행령 별표3 제8호,노출높이·수평연장,N,용인시,용인시 교육청소년과 용인시청소년수련원,api,용인시 본청·소속기관,중처법 공중이용시설,시설물의 안전 및 유지관리에 관한 특별법 · 급경사지 재해예방에 관한 법률 · 사방사업법,,,
RW2008-0000175,보강토옹벽(마성1교차로 RAMP-B교: 우측),옹벽,도로옹벽,2종,불명,20190520,경기도 용인시 처인구 포곡읍 마성리,D03,FMS,검토필요,시행령 별표3 제8호,노출높이·수평연장,N,용인시,용인시 처인구청 도로과,api,용인시 본청·소속기관,중처법 공중이용시설,시설물의 안전 및 유지관리에 관한 특별법 · 도로법 · 급경사지 재해예방에 관한 법률,,,
RW2008-0000176,보강토옹벽(LINE11),옹벽,도로옹벽,2종,불명,20190520,경기도 용인시 처인구 포곡읍 마성리,D03,FMS,검토필요,시행령 별표3 제8호,노출높이·수평연장,N,용인시,용인시 처인구청 도로과,api,용인시 본청·소속기관,중처법 공중이용시설,시설물의 안전 및 유지관리에 관한 특별법 · 도로법 · 급경사지 재해예방에 관한 법률,,,
RW2010-0000078,보강토 옹벽 1호,옹벽,도로옹벽,2종,A등급,20090630,경기도 용인시 기흥구 청덕동,D03,FMS,검토필요,시행령 별표3 제8호,노출높이·수평연장,N,용인시,용인시 기흥구청 도로과,api,용인시 본청·소속기관,중처법 공중이용시설,시설물의 안전 및 유지관리에 관한 특별법 · 도로법 · 급경사지 재해예방에 관한 법률,,,
RW2010-0000079,보강토 옹벽 3호,옹벽,도로옹벽,2종,A등급,20090630,경기도 용인시 기흥구 청덕동,D03,FMS,검토필요,시행령 별표3 제8호,노출높이·수평연장,N,용인시,용인시 기흥구청 도로과,api,용인시 본청·소속기관,중처법 공중이용시설,시설물의 안전 및 유지관리에 관한 특별법 · 도로법 · 급경사지 재해예방에 관한 법률,,,
RW2010-0000080,향린동산진입도로 보강토 옹벽,옹벽,도로옹벽,2종,A등급,20090630,경기도 용인시 기흥구 청덕동,D03,FMS,검토필요,시행령 별표3 제8호,노출높이·수평연장,N,용인시,용인시 기흥구청 도로과,api,용인시 본청·소속기관,중처법 공중이용시설,시설물의 안전 및 유지관리에 관한 특별법 · 도로법 · 급경사지 재해예방에 관한 법률,,,
RW2011-0000080,중로2-1옹벽,옹벽,도로옹벽,2종,A등급,20090428,경기도 용인시 수지구 동천동,D03,FMS,검토필요,시행령 별표3 제8호,노출높이·수평연장,N,용인시,용인시 수지구청 건설도로과,api,용인시 본청·소속기관,중처법 공중이용시설,시설물의 안전 및 유지관리에 관한 특별법 · 도로법 · 급경사지 재해예방에 관한 법률,,,
RW2012-0000001,PEM옹벽,옹벽,도로옹벽,2종,A등급,20110930,경기도 용인시 수지구 성복동,D03,FMS,검토필요,시행령 별표3 제8호,노출높이·수평연장,N,용인시,용인시 수지구청 건설도로과,api,용인시 본청·소속기관,중처법 공중이용시설,시설물의 안전 및 유지관리에 관한 특별법 · 도로법 · 급경사지 재해예방에 관한 법률,,,
RW2012-0000123,석벽43호,옹벽,도로옹벽,2종,A등급,20120930,경기도 용인시 수지구 상현동,D03,FMS,검토필요,시행령 별표3 제8호,노출높이·수평연장,N,용인시,용인시 수지구청 건설도로과,api,용인시 본청·소속기관,중처법 공중이용시설,시설물의 안전 및 유지관리에 관한 특별법 · 도로법 · 급경사지 재해예방에 관한 법률,,,
RW2013-0000137,용인 평온의 숲,옹벽,건축물옹벽,2종,A등급,20130721,경기도 용인시 처인구 이동면 어비리,D03,FMS,검토필요,시행령 별표3 제8호,노출높이·수평연장,N,용인도시공사,용인도시공사,api,지방공기업 — 중처법 제2조제9호나목의 별도 경영책임자,중처법 공중이용시설,시설물의 안전 및 유지관리에 관한 특별법 · 석면안전관리법 · 급경사지 재해예방에 관한 법률,,,
RW2017-0000261,용인미르스타디움 옹벽,옹벽,건축물옹벽,2종,A등급,20171120,경기도 용인시 처인구 동백죽전대로,D03,FMS,검토필요,시행령 별표3 제8호,노출높이·수평연장,N,용인도시공사,용인도시공사,api,지방공기업 — 중처법 제2조제9호나목의 별도 경영책임자,중처법 공중이용시설,시설물의 안전 및 유지관리에 관한 특별법 · 석면안전관리법 · 급경사지 재해예방에 관한 법률,,,
RW2019-0000031,보강토옹벽(Sta.3+647~3+801(L)),옹벽,도로옹벽,2종,불명,20190420,경기도 용인시 기흥구 구갈동,D03,FMS,검토필요,시행령 별표3 제8호,노출높이·수평연장,N,용인시,용인시 기흥구청 도로과,api,용인시 본청·소속기관,중처법 공중이용시설,시설물의 안전 및 유지관리에 관한 특별법 · 도로법 · 급경사지 재해예방에 관한 법률,,,
RW2019-0000032,보강토옹벽(Sta.4+018~4+250(L)),옹벽,도로옹벽,2종,불명,20190420,경기도 용인시 기흥구 상하동,D03,FMS,검토필요,시행령 별표3 제8호,노출높이·수평연장,N,용인시,용인시 기흥구청 도로과,api,용인시 본청·소속기관,중처법 공중이용시설,시설물의 안전 및 유지관리에 관한 특별법 · 도로법 · 급경사지 재해예방에 관한 법률,,,
RW2019-0000033,보강토옹벽(Sta.4+260~4+392(L)),옹벽,도로옹벽,2종,불명,20190420,경기도 용인시 기흥구 상하동,D03,FMS,검토필요,시행령 별표3 제8호,노출높이·수평연장,N,용인시,용인시 기흥구청 도로과,api,용인시 본청·소속기관,중처법 공중이용시설,시설물의 안전 및 유지관리에 관한 특별법 · 도로법 · 급경사지 재해예방에 관한 법률,,,
RW2019-0000034,성토부 보강토옹벽(LINE3),옹벽,도로옹벽,2종,불명,20190420,경기도 용인시 기흥구 상갈동,D03,FMS,검토필요,시행령 별표3 제8호,노출높이·수평연장,N,용인시,용인시 기흥구청 도로과,api,용인시 본청·소속기관,중처법 공중이용시설,시설물의 안전 및 유지관리에 관한 특별법 · 도로법 · 급경사지 재해예방에 관한 법률,,,
RW2019-0000035,성토부 보강토옹벽(LINE5),옹벽,도로옹벽,2종,불명,20190420,경기도 용인시 기흥구 구갈동,D03,FMS,검토필요,시행령 별표3 제8호,노출높이·수평연장,N,용인시,용인시 기흥구청 도로과,api,용인시 본청·소속기관,중처법 공중이용시설,시설물의 안전 및 유지관리에 관한 특별법 · 도로법 · 급경사지 재해예방에 관한 법률,,,
RW2019-0000037,중1-53호 TD옹벽,옹벽,도로옹벽,2종,불명,20190530,경기도 용인시 처인구 유방동,D03,FMS,검토필요,시행령 별표3 제8호,노출높이·수평연장,N,용인시,용인시 처인구청 도로과,api,용인시 본청·소속기관,중처법 공중이용시설,시설물의 안전 및 유지관리에 관한 특별법 · 도로법 · 급경사지 재해예방에 관한 법률,,,
RW2019-0000059,GPA옹벽,옹벽,도로옹벽,2종,불명,20190614,경기도 용인시 기흥구 언남동,D03,FMS,검토필요,시행령 별표3 제8호,노출높이·수평연장,N,용인시,용인시 기흥구청 도로과,api,용인시 본청·소속기관,중처법 공중이용시설,시설물의 안전 및 유지관리에 관한 특별법 · 도로법 · 급경사지 재해예방에 관한 법률,,,
RW2019-0000060,보강토옹벽 1구간,옹벽,도로옹벽,2종,불명,20190614,경기도 용인시 기흥구 언남동,D03,FMS,검토필요,시행령 별표3 제8호,노출높이·수평연장,N,용인시,용인시 기흥구청 도로과,api,용인시 본청·소속기관,중처법 공중이용시설,시설물의 안전 및 유지관리에 관한 특별법 · 도로법 · 급경사지 재해예방에 관한 법률,,,
RW2019-0000061,보강토옹벽 2구간,옹벽,도로옹벽,2종,불명,20190614,경기도 용인시 기흥구 언남동,D03,FMS,검토필요,시행령 별표3 제8호,노출높이·수평연장,N,용인시,용인시 기흥구청 도로과,api,용인시 본청·소속기관,중처법 공중이용시설,시설물의 안전 및 유지관리에 관한 특별법 · 도로법 · 급경사지 재해예방에 관한 법률,,,
RW2020-0000152,중(집)2-1 합벽식옹벽(CEP),옹벽,기타옹벽,2종,불명,20200522,경기도 용인시 처인구 이동읍,D03,FMS,검토필요,시행령 별표3 제8호,노출높이·수평연장,N,용인시,용인시 처인구청 도시미관과,api,용인시 본청·소속기관,중처법 공중이용시설,시설물의 안전 및 유지관리에 관한 특별법 · 급경사지 재해예방에 관한 법률 · 사방사업법,,,
RW2020-0000153,가도-산업6 합벽식옹벽(PPP),옹벽,기타옹벽,2종,불명,20200522,경기도 용인시 처인구 이동읍,D03,FMS,검토필요,시행령 별표3 제8호,노출높이·수평연장,N,용인시,용인시 처인구청 도시미관과,api,용인시 본청·소속기관,중처법 공중이용시설,시설물의 안전 및 유지관리에 관한 특별법 · 급경사지 재해예방에 관한 법률 · 사방사업법,,,
RW2020-0000154,중(국)3-10 합벽식옹벽(PPP),옹벽,기타옹벽,2종,불명,20200522,경기도 용인시 처인구 이동읍,D03,FMS,검토필요,시행령 별표3 제8호,노출높이·수평연장,N,용인시,용인시 처인구청 도시미관과,api,용인시 본청·소속기관,중처법 공중이용시설,시설물의 안전 및 유지관리에 관한 특별법 · 급경사지 재해예방에 관한 법률 · 사방사업법,,,
RW2020-0000155,블록식 보강토 옹벽,옹벽,기타옹벽,2종,불명,20200522,경기도 용인시 처인구 이동읍,D03,FMS,검토필요,시행령 별표3 제8호,노출높이·수평연장,N,용인시,용인시 처인구청 도시미관과,api,용인시 본청·소속기관,중처법 공중이용시설,시설물의 안전 및 유지관리에 관한 특별법 · 급경사지 재해예방에 관한 법률 · 사방사업법,,,
ST2005-0000048,기흥레스피아,상하수도,공공하수처리시설,2종,B등급,20050811,경기도 용인시 기흥읍,D05,FMS,검토필요,시행령 별표3 제7호 나목,1일 최대처리용량(톤),N,용인시,용인시 하수도사업소,web,용인시 상하수도사업소 누리집 「레스피아 현황」(하수운영과) · 하수도법 공공하수도,중처법 공중이용시설,시설물의 안전 및 유지관리에 관한 특별법 · 하수도법 · 수도법,,,
ST2005-0000049,구갈레스피아,상하수도,공공하수처리시설,2종,B등급,20050731,경기도 용인시 기흥구 중부대로,D05,FMS,검토필요,시행령 별표3 제7호 나목,1일 최대처리용량(톤),N,용인시,용인시 하수도사업소,web,용인시 상하수도사업소 누리집 「레스피아 현황」(하수운영과) · 하수도법 공공하수도,중처법 공중이용시설,시설물의 안전 및 유지관리에 관한 특별법 · 하수도법 · 수도법,,,
ST2009-0000031,영덕레스피아,상하수도,공공하수처리시설,2종,B등급,20090730,경기도 용인시 기흥구 영덕동,D05,FMS,검토필요,시행령 별표3 제7호 나목,1일 최대처리용량(톤),N,용인시,용인시 하수도사업소,web,용인시 상하수도사업소 누리집 「레스피아 현황」(하수운영과) · 하수도법 공공하수도,중처법 공중이용시설,시설물의 안전 및 유지관리에 관한 특별법 · 하수도법 · 수도법,,,
ST2010-0000022,수지레스피아,상하수도,공공하수처리시설,2종,B등급,20100226,경기도 용인시 수지구 포은대로,D05,FMS,검토필요,시행령 별표3 제7호 나목,1일 최대처리용량(톤),N,용인시,용인시 하수도사업소,web,용인시 상하수도사업소 누리집 「레스피아 현황」(하수운영과) · 하수도법 공공하수도,중처법 공중이용시설,시설물의 안전 및 유지관리에 관한 특별법 · 하수도법 · 수도법,,,
ST2010-0000023,상현레스피아,상하수도,공공하수처리시설,2종,A등급,20100226,경기도 용인시 수지구 광교마을로,D05,FMS,검토필요,시행령 별표3 제7호 나목,1일 최대처리용량(톤),N,용인시,용인시 하수도사업소,law,하수도법 제2조 공공하수도(지방자치단체가 설치·관리) — 용인시 하수도사업소,중처법 공중이용시설,시설물의 안전 및 유지관리에 관한 특별법 · 하수도법 · 수도법,,,
ST2010-0000024,고매레스피아,상하수도,공공하수처리시설,2종,A등급,20100226,경기도 용인시 기흥구 농서동,D05,FMS,검토필요,시행령 별표3 제7호 나목,1일 최대처리용량(톤),N,용인시,용인시 하수도사업소,law,하수도법 제2조 공공하수도(지방자치단체가 설치·관리) — 용인시 하수도사업소,중처법 공중이용시설,시설물의 안전 및 유지관리에 관한 특별법 · 하수도법 · 수도법,,,
ST2010-0000025,서천레스피아,상하수도,공공하수처리시설,2종,B등급,20100226,경기도 용인시 기흥구 서천동,D05,FMS,검토필요,시행령 별표3 제7호 나목,1일 최대처리용량(톤),N,용인시,용인시 하수도사업소,law,하수도법 제2조 공공하수도(지방자치단체가 설치·관리) — 용인시 하수도사업소,중처법 공중이용시설,시설물의 안전 및 유지관리에 관한 특별법 · 하수도법 · 수도법,,,
ST2010-0000026,모현레스피아,상하수도,공공하수처리시설,2종,B등급,20100226,경기도 용인시 처인구 모현읍,D05,FMS,검토필요,시행령 별표3 제7호 나목,1일 최대처리용량(톤),N,용인시,용인시 하수도사업소,law,하수도법 제2조 공공하수도(지방자치단체가 설치·관리) — 용인시 하수도사업소,중처법 공중이용시설,시설물의 안전 및 유지관리에 관한 특별법 · 하수도법 · 수도법,,,
ST2010-0000027,동부레스피아,상하수도,공공하수처리시설,2종,A등급,20100226,경기도 용인시 처인구 동부로162번길,D05,FMS,검토필요,시행령 별표3 제7호 나목,1일 최대처리용량(톤),N,용인시,용인시 하수도사업소,law,하수도법 제2조 공공하수도(지방자치단체가 설치·관리) — 용인시 하수도사업소,중처법 공중이용시설,시설물의 안전 및 유지관리에 관한 특별법 · 하수도법 · 수도법,,,
ST2010-0000028,백암레스피아,상하수도,공공하수처리시설,2종,A등급,20100226,경기도 용인시 처인구 근창로35번길,D05,FMS,검토필요,시행령 별표3 제7호 나목,1일 최대처리용량(톤),N,용인시,용인시 하수도사업소,law,하수도법 제2조 공공하수도(지방자치단체가 설치·관리) — 용인시 하수도사업소,중처법 공중이용시설,시설물의 안전 및 유지관리에 관한 특별법 · 하수도법 · 수도법,,,
ST2010-0000029,송전레스피아,상하수도,공공하수처리시설,2종,B등급,20100226,경기도 용인시 처인구 이동면 송전리,D05,FMS,검토필요,시행령 별표3 제7호 나목,1일 최대처리용량(톤),N,용인시,용인시 하수도사업소,law,하수도법 제2조 공공하수도(지방자치단체가 설치·관리) — 용인시 하수도사업소,중처법 공중이용시설,시설물의 안전 및 유지관리에 관한 특별법 · 하수도법 · 수도법,,,
ST2010-0000030,천리레스피아,상하수도,공공하수처리시설,2종,B등급,20100226,경기도 용인시 처인구 덕성로,D05,FMS,검토필요,시행령 별표3 제7호 나목,1일 최대처리용량(톤),N,용인시,용인시 하수도사업소,law,하수도법 제2조 공공하수도(지방자치단체가 설치·관리) — 용인시 하수도사업소,중처법 공중이용시설,시설물의 안전 및 유지관리에 관한 특별법 · 하수도법 · 수도법,,,
ST2010-0000031,남사레스피아,상하수도,공공하수처리시설,2종,B등급,20100226,경기도 용인시 처인구 천덕산로,D05,FMS,검토필요,시행령 별표3 제7호 나목,1일 최대처리용량(톤),N,용인시,용인시 하수도사업소,law,하수도법 제2조 공공하수도(지방자치단체가 설치·관리) — 용인시 하수도사업소,중처법 공중이용시설,시설물의 안전 및 유지관리에 관한 특별법 · 하수도법 · 수도법,,,
ST2010-0000032,추계레스피아,상하수도,공공하수처리시설,2종,A등급,20100226,경기도 용인시 처인구 식금로,D05,FMS,검토필요,시행령 별표3 제7호 나목,1일 최대처리용량(톤),N,용인시,용인시 하수도사업소,law,하수도법 제2조 공공하수도(지방자치단체가 설치·관리) — 용인시 하수도사업소,중처법 공중이용시설,시설물의 안전 및 유지관리에 관한 특별법 · 하수도법 · 수도법,,,
ST2014-0000006,상현하수처리수 재이용(총인)시설,상하수도,공공하수처리시설,2종,A등급,20131031,경기도 용인시 수지구 광교마을로,D05,FMS,검토필요,시행령 별표3 제7호 나목,1일 최대처리용량(톤),N,용인시,용인시 하수도사업소,law,하수도법 제2조 공공하수도(지방자치단체가 설치·관리) — 용인시 하수도사업소,중처법 공중이용시설,시설물의 안전 및 유지관리에 관한 특별법 · 하수도법 · 수도법,,,
ST2018-0000019,아곡레스피아,상하수도,공공하수처리시설,2종,A등급,20181031,경기도 용인시 처인구 남사면,D05,FMS,검토필요,시행령 별표3 제7호 나목,1일 최대처리용량(톤),N,용인시,용인시 하수도사업소,law,하수도법 제2조 공공하수도(지방자치단체가 설치·관리) — 용인시 하수도사업소,중처법 공중이용시설,시설물의 안전 및 유지관리에 관한 특별법 · 하수도법 · 수도법,,,
ST2019-0000005,용인레스피아,상하수도,공공하수처리시설,2종,불명,20190831,경기도 용인시 처인구 포곡읍,D05,FMS,검토필요,시행령 별표3 제7호 나목,1일 최대처리용량(톤),N,용인시,용인시 하수도사업소,web,용인시 상하수도사업소 누리집 「레스피아 현황」(하수운영과) · 하수도법 공공하수도,중처법 공중이용시설,시설물의 안전 및 유지관리에 관한 특별법 · 하수도법 · 수도법,,,
TU2006-0000031,법화터널,터널,도로터널,1종,B등급,20051229,경기도 용인시 기흥구 마북동,D03,FMS,검토필요,시행령 제3조제4호 나목,도로등급,N,용인시,용인시 기흥구청 도로과,api,용인시 본청·소속기관,중처법 공중이용시설,시설물의 안전 및 유지관리에 관한 특별법 · 도로법 · 보행안전 및 편의증진에 관한 법률,,,
TU2006-0000032,마북터널,터널,도로터널,2종,B등급,20051229,경기도 용인시 기흥구 마북동,D03,FMS,검토필요,시행령 제3조제4호 나목,도로등급,N,용인시,용인시 기흥구청 도로과,api,용인시 본청·소속기관,중처법 공중이용시설,시설물의 안전 및 유지관리에 관한 특별법 · 도로법 · 보행안전 및 편의증진에 관한 법률,,,
TU2007-0000147,역북터널,터널,도로터널,2종,B등급,20070617,경기도 용인시 처인구 백옥대로,D03,FMS,검토필요,시행령 제3조제4호 나목,도로등급,N,용인시,용인시 처인구청 도로과,api,용인시 본청·소속기관,중처법 공중이용시설,시설물의 안전 및 유지관리에 관한 특별법 · 도로법 · 보행안전 및 편의증진에 관한 법률,,,
TU2009-0000101,청명터널,터널,도로터널,1종,B등급,20090531,경기도 용인시 기흥구 하갈동,D03,FMS,검토필요,시행령 제3조제4호 나목,도로등급,N,용인시,용인시 기흥구청 도로과,api,용인시 본청·소속기관,중처법 공중이용시설,시설물의 안전 및 유지관리에 관한 특별법 · 도로법 · 보행안전 및 편의증진에 관한 법률,,,
TU2009-0000102,기흥터널,터널,도로터널,1종,B등급,20090531,경기도 용인시 기흥구 하갈동,D03,FMS,검토필요,시행령 제3조제4호 나목,도로등급,N,용인시,용인시 기흥구청 도로과,api,용인시 본청·소속기관,중처법 공중이용시설,시설물의 안전 및 유지관리에 관한 특별법 · 도로법 · 보행안전 및 편의증진에 관한 법률,,,
TU2009-0000143,영덕3터널,터널,도로터널,1종,B등급,20090829,경기도 용인시 기흥구 영덕동,D03,FMS,검토필요,시행령 제3조제4호 나목,도로등급,N,용인시,용인시 기흥구청 도로과,api,용인시 본청·소속기관,중처법 공중이용시설,시설물의 안전 및 유지관리에 관한 특별법 · 도로법 · 보행안전 및 편의증진에 관한 법률,,,
TU2009-0000144,영덕2터널,터널,도로터널,1종,B등급,20090829,경기도 용인시 기흥구 영덕동,D03,FMS,검토필요,시행령 제3조제4호 나목,도로등급,N,용인시,용인시 기흥구청 도로과,api,용인시 본청·소속기관,중처법 공중이용시설,시설물의 안전 및 유지관리에 관한 특별법 · 도로법 · 보행안전 및 편의증진에 관한 법률,,,
TU2009-0000243,청명생태터널,터널,도로터널,2종,B등급,20090829,경기도 용인시 기흥구 하갈동,D03,FMS,검토필요,시행령 제3조제4호 나목,도로등급,N,용인시,용인시 기흥구청 도로과,api,용인시 본청·소속기관,중처법 공중이용시설,시설물의 안전 및 유지관리에 관한 특별법 · 도로법 · 보행안전 및 편의증진에 관한 법률,,,
TU2009-0000247,동천터널,터널,도로터널,2종,B등급,20090428,경기도 용인시 수지구 동천동,D03,FMS,검토필요,시행령 제3조제4호 나목,도로등급,N,용인시,용인시 수지구청 건설도로과,api,용인시 본청·소속기관,중처법 공중이용시설,시설물의 안전 및 유지관리에 관한 특별법 · 도로법 · 보행안전 및 편의증진에 관한 법률,,,
TU2011-0000221,버들치터널(상),터널,도로터널,2종,B등급,20110930,경기도 용인시 수지구 성복동,D03,FMS,검토필요,시행령 제3조제4호 나목,도로등급,N,용인시,용인시 수지구청 건설도로과,api,용인시 본청·소속기관,중처법 공중이용시설,시설물의 안전 및 유지관리에 관한 특별법 · 도로법 · 보행안전 및 편의증진에 관한 법률,,,
TU2011-0000222,버들치터널(하),터널,도로터널,2종,B등급,20110930,경기도 용인시 수지구 성복동,D03,FMS,검토필요,시행령 제3조제4호 나목,도로등급,N,용인시,용인시 수지구청 건설도로과,api,용인시 본청·소속기관,중처법 공중이용시설,시설물의 안전 및 유지관리에 관한 특별법 · 도로법 · 보행안전 및 편의증진에 관한 법률,,,
TU2011-0000223,신봉터널,터널,도로터널,2종,B등급,20111115,경기도 용인시 수지구 동천동,D03,FMS,검토필요,시행령 제3조제4호 나목,도로등급,N,용인시,용인시 수지구청 건설도로과,api,용인시 본청·소속기관,중처법 공중이용시설,시설물의 안전 및 유지관리에 관한 특별법 · 도로법 · 보행안전 및 편의증진에 관한 법률,,,
TU2013-0000002,동백터널(동백방향),터널,도로터널,2종,A등급,20120930,경기도 용인시 기흥구 동백동,D03,FMS,검토필요,시행령 제3조제4호 나목,도로등급,N,용인시,용인시 기흥구청 도로과,api,용인시 본청·소속기관,중처법 공중이용시설,시설물의 안전 및 유지관리에 관한 특별법 · 도로법 · 보행안전 및 편의증진에 관한 법률,,,
TU2013-0000003,동백터널(마성방향),터널,도로터널,2종,B등급,20120930,경기도 용인시 기흥구 동백동,D03,FMS,검토필요,시행령 제3조제4호 나목,도로등급,N,용인시,용인시 기흥구청 도로과,api,용인시 본청·소속기관,중처법 공중이용시설,시설물의 안전 및 유지관리에 관한 특별법 · 도로법 · 보행안전 및 편의증진에 관한 법률,,,
TU2015-0000033,고매터널(성남방향),터널,도로터널,2종,B등급,20150430,경기도 용인시 기흥구 기흥단지로158번길,D03,FMS,검토필요,시행령 제3조제4호 나목,도로등급,N,용인시,용인시 기흥구청 도로과,api,용인시 본청·소속기관,중처법 공중이용시설,시설물의 안전 및 유지관리에 관한 특별법 · 도로법 · 보행안전 및 편의증진에 관한 법률,,,
TU2015-0000034,고매터널(오산방향),터널,도로터널,2종,B등급,20150430,경기도 용인시 기흥구 기흥단지로158번길,D03,FMS,검토필요,시행령 제3조제4호 나목,도로등급,N,용인시,용인시 기흥구청 도로과,api,용인시 본청·소속기관,중처법 공중이용시설,시설물의 안전 및 유지관리에 관한 특별법 · 도로법 · 보행안전 및 편의증진에 관한 법률,,,
TU2019-0000023,Precast Arch 통로암거,터널,도로터널,2종,불명,20190420,경기도 용인시 기흥구 구갈동,D03,FMS,검토필요,시행령 별표3 제2호,연장·차로수,N,용인시,용인시 기흥구청 도로과,api,용인시 본청·소속기관,중처법 공중이용시설,시설물의 안전 및 유지관리에 관한 특별법 · 도로법 · 보행안전 및 편의증진에 관한 법률,,,
WS1991-0000015,기흥상수도,상하수도,지방상수도,2종,B등급,19911101,경기도 용인시 기흥읍,D04,FMS,해당,시행령 별표3 제7호 가목,,N,용인시,용인시 상수도사업소,law,수도법 제3조 지방상수도(지방자치단체가 주민에게 공급) — 용인시 상수도사업소,중처법 공중이용시설,수도법 · 시설물의 안전 및 유지관리에 관한 특별법 · 먹는물관리법,,,
WS1991-0000016,용인상수도,상하수도,지방상수도,2종,B등급,19911101,경기도 용인시 동백죽전대로,D04,FMS,해당,시행령 별표3 제7호 가목,,N,용인시,용인시 상수도사업소,law,수도법 제3조 지방상수도(지방자치단체가 주민에게 공급) — 용인시 상수도사업소,중처법 공중이용시설,수도법 · 시설물의 안전 및 유지관리에 관한 특별법 · 먹는물관리법,,,
WS1991-0000019,구성상수도,상하수도,지방상수도,2종,B등급,19911201,경기도 용인시 구성읍,D04,FMS,해당,시행령 별표3 제7호 가목,,N,용인시,용인시 상수도사업소,law,수도법 제3조 지방상수도(지방자치단체가 주민에게 공급) — 용인시 상수도사업소,중처법 공중이용시설,수도법 · 시설물의 안전 및 유지관리에 관한 특별법 · 먹는물관리법,,,
WS2003-0000053,용인시 지방상수도,상하수도,지방상수도,1종,B등급,20030117,경기도 용인시 모현면 매산리,D04,FMS,해당,시행령 별표3 제7호 가목,,N,용인시,용인시 상수도사업소,law,수도법 제3조 지방상수도(지방자치단체가 주민에게 공급) — 용인시 상수도사업소,중처법 공중이용시설,수도법 · 시설물의 안전 및 유지관리에 관한 특별법 · 먹는물관리법,,,
WS2005-0000091,죽전지구 상수도,상하수도,지방상수도,2종,B등급,20041229,경기도 용인시 구성읍 보정리,D04,FMS,해당,시행령 별표3 제7호 가목,,N,용인시,용인시 상수도사업소,law,수도법 제3조 지방상수도(지방자치단체가 주민에게 공급) — 용인시 상수도사업소,중처법 공중이용시설,수도법 · 시설물의 안전 및 유지관리에 관한 특별법 · 먹는물관리법,,,
WS2006-0000016,신봉상수도,상하수도,지방상수도,2종,B등급,20081027,경기도 용인시 신봉동,D04,FMS,해당,시행령 별표3 제7호 가목,,N,용인시,용인시 상수도사업소,law,수도법 제3조 지방상수도(지방자치단체가 주민에게 공급) — 용인시 상수도사업소,중처법 공중이용시설,수도법 · 시설물의 안전 및 유지관리에 관한 특별법 · 먹는물관리법,,,
WS2009-0000054,백원지역상수도시설,상하수도,지방상수도,2종,B등급,20090707,경기도 용인시 처인구 양지면,D04,FMS,해당,시행령 별표3 제7호 가목,,N,용인시,용인시 상수도사업소,law,수도법 제3조 지방상수도(지방자치단체가 주민에게 공급) — 용인시 상수도사업소,중처법 공중이용시설,수도법 · 시설물의 안전 및 유지관리에 관한 특별법 · 먹는물관리법,,,
WS2012-0000006,지방상수도(배수지-용인시),상하수도,지방상수도,2종,B등급,20110926,경기도 용인시 수지구 상현동,D04,FMS,제외,시행령 별표3 비고 21,,N,용인시,용인시 상수도사업소,law,수도법 제3조 지방상수도(지방자치단체가 주민에게 공급) — 용인시 상수도사업소,관계법령 관리시설,수도법 · 시설물의 안전 및 유지관리에 관한 특별법 · 먹는물관리법,,,
WS2013-0000050,청덕상수도,상하수도,지방상수도,2종,B등급,20090630,경기도 용인시 기흥구 청덕동,D04,FMS,해당,시행령 별표3 제7호 가목,,N,용인시,용인시 상수도사업소,law,수도법 제3조 지방상수도(지방자치단체가 주민에게 공급) — 용인시 상수도사업소,중처법 공중이용시설,수도법 · 시설물의 안전 및 유지관리에 관한 특별법 · 먹는물관리법,,,
WS2013-0000051,고기상수도,상하수도,지방상수도,2종,B등급,20110902,경기도 용인시 수지구 동천동,D04,FMS,해당,시행령 별표3 제7호 가목,,N,용인시,용인시 상수도사업소,law,수도법 제3조 지방상수도(지방자치단체가 주민에게 공급) — 용인시 상수도사업소,중처법 공중이용시설,수도법 · 시설물의 안전 및 유지관리에 관한 특별법 · 먹는물관리법,,,
WS2018-0000041,남사 상수도,상하수도,지방상수도,2종,B등급,20181208,경기도 용인시 처인구 남사면 완장리,D04,FMS,해당,시행령 별표3 제7호 가목,,N,용인시,용인시 상수도사업소,law,수도법 제3조 지방상수도(지방자치단체가 주민에게 공급) — 용인시 상수도사업소,중처법 공중이용시설,수도법 · 시설물의 안전 및 유지관리에 관한 특별법 · 먹는물관리법,,,
RS-YI-0001,관곡저수지,저수지,농업용 저수지(흙댐),,,1945,경기도 용인시 역북동 180-6,D23,공공데이터(경기도 용인시 저수지 현황 2016-07),제외,중대재해처벌법 관리대상 아님 — 시행령 별표 3 댐 기준(총저수용량 1천만 톤 이상 용수전용댐 등) 미만 · 관계법령 관리시설,,Y,용인시,용인시 농업정책과(농업기반팀),web,공공데이터포털 「경기도 용인시 저수지 현황」 · 용인시청 업무안내(농업기반시설 유지관리),관계법령 관리시설,저수지ㆍ댐의 안전관리 및 재해예방에 관한 법률,18,5,
RS-YI-0002,동진저수지,저수지,농업용 저수지(흙댐),,,1967,경기도 용인시 남동 613,D23,공공데이터(경기도 용인시 저수지 현황 2016-07),제외,중대재해처벌법 관리대상 아님 — 시행령 별표 3 댐 기준(총저수용량 1천만 톤 이상 용수전용댐 등) 미만 · 관계법령 관리시설,,Y,용인시,용인시 농업정책과(농업기반팀),web,공공데이터포털 「경기도 용인시 저수지 현황」 · 용인시청 업무안내(농업기반시설 유지관리),관계법령 관리시설,저수지ㆍ댐의 안전관리 및 재해예방에 관한 법률,19,8,
RS-YI-0003,신기저수지,저수지,농업용 저수지(흙댐),,,1968,경기도 용인시 남동 542,D23,공공데이터(경기도 용인시 저수지 현황 2016-07),제외,중대재해처벌법 관리대상 아님 — 시행령 별표 3 댐 기준(총저수용량 1천만 톤 이상 용수전용댐 등) 미만 · 관계법령 관리시설,,Y,용인시,용인시 농업정책과(농업기반팀),web,공공데이터포털 「경기도 용인시 저수지 현황」 · 용인시청 업무안내(농업기반시설 유지관리),관계법령 관리시설,저수지ㆍ댐의 안전관리 및 재해예방에 관한 법률,56,11,
RS-YI-0004,장재미저수지,저수지,농업용 저수지(흙댐),,,1945,경기도 용인시 운학동 316,D23,공공데이터(경기도 용인시 저수지 현황 2016-07),제외,중대재해처벌법 관리대상 아님 — 시행령 별표 3 댐 기준(총저수용량 1천만 톤 이상 용수전용댐 등) 미만 · 관계법령 관리시설,,Y,용인시,용인시 농업정책과(농업기반팀),web,공공데이터포털 「경기도 용인시 저수지 현황」 · 용인시청 업무안내(농업기반시설 유지관리),관계법령 관리시설,저수지ㆍ댐의 안전관리 및 재해예방에 관한 법률,6,5,
RS-YI-0005,지곡저수지,저수지,농업용 저수지(흙댐),,,1970,경기도 용인시 기흥 지곡동 71,D23,공공데이터(경기도 용인시 저수지 현황 2016-07),제외,중대재해처벌법 관리대상 아님 — 시행령 별표 3 댐 기준(총저수용량 1천만 톤 이상 용수전용댐 등) 미만 · 관계법령 관리시설,,Y,용인시,용인시 농업정책과(농업기반팀),web,공공데이터포털 「경기도 용인시 저수지 현황」 · 용인시청 업무안내(농업기반시설 유지관리),관계법령 관리시설,저수지ㆍ댐의 안전관리 및 재해예방에 관한 법률,128,10,
RS-YI-0006,성저저수지,저수지,농업용 저수지(흙댐),,,1945,경기도 용인시 포곡 마성리 402,D23,공공데이터(경기도 용인시 저수지 현황 2016-07),제외,중대재해처벌법 관리대상 아님 — 시행령 별표 3 댐 기준(총저수용량 1천만 톤 이상 용수전용댐 등) 미만 · 관계법령 관리시설,,Y,용인시,용인시 농업정책과(농업기반팀),web,공공데이터포털 「경기도 용인시 저수지 현황」 · 용인시청 업무안내(농업기반시설 유지관리),관계법령 관리시설,저수지ㆍ댐의 안전관리 및 재해예방에 관한 법률,26,10,
RS-YI-0007,마가저수지,저수지,농업용 저수지(흙댐),,,1971,경기도 용인시 포곡 마성리 578-3,D23,공공데이터(경기도 용인시 저수지 현황 2016-07),제외,중대재해처벌법 관리대상 아님 — 시행령 별표 3 댐 기준(총저수용량 1천만 톤 이상 용수전용댐 등) 미만 · 관계법령 관리시설,,Y,용인시,용인시 농업정책과(농업기반팀),web,공공데이터포털 「경기도 용인시 저수지 현황」 · 용인시청 업무안내(농업기반시설 유지관리),관계법령 관리시설,저수지ㆍ댐의 안전관리 및 재해예방에 관한 법률,4,7,
RS-YI-0008,소운저수지,저수지,농업용 저수지(흙댐),,,1970,경기도 용인시 포곡 유운리 409-2,D23,공공데이터(경기도 용인시 저수지 현황 2016-07),제외,중대재해처벌법 관리대상 아님 — 시행령 별표 3 댐 기준(총저수용량 1천만 톤 이상 용수전용댐 등) 미만 · 관계법령 관리시설,,Y,용인시,용인시 농업정책과(농업기반팀),web,공공데이터포털 「경기도 용인시 저수지 현황」 · 용인시청 업무안내(농업기반시설 유지관리),관계법령 관리시설,저수지ㆍ댐의 안전관리 및 재해예방에 관한 법률,12,5,
RS-YI-0009,유실저수지,저수지,농업용 저수지(흙댐),,,1968,경기도 용인시 포곡 유운리 455-2,D23,공공데이터(경기도 용인시 저수지 현황 2016-07),제외,중대재해처벌법 관리대상 아님 — 시행령 별표 3 댐 기준(총저수용량 1천만 톤 이상 용수전용댐 등) 미만 · 관계법령 관리시설,,Y,용인시,용인시 농업정책과(농업기반팀),web,공공데이터포털 「경기도 용인시 저수지 현황」 · 용인시청 업무안내(농업기반시설 유지관리),관계법령 관리시설,저수지ㆍ댐의 안전관리 및 재해예방에 관한 법률,25,8,
RS-YI-0010,신원저수지,저수지,농업용 저수지(흙댐),,,1969,경기도 용인시 포곡 신원리 590-1,D23,공공데이터(경기도 용인시 저수지 현황 2016-07),제외,중대재해처벌법 관리대상 아님 — 시행령 별표 3 댐 기준(총저수용량 1천만 톤 이상 용수전용댐 등) 미만 · 관계법령 관리시설,,Y,용인시,용인시 농업정책과(농업기반팀),web,공공데이터포털 「경기도 용인시 저수지 현황」 · 용인시청 업무안내(농업기반시설 유지관리),관계법령 관리시설,저수지ㆍ댐의 안전관리 및 재해예방에 관한 법률,30,11,
RS-YI-0011,갈담저수지,저수지,농업용 저수지(흙댐),,,1975,경기도 용인시 모현 갈담리 109-2,D23,공공데이터(경기도 용인시 저수지 현황 2016-07),제외,중대재해처벌법 관리대상 아님 — 시행령 별표 3 댐 기준(총저수용량 1천만 톤 이상 용수전용댐 등) 미만 · 관계법령 관리시설,,Y,용인시,용인시 농업정책과(농업기반팀),web,공공데이터포털 「경기도 용인시 저수지 현황」 · 용인시청 업무안내(농업기반시설 유지관리),관계법령 관리시설,저수지ㆍ댐의 안전관리 및 재해예방에 관한 법률,98,15,
RS-YI-0012,동산저수지,저수지,농업용 저수지(흙댐),,,1945,경기도 용인시 모현 동림리 283,D23,공공데이터(경기도 용인시 저수지 현황 2016-07),제외,중대재해처벌법 관리대상 아님 — 시행령 별표 3 댐 기준(총저수용량 1천만 톤 이상 용수전용댐 등) 미만 · 관계법령 관리시설,,Y,용인시,용인시 농업정책과(농업기반팀),web,공공데이터포털 「경기도 용인시 저수지 현황」 · 용인시청 업무안내(농업기반시설 유지관리),관계법령 관리시설,저수지ㆍ댐의 안전관리 및 재해예방에 관한 법률,10,10,
RS-YI-0013,삼마곡저수지,저수지,농업용 저수지(흙댐),,,1945,경기도 용인시 기흥 보정동 1058-6,D23,공공데이터(경기도 용인시 저수지 현황 2016-07),제외,중대재해처벌법 관리대상 아님 — 시행령 별표 3 댐 기준(총저수용량 1천만 톤 이상 용수전용댐 등) 미만 · 관계법령 관리시설,,Y,용인시,용인시 농업정책과(농업기반팀),web,공공데이터포털 「경기도 용인시 저수지 현황」 · 용인시청 업무안내(농업기반시설 유지관리),관계법령 관리시설,저수지ㆍ댐의 안전관리 및 재해예방에 관한 법률,11,10,
RS-YI-0014,북리저수지,저수지,농업용 저수지(흙댐),,,1973,경기도 용인시 남사 북리 2-4,D23,공공데이터(경기도 용인시 저수지 현황 2016-07),제외,중대재해처벌법 관리대상 아님 — 시행령 별표 3 댐 기준(총저수용량 1천만 톤 이상 용수전용댐 등) 미만 · 관계법령 관리시설,,Y,용인시,용인시 농업정책과(농업기반팀),web,공공데이터포털 「경기도 용인시 저수지 현황」 · 용인시청 업무안내(농업기반시설 유지관리),관계법령 관리시설,저수지ㆍ댐의 안전관리 및 재해예방에 관한 법률,34,9,
RS-YI-0015,동막저수지,저수지,농업용 저수지(흙댐),,,1973,경기도 용인시 남사 통삼리 646-15,D23,공공데이터(경기도 용인시 저수지 현황 2016-07),제외,중대재해처벌법 관리대상 아님 — 시행령 별표 3 댐 기준(총저수용량 1천만 톤 이상 용수전용댐 등) 미만 · 관계법령 관리시설,,Y,용인시,용인시 농업정책과(농업기반팀),web,공공데이터포털 「경기도 용인시 저수지 현황」 · 용인시청 업무안내(농업기반시설 유지관리),관계법령 관리시설,저수지ㆍ댐의 안전관리 및 재해예방에 관한 법률,17,9,
RS-YI-0016,통삼저수지,저수지,농업용 저수지(흙댐),,,1966,경기도 용인시 남사 통삼리 51,D23,공공데이터(경기도 용인시 저수지 현황 2016-07),제외,중대재해처벌법 관리대상 아님 — 시행령 별표 3 댐 기준(총저수용량 1천만 톤 이상 용수전용댐 등) 미만 · 관계법령 관리시설,,Y,용인시,용인시 농업정책과(농업기반팀),web,공공데이터포털 「경기도 용인시 저수지 현황」 · 용인시청 업무안내(농업기반시설 유지관리),관계법령 관리시설,저수지ㆍ댐의 안전관리 및 재해예방에 관한 법률,26,9,
RS-YI-0017,방아(방축)저수지,저수지,농업용 저수지(흙댐),,,1967,경기도 용인시 남사 방아리 20-2,D23,공공데이터(경기도 용인시 저수지 현황 2016-07),제외,중대재해처벌법 관리대상 아님 — 시행령 별표 3 댐 기준(총저수용량 1천만 톤 이상 용수전용댐 등) 미만 · 관계법령 관리시설,,Y,용인시,용인시 농업정책과(농업기반팀),web,공공데이터포털 「경기도 용인시 저수지 현황」 · 용인시청 업무안내(농업기반시설 유지관리),관계법령 관리시설,저수지ㆍ댐의 안전관리 및 재해예방에 관한 법률,45,11,
RS-YI-0018,월곡1호저수지,저수지,농업용 저수지(흙댐),,,1971,경기도 용인시 남사 창리 470-1,D23,공공데이터(경기도 용인시 저수지 현황 2016-07),제외,중대재해처벌법 관리대상 아님 — 시행령 별표 3 댐 기준(총저수용량 1천만 톤 이상 용수전용댐 등) 미만 · 관계법령 관리시설,,Y,용인시,용인시 농업정책과(농업기반팀),web,공공데이터포털 「경기도 용인시 저수지 현황」 · 용인시청 업무안내(농업기반시설 유지관리),관계법령 관리시설,저수지ㆍ댐의 안전관리 및 재해예방에 관한 법률,10,8,
RS-YI-0019,창리저수지,저수지,농업용 저수지(흙댐),,,1971,경기도 용인시 남사 창리 356-3,D23,공공데이터(경기도 용인시 저수지 현황 2016-07),제외,중대재해처벌법 관리대상 아님 — 시행령 별표 3 댐 기준(총저수용량 1천만 톤 이상 용수전용댐 등) 미만 · 관계법령 관리시설,,Y,용인시,용인시 농업정책과(농업기반팀),web,공공데이터포털 「경기도 용인시 저수지 현황」 · 용인시청 업무안내(농업기반시설 유지관리),관계법령 관리시설,저수지ㆍ댐의 안전관리 및 재해예방에 관한 법률,221,10,대상
RS-YI-0020,아곡1호저수지,저수지,농업용 저수지(흙댐),,,1969,경기도 용인시 남사 아곡리 산30-3,D23,공공데이터(경기도 용인시 저수지 현황 2016-07),제외,중대재해처벌법 관리대상 아님 — 시행령 별표 3 댐 기준(총저수용량 1천만 톤 이상 용수전용댐 등) 미만 · 관계법령 관리시설,,Y,용인시,용인시 농업정책과(농업기반팀),web,공공데이터포털 「경기도 용인시 저수지 현황」 · 용인시청 업무안내(농업기반시설 유지관리),관계법령 관리시설,저수지ㆍ댐의 안전관리 및 재해예방에 관한 법률,28,12,
RS-YI-0021,완장1호저수지,저수지,농업용 저수지(흙댐),,,1970,경기도 용인시 남사 완장리 401-1,D23,공공데이터(경기도 용인시 저수지 현황 2016-07),제외,중대재해처벌법 관리대상 아님 — 시행령 별표 3 댐 기준(총저수용량 1천만 톤 이상 용수전용댐 등) 미만 · 관계법령 관리시설,,Y,용인시,용인시 농업정책과(농업기반팀),web,공공데이터포털 「경기도 용인시 저수지 현황」 · 용인시청 업무안내(농업기반시설 유지관리),관계법령 관리시설,저수지ㆍ댐의 안전관리 및 재해예방에 관한 법률,139,11,
RS-YI-0022,완장2호저수지,저수지,농업용 저수지(흙댐),,,1973,경기도 용인시 남사 완장리 118-2,D23,공공데이터(경기도 용인시 저수지 현황 2016-07),제외,중대재해처벌법 관리대상 아님 — 시행령 별표 3 댐 기준(총저수용량 1천만 톤 이상 용수전용댐 등) 미만 · 관계법령 관리시설,,Y,용인시,용인시 농업정책과(농업기반팀),web,공공데이터포털 「경기도 용인시 저수지 현황」 · 용인시청 업무안내(농업기반시설 유지관리),관계법령 관리시설,저수지ㆍ댐의 안전관리 및 재해예방에 관한 법률,86,11,
RS-YI-0023,상동저수지,저수지,농업용 저수지(흙댐),,,1945,경기도 용인시 남사 완장리 82-5,D23,공공데이터(경기도 용인시 저수지 현황 2016-07),제외,중대재해처벌법 관리대상 아님 — 시행령 별표 3 댐 기준(총저수용량 1천만 톤 이상 용수전용댐 등) 미만 · 관계법령 관리시설,,Y,용인시,용인시 농업정책과(농업기반팀),web,공공데이터포털 「경기도 용인시 저수지 현황」 · 용인시청 업무안내(농업기반시설 유지관리),관계법령 관리시설,저수지ㆍ댐의 안전관리 및 재해예방에 관한 법률,5,6,
RS-YI-0024,당아저수지,저수지,농업용 저수지(흙댐),,,1945,경기도 용인시 남사 북리 543,D23,공공데이터(경기도 용인시 저수지 현황 2016-07),제외,중대재해처벌법 관리대상 아님 — 시행령 별표 3 댐 기준(총저수용량 1천만 톤 이상 용수전용댐 등) 미만 · 관계법령 관리시설,,Y,용인시,용인시 농업정책과(농업기반팀),web,공공데이터포털 「경기도 용인시 저수지 현황」 · 용인시청 업무안내(농업기반시설 유지관리),관계법령 관리시설,저수지ㆍ댐의 안전관리 및 재해예방에 관한 법률,5,5,
RS-YI-0025,월곡2호저수지,저수지,농업용 저수지(흙댐),,,1945,경기도 용인시 남사 창리 450,D23,공공데이터(경기도 용인시 저수지 현황 2016-07),제외,중대재해처벌법 관리대상 아님 — 시행령 별표 3 댐 기준(총저수용량 1천만 톤 이상 용수전용댐 등) 미만 · 관계법령 관리시설,,Y,용인시,용인시 농업정책과(농업기반팀),web,공공데이터포털 「경기도 용인시 저수지 현황」 · 용인시청 업무안내(농업기반시설 유지관리),관계법령 관리시설,저수지ㆍ댐의 안전관리 및 재해예방에 관한 법률,7,8,
RS-YI-0026,요덕저수지,저수지,농업용 저수지(흙댐),,,1945,경기도 용인시 이동 송전리 48-1,D23,공공데이터(경기도 용인시 저수지 현황 2016-07),제외,중대재해처벌법 관리대상 아님 — 시행령 별표 3 댐 기준(총저수용량 1천만 톤 이상 용수전용댐 등) 미만 · 관계법령 관리시설,,Y,용인시,용인시 농업정책과(농업기반팀),web,공공데이터포털 「경기도 용인시 저수지 현황」 · 용인시청 업무안내(농업기반시설 유지관리),관계법령 관리시설,저수지ㆍ댐의 안전관리 및 재해예방에 관한 법률,27,7,
RS-YI-0027,수역저수지,저수지,농업용 저수지(흙댐),,,1945,경기도 용인시 이동 어비리 861-1,D23,공공데이터(경기도 용인시 저수지 현황 2016-07),제외,중대재해처벌법 관리대상 아님 — 시행령 별표 3 댐 기준(총저수용량 1천만 톤 이상 용수전용댐 등) 미만 · 관계법령 관리시설,,Y,용인시,용인시 농업정책과(농업기반팀),web,공공데이터포털 「경기도 용인시 저수지 현황」 · 용인시청 업무안내(농업기반시설 유지관리),관계법령 관리시설,저수지ㆍ댐의 안전관리 및 재해예방에 관한 법률,15,8,
RS-YI-0028,장율저수지,저수지,농업용 저수지(흙댐),,,1945,경기도 용인시 이동 어비리 1462-2,D23,공공데이터(경기도 용인시 저수지 현황 2016-07),제외,중대재해처벌법 관리대상 아님 — 시행령 별표 3 댐 기준(총저수용량 1천만 톤 이상 용수전용댐 등) 미만 · 관계법령 관리시설,,Y,용인시,용인시 농업정책과(농업기반팀),web,공공데이터포털 「경기도 용인시 저수지 현황」 · 용인시청 업무안내(농업기반시설 유지관리),관계법령 관리시설,저수지ㆍ댐의 안전관리 및 재해예방에 관한 법률,16,7,
RS-YI-0029,중리저수지,저수지,농업용 저수지(흙댐),,,1969,경기도 용인시 이동 묘봉리 137,D23,공공데이터(경기도 용인시 저수지 현황 2016-07),제외,중대재해처벌법 관리대상 아님 — 시행령 별표 3 댐 기준(총저수용량 1천만 톤 이상 용수전용댐 등) 미만 · 관계법령 관리시설,,Y,용인시,용인시 농업정책과(농업기반팀),web,공공데이터포털 「경기도 용인시 저수지 현황」 · 용인시청 업무안내(농업기반시설 유지관리),관계법령 관리시설,저수지ㆍ댐의 안전관리 및 재해예방에 관한 법률,86,8,
RS-YI-0030,하리저수지,저수지,농업용 저수지(흙댐),,,1969,경기도 용인시 이동 묘봉리 797,D23,공공데이터(경기도 용인시 저수지 현황 2016-07),제외,중대재해처벌법 관리대상 아님 — 시행령 별표 3 댐 기준(총저수용량 1천만 톤 이상 용수전용댐 등) 미만 · 관계법령 관리시설,,Y,용인시,용인시 농업정책과(농업기반팀),web,공공데이터포털 「경기도 용인시 저수지 현황」 · 용인시청 업무안내(농업기반시설 유지관리),관계법령 관리시설,저수지ㆍ댐의 안전관리 및 재해예방에 관한 법률,11,7,
RS-YI-0031,요산저수지,저수지,농업용 저수지(흙댐),,,1945,경기도 용인시 이동 화산리 30,D23,공공데이터(경기도 용인시 저수지 현황 2016-07),제외,중대재해처벌법 관리대상 아님 — 시행령 별표 3 댐 기준(총저수용량 1천만 톤 이상 용수전용댐 등) 미만 · 관계법령 관리시설,,Y,용인시,용인시 농업정책과(농업기반팀),web,공공데이터포털 「경기도 용인시 저수지 현황」 · 용인시청 업무안내(농업기반시설 유지관리),관계법령 관리시설,저수지ㆍ댐의 안전관리 및 재해예방에 관한 법률,2,5,
RS-YI-0032,화산저수지,저수지,농업용 저수지(흙댐),,,1968,경기도 용인시 이동 화산리 160,D23,공공데이터(경기도 용인시 저수지 현황 2016-07),제외,중대재해처벌법 관리대상 아님 — 시행령 별표 3 댐 기준(총저수용량 1천만 톤 이상 용수전용댐 등) 미만 · 관계법령 관리시설,,Y,용인시,용인시 농업정책과(농업기반팀),web,공공데이터포털 「경기도 용인시 저수지 현황」 · 용인시청 업무안내(농업기반시설 유지관리),관계법령 관리시설,저수지ㆍ댐의 안전관리 및 재해예방에 관한 법률,51,8,
RS-YI-0033,안악골저수지,저수지,농업용 저수지(흙댐),,,1945,경기도 용인시 이동 시미리 235,D23,공공데이터(경기도 용인시 저수지 현황 2016-07),제외,중대재해처벌법 관리대상 아님 — 시행령 별표 3 댐 기준(총저수용량 1천만 톤 이상 용수전용댐 등) 미만 · 관계법령 관리시설,,Y,용인시,용인시 농업정책과(농업기반팀),web,공공데이터포털 「경기도 용인시 저수지 현황」 · 용인시청 업무안내(농업기반시설 유지관리),관계법령 관리시설,저수지ㆍ댐의 안전관리 및 재해예방에 관한 법률,7,7,
RS-YI-0034,시미곡저수지,저수지,농업용 저수지(흙댐),,,1968,경기도 용인시 이동 시미리 4-2,D23,공공데이터(경기도 용인시 저수지 현황 2016-07),제외,중대재해처벌법 관리대상 아님 — 시행령 별표 3 댐 기준(총저수용량 1천만 톤 이상 용수전용댐 등) 미만 · 관계법령 관리시설,,Y,용인시,용인시 농업정책과(농업기반팀),web,공공데이터포털 「경기도 용인시 저수지 현황」 · 용인시청 업무안내(농업기반시설 유지관리),관계법령 관리시설,저수지ㆍ댐의 안전관리 및 재해예방에 관한 법률,7,8,
RS-YI-0035,상덕저수지,저수지,농업용 저수지(흙댐),,,1970,경기도 용인시 이동 서리 825-4,D23,공공데이터(경기도 용인시 저수지 현황 2016-07),제외,중대재해처벌법 관리대상 아님 — 시행령 별표 3 댐 기준(총저수용량 1천만 톤 이상 용수전용댐 등) 미만 · 관계법령 관리시설,,Y,용인시,용인시 농업정책과(농업기반팀),web,공공데이터포털 「경기도 용인시 저수지 현황」 · 용인시청 업무안내(농업기반시설 유지관리),관계법령 관리시설,저수지ㆍ댐의 안전관리 및 재해예방에 관한 법률,32,12,
RS-YI-0036,맹리저수지,저수지,농업용 저수지(흙댐),,,1977,경기도 용인시 원삼 맹리 16,D23,공공데이터(경기도 용인시 저수지 현황 2016-07),제외,중대재해처벌법 관리대상 아님 — 시행령 별표 3 댐 기준(총저수용량 1천만 톤 이상 용수전용댐 등) 미만 · 관계법령 관리시설,,Y,용인시,용인시 농업정책과(농업기반팀),web,공공데이터포털 「경기도 용인시 저수지 현황」 · 용인시청 업무안내(농업기반시설 유지관리),관계법령 관리시설,저수지ㆍ댐의 안전관리 및 재해예방에 관한 법률,50,12,
RS-YI-0037,좌항1호저수지,저수지,농업용 저수지(흙댐),,,1973,경기도 용인시 원삼 좌항리 227-1,D23,공공데이터(경기도 용인시 저수지 현황 2016-07),제외,중대재해처벌법 관리대상 아님 — 시행령 별표 3 댐 기준(총저수용량 1천만 톤 이상 용수전용댐 등) 미만 · 관계법령 관리시설,,Y,용인시,용인시 농업정책과(농업기반팀),web,공공데이터포털 「경기도 용인시 저수지 현황」 · 용인시청 업무안내(농업기반시설 유지관리),관계법령 관리시설,저수지ㆍ댐의 안전관리 및 재해예방에 관한 법률,10,11,
RS-YI-0038,좌항2호저수지,저수지,농업용 저수지(흙댐),,,1945,경기도 용인시 원삼 좌항리 14-4,D23,공공데이터(경기도 용인시 저수지 현황 2016-07),제외,중대재해처벌법 관리대상 아님 — 시행령 별표 3 댐 기준(총저수용량 1천만 톤 이상 용수전용댐 등) 미만 · 관계법령 관리시설,,Y,용인시,용인시 농업정책과(농업기반팀),web,공공데이터포털 「경기도 용인시 저수지 현황」 · 용인시청 업무안내(농업기반시설 유지관리),관계법령 관리시설,저수지ㆍ댐의 안전관리 및 재해예방에 관한 법률,25,8,
RS-YI-0039,후동저수지,저수지,농업용 저수지(흙댐),,,1945,경기도 용인시 원삼 목신리 817,D23,공공데이터(경기도 용인시 저수지 현황 2016-07),제외,중대재해처벌법 관리대상 아님 — 시행령 별표 3 댐 기준(총저수용량 1천만 톤 이상 용수전용댐 등) 미만 · 관계법령 관리시설,,Y,용인시,용인시 농업정책과(농업기반팀),web,공공데이터포털 「경기도 용인시 저수지 현황」 · 용인시청 업무안내(농업기반시설 유지관리),관계법령 관리시설,저수지ㆍ댐의 안전관리 및 재해예방에 관한 법률,16,8,
RS-YI-0040,학일1호저수지,저수지,농업용 저수지(흙댐),,,1970,경기도 용인시 원삼 학일리 104,D23,공공데이터(경기도 용인시 저수지 현황 2016-07),제외,중대재해처벌법 관리대상 아님 — 시행령 별표 3 댐 기준(총저수용량 1천만 톤 이상 용수전용댐 등) 미만 · 관계법령 관리시설,,Y,용인시,용인시 농업정책과(농업기반팀),web,공공데이터포털 「경기도 용인시 저수지 현황」 · 용인시청 업무안내(농업기반시설 유지관리),관계법령 관리시설,저수지ㆍ댐의 안전관리 및 재해예방에 관한 법률,84,10,
RS-YI-0041,학일2호저수지,저수지,농업용 저수지(흙댐),,,1981,경기도 용인시 원삼 학일리 산37-3,D23,공공데이터(경기도 용인시 저수지 현황 2016-07),제외,중대재해처벌법 관리대상 아님 — 시행령 별표 3 댐 기준(총저수용량 1천만 톤 이상 용수전용댐 등) 미만 · 관계법령 관리시설,,Y,용인시,용인시 농업정책과(농업기반팀),web,공공데이터포털 「경기도 용인시 저수지 현황」 · 용인시청 업무안내(농업기반시설 유지관리),관계법령 관리시설,저수지ㆍ댐의 안전관리 및 재해예방에 관한 법률,258,15,대상
RS-YI-0042,아곡저수지,저수지,농업용 저수지(흙댐),,,1945,경기도 용인시 백암 고안리 산153,D23,공공데이터(경기도 용인시 저수지 현황 2016-07),제외,중대재해처벌법 관리대상 아님 — 시행령 별표 3 댐 기준(총저수용량 1천만 톤 이상 용수전용댐 등) 미만 · 관계법령 관리시설,,Y,용인시,용인시 농업정책과(농업기반팀),web,공공데이터포털 「경기도 용인시 저수지 현황」 · 용인시청 업무안내(농업기반시설 유지관리),관계법령 관리시설,저수지ㆍ댐의 안전관리 및 재해예방에 관한 법률,30,8,
RS-YI-0043,가리산저수지,저수지,농업용 저수지(흙댐),,,1945,경기도 용인시 백암 근삼리 422,D23,공공데이터(경기도 용인시 저수지 현황 2016-07),제외,중대재해처벌법 관리대상 아님 — 시행령 별표 3 댐 기준(총저수용량 1천만 톤 이상 용수전용댐 등) 미만 · 관계법령 관리시설,,Y,용인시,용인시 농업정책과(농업기반팀),web,공공데이터포털 「경기도 용인시 저수지 현황」 · 용인시청 업무안내(농업기반시설 유지관리),관계법령 관리시설,저수지ㆍ댐의 안전관리 및 재해예방에 관한 법률,22,10,
RS-YI-0044,구백암저수지,저수지,농업용 저수지(흙댐),,,1945,경기도 용인시 백암 가창리 374,D23,공공데이터(경기도 용인시 저수지 현황 2016-07),제외,중대재해처벌법 관리대상 아님 — 시행령 별표 3 댐 기준(총저수용량 1천만 톤 이상 용수전용댐 등) 미만 · 관계법령 관리시설,,Y,용인시,용인시 농업정책과(농업기반팀),web,공공데이터포털 「경기도 용인시 저수지 현황」 · 용인시청 업무안내(농업기반시설 유지관리),관계법령 관리시설,저수지ㆍ댐의 안전관리 및 재해예방에 관한 법률,9,10,
RS-YI-0045,남곡저수지,저수지,농업용 저수지(흙댐),,,1973,경기도 용인시 양지 남곡리 37-2,D23,공공데이터(경기도 용인시 저수지 현황 2016-07),제외,중대재해처벌법 관리대상 아님 — 시행령 별표 3 댐 기준(총저수용량 1천만 톤 이상 용수전용댐 등) 미만 · 관계법령 관리시설,,Y,용인시,용인시 농업정책과(농업기반팀),web,공공데이터포털 「경기도 용인시 저수지 현황」 · 용인시청 업무안내(농업기반시설 유지관리),관계법령 관리시설,저수지ㆍ댐의 안전관리 및 재해예방에 관한 법률,11,8,
RS-YI-0046,평창저수지,저수지,농업용 저수지(흙댐),,,1945,경기도 용인시 양지 평창리 537-1,D23,공공데이터(경기도 용인시 저수지 현황 2016-07),제외,중대재해처벌법 관리대상 아님 — 시행령 별표 3 댐 기준(총저수용량 1천만 톤 이상 용수전용댐 등) 미만 · 관계법령 관리시설,,Y,용인시,용인시 농업정책과(농업기반팀),web,공공데이터포털 「경기도 용인시 저수지 현황」 · 용인시청 업무안내(농업기반시설 유지관리),관계법령 관리시설,저수지ㆍ댐의 안전관리 및 재해예방에 관한 법률,69,9,
RS-YI-0047,대대저수지,저수지,농업용 저수지(흙댐),,,1976,경기도 용인시 양지 대대리 554-1,D23,공공데이터(경기도 용인시 저수지 현황 2016-07),제외,중대재해처벌법 관리대상 아님 — 시행령 별표 3 댐 기준(총저수용량 1천만 톤 이상 용수전용댐 등) 미만 · 관계법령 관리시설,,Y,용인시,용인시 농업정책과(농업기반팀),web,공공데이터포털 「경기도 용인시 저수지 현황」 · 용인시청 업무안내(농업기반시설 유지관리),관계법령 관리시설,저수지ㆍ댐의 안전관리 및 재해예방에 관한 법률,195,10,경계
RS-YI-0048,정수리저수지,저수지,농업용 저수지(흙댐),,,1991,경기도 용인시 양지 정수리 8-3,D23,공공데이터(경기도 용인시 저수지 현황 2016-07),제외,중대재해처벌법 관리대상 아님 — 시행령 별표 3 댐 기준(총저수용량 1천만 톤 이상 용수전용댐 등) 미만 · 관계법령 관리시설,,Y,용인시,용인시 농업정책과(농업기반팀),web,공공데이터포털 「경기도 용인시 저수지 현황」 · 용인시청 업무안내(농업기반시설 유지관리),관계법령 관리시설,저수지ㆍ댐의 안전관리 및 재해예방에 관한 법률,44,12,
